"pokemon_species_id","identifier","ja_hrkt","ja_roma","ko","zh_hant","fr","de","es","it","en","ja","zh_hans"
"1","bulbasaur","たねポケモン",,"씨앗포켓몬","種子寶可夢","Pokémon Graine","Samen-Pokémon","Pokémon Semilla","Pokémon Seme","Seed Pokémon","たねポケモン","种子宝可梦"
"2","ivysaur","たねポケモン",,"씨앗포켓몬","種子寶可夢","Pokémon Graine","Samen-Pokémon","Pokémon Semilla","Pokémon Seme","Seed Pokémon","たねポケモン","种子宝可梦"
"3","venusaur","たねポケモン",,"씨앗포켓몬","種子寶可夢","Pokémon Graine","Samen-Pokémon","Pokémon Semilla","Pokémon Seme","Seed Pokémon","たねポケモン","种子宝可梦"
"4","charmander","とかげポケモン",,"도롱뇽포켓몬","蜥蜴寶可夢","Pokémon Lézard","Echsen-Pokémon","Pokémon Lagartija","Pokémon Lucertola","Lizard Pokémon","とかげポケモン","蜥蜴宝可梦"
"5","charmeleon","かえんポケモン",,"화염포켓몬","火焰寶可夢","Pokémon Flamme","Flammen-Pokémon","Pokémon Llama","Pokémon Fiamma","Flame Pokémon","かえんポケモン","火焰宝可梦"
"6","charizard","かえんポケモン",,"화염포켓몬","火焰寶可夢","Pokémon Flamme","Flammen-Pokémon","Pokémon Llama","Pokémon Fiamma","Flame Pokémon","かえんポケモン","火焰宝可梦"
"7","squirtle","かめのこポケモン",,"꼬마거북포켓몬","小龜寶可夢","Pokémon Minitortue","Minikröten-Pokémon","Pokémon Tortuguita","Pokémon Tartaghina","Tiny Turtle Pokémon","かめのこポケモン","小龟宝可梦"
"8","wartortle","かめポケモン",,"거북포켓몬","龜寶可夢","Pokémon Tortue","Kröten-Pokémon","Pokémon Tortuga","Pokémon Tartaruga","Turtle Pokémon","かめポケモン","龟宝可梦"
"9","blastoise","こうらポケモン",,"껍질포켓몬","甲殼寶可夢","Pokémon Carapace","Panzertier-Pokémon","Pokémon Armazón","Pokémon Crostaceo","Shellfish Pokémon","こうらポケモン","甲壳宝可梦"
"10","caterpie","いもむしポケモン",,"애벌레포켓몬","蟲寶寶寶可夢","Pokémon Ver","Wurm-Pokémon","Pokémon Gusano","Pokémon Baco","Worm Pokémon","いもむしポケモン","虫宝宝宝可梦"
"11","metapod","さなぎポケモン",,"번데기포켓몬","蛹寶可夢","Pokémon Cocon","Kokon-Pokémon","Pokémon Capullo","Pokémon Bozzolo","Cocoon Pokémon","さなぎポケモン","蛹宝可梦"
"12","butterfree","ちょうちょポケモン",,"나비포켓몬","蝴蝶寶可夢","Pokémon Papillon","Falter-Pokémon","Pokémon Mariposa","Pokémon Farfalla","Butterfly Pokémon","ちょうちょポケモン","蝴蝶宝可梦"
"13","weedle","けむしポケモン",,"송충이포켓몬","毛毛蟲寶可夢","Pokémon Insectopic","Raupe","Pokémon Oruga","Pokémon Millepiedi","Hairy Bug Pokémon","けむしポケモン","毛毛虫宝可梦"
"14","kakuna","さなぎポケモン",,"번데기포켓몬","蛹寶可夢","Pokémon Cocon","Kokon","Pokémon Capullo","Pokémon Bozzolo","Cocoon Pokémon","さなぎポケモン","蛹宝可梦"
"15","beedrill","どくばちポケモン",,"독벌포켓몬","毒蜂寶可夢","Pokémon Guêpoison","Giftbiene","Pokémon Abeja Veneno","Pokémon Velenape","Poison Bee Pokémon","どくばちポケモン","毒蜂宝可梦"
"16","pidgey","ことりポケモン",,"아기새포켓몬","小鳥寶可夢","Pokémon Minoiseau","Kleinvogel","Pokémon Pajarito","Pokémon Uccellino","Tiny Bird Pokémon","ことりポケモン","小鸟宝可梦"
"17","pidgeotto","とりポケモン",,"새포켓몬","鳥寶可夢","Pokémon Oiseau","Vogel","Pokémon Pájaro","Pokémon Uccello","Bird Pokémon","とりポケモン","鸟宝可梦"
"18","pidgeot","とりポケモン",,"새포켓몬","鳥寶可夢","Pokémon Oiseau","Vogel","Pokémon Pájaro","Pokémon Uccello","Bird Pokémon","とりポケモン","鸟宝可梦"
"19","rattata","ねずみポケモン",,"쥐포켓몬","鼠寶可夢","Pokémon Souris","Maus","Pokémon Ratón","Pokémon Topo","Mouse Pokémon","ねずみポケモン","鼠宝可梦"
"20","raticate","ねずみポケモン",,"쥐포켓몬","鼠寶可夢","Pokémon Souris","Maus","Pokémon Ratón","Pokémon Topo","Mouse Pokémon","ねずみポケモン","鼠宝可梦"
"21","spearow","ことりポケモン",,"아기새포켓몬","小鳥寶可夢","Pokémon Minoiseau","Kleinvogel","Pokémon Pajarito","Pokémon Uccellino","Tiny Bird Pokémon","ことりポケモン","小鸟宝可梦"
"22","fearow","くちばしポケモン",,"부리포켓몬","鳥嘴寶可夢","Pokémon Bec-Oiseau","Pickvogel","Pokémon Pico","Pokémon Becco","Beak Pokémon","くちばしポケモン","鸟嘴宝可梦"
"23","ekans","へびポケモン",,"뱀포켓몬","蛇寶可夢","Pokémon Serpent","Schlange","Pokémon Serpiente","Pokémon Serpente","Snake Pokémon","へびポケモン","蛇宝可梦"
"24","arbok","コブラポケモン",,"코브라포켓몬","眼鏡蛇寶可夢","Pokémon Cobra","Kobra","Pokémon Cobra","Pokémon Cobra","Cobra Pokémon","コブラポケモン","眼镜蛇宝可梦"
"25","pikachu","ねずみポケモン",,"쥐포켓몬","鼠寶可夢","Pokémon Souris","Maus-Pokémon","Pokémon Ratón","Pokémon Topo","Mouse Pokémon","ねずみポケモン","鼠宝可梦"
"26","raichu","ねずみポケモン",,"쥐포켓몬","鼠寶可夢","Pokémon Souris","Maus-Pokémon","Pokémon Ratón","Pokémon Topo","Mouse Pokémon","ねずみポケモン","鼠宝可梦"
"27","sandshrew","ねずみポケモン",,"쥐포켓몬","鼠寶可夢","Pokémon Souris","Maus-Pokémon","Pokémon Ratón","Pokémon Topo","Mouse Pokémon","ねずみポケモン","鼠宝可梦"
"28","sandslash","ねずみポケモン",,"쥐포켓몬","鼠寶可夢","Pokémon Souris","Maus-Pokémon","Pokémon Ratón","Pokémon Topo","Mouse Pokémon","ねずみポケモン","鼠宝可梦"
"29","nidoran-f","どくばりポケモン",,"독침포켓몬","毒針寶可夢","Pokémon Vénépic","Giftdorn-Pokémon","Pokémon Pin Veneno","Pokémon Velenago","Poison Pin Pokémon","どくばりポケモン","毒针宝可梦"
"30","nidorina","どくばりポケモン",,"독침포켓몬","毒針寶可夢","Pokémon Vénépic","Giftdorn-Pokémon","Pokémon Pin Veneno","Pokémon Velenago","Poison Pin Pokémon","どくばりポケモン","毒针宝可梦"
"31","nidoqueen","ドリルポケモン",,"드릴포켓몬","鑽錐寶可夢","Pokémon Perceur","Bohrer-Pokémon","Pokémon Taladro","Pokémon Trapano","Drill Pokémon","ドリルポケモン","钻锥宝可梦"
"32","nidoran-m","どくばりポケモン",,"독침포켓몬","毒針寶可夢","Pokémon Vénépic","Giftdorn-Pokémon","Pokémon Pin Veneno","Pokémon Velenago","Poison Pin Pokémon","どくばりポケモン","毒针宝可梦"
"33","nidorino","どくばりポケモン",,"독침포켓몬","毒針寶可夢","Pokémon Vénépic","Giftdorn-Pokémon","Pokémon Pin Veneno","Pokémon Velenago","Poison Pin Pokémon","どくばりポケモン","毒针宝可梦"
"34","nidoking","ドリルポケモン",,"드릴포켓몬","鑽錐寶可夢","Pokémon Perceur","Bohrer-Pokémon","Pokémon Taladro","Pokémon Trapano","Drill Pokémon","ドリルポケモン","钻锥宝可梦"
"35","clefairy","ようせいポケモン",,"요정포켓몬","妖精寶可夢","Pokémon Fée","Feen-Pokémon","Pokémon Hada","Pokémon Fata","Fairy Pokémon","ようせいポケモン","妖精宝可梦"
"36","clefable","ようせいポケモン",,"요정포켓몬","妖精寶可夢","Pokémon Fée","Feen-Pokémon","Pokémon Hada","Pokémon Fata","Fairy Pokémon","ようせいポケモン","妖精宝可梦"
"37","vulpix","きつねポケモン",,"여우포켓몬","狐狸寶可夢","Pokémon Renard","Fuchs-Pokémon","Pokémon Zorro","Pokémon Volpe","Fox Pokémon","きつねポケモン","狐狸宝可梦"
"38","ninetales","きつねポケモン",,"여우포켓몬","狐狸寶可夢","Pokémon Renard","Fuchs-Pokémon","Pokémon Zorro","Pokémon Volpe","Fox Pokémon","きつねポケモン","狐狸宝可梦"
"39","jigglypuff","ふうせんポケモン",,"풍선포켓몬","氣球寶可夢","Pokémon Bouboule","Ballon-Pokémon","Pokémon Globo","Pokémon Pallone","Balloon Pokémon","ふうせんポケモン","气球宝可梦"
"40","wigglytuff","ふうせんポケモン",,"풍선포켓몬","氣球寶可夢","Pokémon Bouboule","Ballon-Pokémon","Pokémon Globo","Pokémon Pallone","Balloon Pokémon","ふうせんポケモン","气球宝可梦"
"41","zubat","こうもりポケモン",,"박쥐포켓몬","蝙蝠寶可夢","Pokémon Chovsouris","Fledermaus-Pokémon","Pokémon Murciélago","Pokémon Pipistrello","Bat Pokémon","こうもりポケモン","蝙蝠宝可梦"
"42","golbat","こうもりポケモン",,"박쥐포켓몬","蝙蝠寶可夢","Pokémon Chovsouris","Fledermaus-Pokémon","Pokémon Murciélago","Pokémon Pipistrello","Bat Pokémon","こうもりポケモン","蝙蝠宝可梦"
"43","oddish","ざっそうポケモン",,"잡초포켓몬","雜草寶可夢","Pokémon Racine","Unkraut-Pokémon","Pokémon Hierbajo","Pokémon Malerba","Weed Pokémon","ざっそうポケモン","杂草宝可梦"
"44","gloom","ざっそうポケモン",,"잡초포켓몬","雜草寶可夢","Pokémon Racine","Unkraut-Pokémon","Pokémon Hierbajo","Pokémon Malerba","Weed Pokémon","ざっそうポケモン","杂草宝可梦"
"45","vileplume","フラワーポケモン",,"꽃포켓몬","花寶可夢","Pokémon Fleur","Blumen-Pokémon","Pokémon Flor","Pokémon Fiore","Flower Pokémon","フラワーポケモン","花宝可梦"
"46","paras","きのこポケモン",,"버섯포켓몬","蘑菇寶可夢","Pokémon Champignon","Pilz","Pokémon Hongo","Pokémon Fungo","Mushroom Pokémon","きのこポケモン","蘑菇宝可梦"
"47","parasect","きのこポケモン",,"버섯포켓몬","蘑菇寶可夢","Pokémon Champignon","Pilz","Pokémon Hongo","Pokémon Fungo","Mushroom Pokémon","きのこポケモン","蘑菇宝可梦"
"48","venonat","こんちゅうポケモン",,"곤충포켓몬","昆蟲寶可夢","Pokémon Vermine","Insekt","Pokémon Insecto","Pokémon Insetto","Insect Pokémon","こんちゅうポケモン","昆虫宝可梦"
"49","venomoth","どくがポケモン",,"독나방포켓몬","毒蛾寶可夢","Pokémon Papipoison","Giftmotte","Pokémon Polilla Ven.","Pokémon Velentarma","Poison Moth Pokémon","どくがポケモン","毒蛾宝可梦"
"50","diglett","もぐらポケモン",,"두더지포켓몬","鼴鼠寶可夢","Pokémon Taupe","Maulwurf-Pokémon","Pokémon Topo","Pokémon Talpa","Mole Pokémon","もぐらポケモン","鼹鼠宝可梦"
"51","dugtrio","もぐらポケモン",,"두더지포켓몬","鼴鼠寶可夢","Pokémon Taupe","Maulwurf-Pokémon","Pokémon Topo","Pokémon Talpa","Mole Pokémon","もぐらポケモン","鼹鼠宝可梦"
"52","meowth","ばけねこポケモン",,"요괴고양이포켓몬","妖怪貓寶可夢","Pokémon Chadégout","Katzen-Pokémon","Pokémon Gato Araña","Pokémon Graffimiao","Scratch Cat Pokémon","ばけねこポケモン","妖怪猫宝可梦"
"53","persian","シャムネコポケモン",,"샴고양이포켓몬","暹羅貓寶可夢","Pokémon Chadeville","Rassekatzen-Pokémon","Pokémon Gato Fino","Pokémon Nobilgatto","Classy Cat Pokémon","シャムネコポケモン","暹罗猫宝可梦"
"54","psyduck","あひるポケモン",,"오리포켓몬","鴨寶可夢","Pokémon Canard","Enten-Pokémon","Pokémon Pato","Pokémon Papero","Duck Pokémon","あひるポケモン","鸭宝可梦"
"55","golduck","あひるポケモン",,"오리포켓몬","鴨寶可夢","Pokémon Canard","Enten-Pokémon","Pokémon Pato","Pokémon Papero","Duck Pokémon","あひるポケモン","鸭宝可梦"
"56","mankey","ぶたざるポケモン",,"돈숭이포켓몬","豬猴寶可夢","Pokémon Porsinge","Schwein/Affe","Pokémon Mono Cerdo","Pokémon Suinpanzé","Pig Monkey Pokémon","ぶたざるポケモン","猪猴宝可梦"
"57","primeape","ぶたざるポケモン",,"돈숭이포켓몬","豬猴寶可夢","Pokémon Porsinge","Schwein/Affe","Pokémon Mono Cerdo","Pokémon Suinpanzé","Pig Monkey Pokémon","ぶたざるポケモン","猪猴宝可梦"
"58","growlithe","こいぬポケモン",,"강아지포켓몬","小狗寶可夢","Pokémon Chiot","Welpen-Pokémon","Pokémon Perrito","Pokémon Cagnolino","Puppy Pokémon","こいぬポケモン","小狗宝可梦"
"59","arcanine","でんせつポケモン",,"전설포켓몬","傳說寶可夢","Pokémon Légendaire","Legendär-Pokémon","Pokémon Leyenda","Pokémon Leggenda","Legendary Pokémon","でんせつポケモン","传说宝可梦"
"60","poliwag","おたまポケモン",,"올챙이포켓몬","蝌蚪寶可夢","Pokémon Têtard","Kaulquappen-Pokémon","Pokémon Renacuajo","Pokémon Girino","Tadpole Pokémon","おたまポケモン","蝌蚪宝可梦"
"61","poliwhirl","おたまポケモン",,"올챙이포켓몬","蝌蚪寶可夢","Pokémon Têtard","Kaulquappen-Pokémon","Pokémon Renacuajo","Pokémon Girino","Tadpole Pokémon","おたまポケモン","蝌蚪宝可梦"
"62","poliwrath","おたまポケモン",,"올챙이포켓몬","蝌蚪寶可夢","Pokémon Têtard","Kaulquappen-Pokémon","Pokémon Renacuajo","Pokémon Girino","Tadpole Pokémon","おたまポケモン","蝌蚪宝可梦"
"63","abra","ねんりきポケモン",,"초능력포켓몬","念力寶可夢","Pokémon Psy","Psi-Pokémon","Pokémon Psi","Pokémon Psico","Psi Pokémon","ねんりきポケモン","念力宝可梦"
"64","kadabra","ねんりきポケモン",,"초능력포켓몬","念力寶可夢","Pokémon Psy","Psi-Pokémon","Pokémon Psi","Pokémon Psico","Psi Pokémon","ねんりきポケモン","念力宝可梦"
"65","alakazam","ねんりきポケモン",,"초능력포켓몬","念力寶可夢","Pokémon Psy","Psi-Pokémon","Pokémon Psi","Pokémon Psico","Psi Pokémon","ねんりきポケモン","念力宝可梦"
"66","machop","かいりきポケモン",,"괴력포켓몬","怪力寶可夢","Pokémon Colosse","Kraftprotz-Pokémon","Pokémon Superpoder","Pokémon Megaforza","Superpower Pokémon","かいりきポケモン","怪力宝可梦"
"67","machoke","かいりきポケモン",,"괴력포켓몬","怪力寶可夢","Pokémon Colosse","Kraftprotz-Pokémon","Pokémon Superpoder","Pokémon Megaforza","Superpower Pokémon","かいりきポケモン","怪力宝可梦"
"68","machamp","かいりきポケモン",,"괴력포켓몬","怪力寶可夢","Pokémon Colosse","Kraftprotz-Pokémon","Pokémon Superpoder","Pokémon Megaforza","Superpower Pokémon","かいりきポケモン","怪力宝可梦"
"69","bellsprout","フラワーポケモン",,"꽃포켓몬","花寶可夢","Pokémon Fleur","Blume","Pokémon Flor","Pokémon Fiore","Flower Pokémon","フラワーポケモン","花宝可梦"
"70","weepinbell","ハエとりポケモン",,"파리잡이포켓몬","捕蠅寶可夢","Pokémon Carnivore","Fliegentod","Pokémon Matamoscas","Pokémon Moschivoro","Flycatcher Pokémon","ハエとりポケモン","捕蝇宝可梦"
"71","victreebel","ハエとりポケモン",,"파리잡이포켓몬","捕蠅寶可夢","Pokémon Carnivore","Fliegentod","Pokémon Matamoscas","Pokémon Moschivoro","Flycatcher Pokémon","ハエとりポケモン","捕蝇宝可梦"
"72","tentacool","くらげポケモン",,"해파리포켓몬","水母寶可夢","Pokémon Mollusque","Quallen-Pokémon","Pokémon Medusa","Pokémon Medusa","Jellyfish Pokémon","くらげポケモン","水母宝可梦"
"73","tentacruel","くらげポケモン",,"해파리포켓몬","水母寶可夢","Pokémon Mollusque","Quallen-Pokémon","Pokémon Medusa","Pokémon Medusa","Jellyfish Pokémon","くらげポケモン","水母宝可梦"
"74","geodude","がんせきポケモン",,"암석포켓몬","岩石寶可夢","Pokémon Roche","Gestein","Pokémon Roca","Pokémon Roccia","Rock Pokémon","がんせきポケモン","岩石宝可梦"
"75","graveler","がんせきポケモン",,"암석포켓몬","岩石寶可夢","Pokémon Roche","Gestein","Pokémon Roca","Pokémon Roccia","Rock Pokémon","がんせきポケモン","岩石宝可梦"
"76","golem","メガトンポケモン",,"메가톤포켓몬","重量級寶可夢","Pokémon Titanesque","Urgestein","Pokémon Megatón","Pokémon Megatone","Megaton Pokémon","メガトンポケモン","重量级宝可梦"
"77","ponyta","ひのうまポケモン",,"불의말포켓몬","火馬寶可夢","Pokémon Cheval Feu","Feuerpferd-Pokémon","Pokémon Caballo Fuego","Pokémon Cavalfuoco","Fire Horse Pokémon","ひのうまポケモン","火马宝可梦"
"78","rapidash","ひのうまポケモン",,"불의말포켓몬","火馬寶可夢","Pokémon Cheval Feu","Feuerpferd-Pokémon","Pokémon Caballo Fuego","Pokémon Cavalfuoco","Fire Horse Pokémon","ひのうまポケモン","火马宝可梦"
"79","slowpoke","まぬけポケモン",,"얼간이포켓몬","憨憨寶可夢","Pokémon Crétin","Schnarcher-Pokémon","Pokémon Atontado","Pokémon Ronfone","Dopey Pokémon","まぬけポケモン","憨憨宝可梦"
"80","slowbro","やどかりポケモン",,"기생포켓몬","寄居蟹寶可夢","Pokémon Symbiose","Symbiose-Pokémon","Pokémon Ermitaño","Pokémon Paguro","Hermit Crab Pokémon","やどかりポケモン","寄居蟹宝可梦"
"81","magnemite","じしゃくポケモン",,"자석포켓몬","磁鐵寶可夢","Pokémon Magnétique","Magnet-Pokémon","Pokémon Imán","Pokémon Calamita","Magnet Pokémon","じしゃくポケモン","磁铁宝可梦"
"82","magneton","じしゃくポケモン",,"자석포켓몬","磁鐵寶可夢","Pokémon Magnétique","Magnet-Pokémon","Pokémon Imán","Pokémon Calamita","Magnet Pokémon","じしゃくポケモン","磁铁宝可梦"
"83","farfetchd","かるがもポケモン",,"청둥오리포켓몬","黃嘴鴨寶可夢","Pokémon Canard Fou","Wildenten-Pokémon","Pokémon Pato Salvaje","Pokémon Selvanatra","Wild Duck Pokémon","かるがもポケモン","黄嘴鸭宝可梦"
"84","doduo","ふたごどりポケモン",,"쌍둥이새포켓몬","兩頭鳥寶可夢","Pokémon Duoiseau","Duovogel","Pokémon Ave Gemela","Pokémon Biuccello","Twin Bird Pokémon","ふたごどりポケモン","两头鸟宝可梦"
"85","dodrio","みつごどりポケモン",,"세쌍둥이새포켓몬","三頭鳥寶可夢","Pokémon Trioiseau","Trivogel","Pokémon Ave Triple","Pokémon Triuccello","Triple Bird Pokémon","みつごどりポケモン","三头鸟宝可梦"
"86","seel","あしかポケモン",,"강치포켓몬","海獅寶可夢","Pokémon Otarie","Seehund","Pokémon León Marino","Pokémon Otaria","Sea Lion Pokémon","あしかポケモン","海狮宝可梦"
"87","dewgong","あしかポケモン",,"강치포켓몬","海獅寶可夢","Pokémon Otarie","Seehund","Pokémon León Marino","Pokémon Otaria","Sea Lion Pokémon","あしかポケモン","海狮宝可梦"
"88","grimer","ヘドロポケモン",,"진흙포켓몬","污泥寶可夢","Pokémon Dégueu","Schlamm","Pokémon Lodo","Pokémon Melma","Sludge Pokémon","ヘドロポケモン","污泥宝可梦"
"89","muk","ヘドロポケモン",,"진흙포켓몬","污泥寶可夢","Pokémon Dégueu","Schlamm","Pokémon Lodo","Pokémon Melma","Sludge Pokémon","ヘドロポケモン","污泥宝可梦"
"90","shellder","２まいがいポケモン",,"두조개포켓몬","雙殼貝寶可夢","Pokémon Bivalve","Muschel-Pokémon","Pokémon Bivalvo","Pokémon Bivalve","Bivalve Pokémon","２まいがいポケモン","双壳贝宝可梦"
"91","cloyster","２まいがいポケモン",,"두조개포켓몬","雙殼貝寶可夢","Pokémon Bivalve","Muschel-Pokémon","Pokémon Bivalvo","Pokémon Bivalve","Bivalve Pokémon","２まいがいポケモン","双壳贝宝可梦"
"92","gastly","ガスじょうポケモン",,"가스포켓몬","氣體狀寶可夢","Pokémon Gaz","Gas-Pokémon","Pokémon Gas","Pokémon Gas","Gas Pokémon","ガスじょうポケモン","气体状宝可梦"
"93","haunter","ガスじょうポケモン",,"가스포켓몬","氣體狀寶可夢","Pokémon Gaz","Gas-Pokémon","Pokémon Gas","Pokémon Gas","Gas Pokémon","ガスじょうポケモン","气体状宝可梦"
"94","gengar","シャドーポケモン",,"그림자포켓몬","影子寶可夢","Pokémon Ombre","Schatten-Pokémon","Pokémon Sombra","Pokémon Ombra","Shadow Pokémon","シャドーポケモン","影子宝可梦"
"95","onix","いわへびポケモン",,"돌뱀포켓몬","岩蛇寶可夢","Pokémon Serpenroc","Felsnatter-Pokémon","Pokémon Serpiente Roca","Pokémon Serpesasso","Rock Snake Pokémon","いわへびポケモン","岩蛇宝可梦"
"96","drowzee","さいみんポケモン",,"최면포켓몬","催眠寶可夢","Pokémon Hypnose","Hypnose","Pokémon Hipnosis","Pokémon Ipnosi","Hypnosis Pokémon","さいみんポケモン","催眠宝可梦"
"97","hypno","さいみんポケモン",,"최면포켓몬","催眠寶可夢","Pokémon Hypnose","Hypnose","Pokémon Hipnosis","Pokémon Ipnosi","Hypnosis Pokémon","さいみんポケモン","催眠宝可梦"
"98","krabby","さわがにポケモン",,"게포켓몬","清水蟹寶可夢","Pokémon Doux Crabe","Krabben-Pokémon","Pokémon Cangrejo","Pokémon Granchio","River Crab Pokémon","さわがにポケモン","清水蟹宝可梦"
"99","kingler","はさみポケモン",,"집게포켓몬","鉗子寶可夢","Pokémon Pince","Kneifer-Pokémon","Pokémon Tenaza","Pokémon Chela","Pincer Pokémon","はさみポケモン","钳子宝可梦"
"100","voltorb","ボールポケモン",,"볼포켓몬","球寶可夢","Pokémon Balle","Ball","Pokémon Bola","Pokémon Ball","Ball Pokémon","ボールポケモン","球宝可梦"
"101","electrode","ボールポケモン",,"볼포켓몬","球寶可夢","Pokémon Balle","Ball","Pokémon Bola","Pokémon Ball","Ball Pokémon","ボールポケモン","球宝可梦"
"102","exeggcute","たまごポケモン",,"알포켓몬","蛋寶可夢","Pokémon Œuf","Ei-Pokémon","Pokémon Huevo","Pokémon Uovo","Egg Pokémon","たまごポケモン","蛋宝可梦"
"103","exeggutor","やしのみポケモン",,"야자열매포켓몬","椰子寶可夢","Pokémon Fruitpalme","Palmfrucht-Pokémon","Pokémon Coco","Pokémon Nocecocco","Coconut Pokémon","やしのみポケモン","椰子宝可梦"
"104","cubone","こどくポケモン",,"고독포켓몬","孤獨寶可夢","Pokémon Solitaire","Einsam-Pokémon","Pokémon Solitario","Pokémon Solitario","Lonely Pokémon","こどくポケモン","孤独宝可梦"
"105","marowak","ほねずきポケモン",,"뼈다귀포켓몬","愛骨寶可夢","Pokémon Gard’Os","Knochenfan-Pokémon","Pokémon Apilahueso","Pokémon Guardaossi","Bone Keeper Pokémon","ほねずきポケモン","爱骨宝可梦"
"106","hitmonlee","キックポケモン",,"킥포켓몬","踢腿寶可夢","Pokémon Latteur","Kicker-Pokémon","Pokémon Patada","Pokémon Tiracalci","Kicking Pokémon","キックポケモン","踢腿宝可梦"
"107","hitmonchan","パンチポケモン",,"펀치포켓몬","拳擊寶可夢","Pokémon Puncheur","Puncher-Pokémon","Pokémon Puñetazo","Pokémon Tirapugni","Punching Pokémon","パンチポケモン","拳击宝可梦"
"108","lickitung","なめまわしポケモン",,"핥기포켓몬","舔舔寶可夢","Pokémon Lécheur","Schlecker-Pokémon","Pokémon Lametazo","Pokémon Linguaccia","Licking Pokémon","なめまわしポケモン","舔舔宝可梦"
"109","koffing","どくガスポケモン",,"독가스포켓몬","毒氣寶可夢","Pokémon Gaz Mortel","Giftwolken-Pokémon","Pokémon Gas Venenoso","Pokémon Velenuvola","Poison Gas Pokémon","どくガスポケモン","毒气宝可梦"
"110","weezing","どくガスポケモン",,"독가스포켓몬","毒氣寶可夢","Pokémon Gaz Mortel","Giftwolken-Pokémon","Pokémon Gas Venenoso","Pokémon Velenuvola","Poison Gas Pokémon","どくガスポケモン","毒气宝可梦"
"111","rhyhorn","とげとげポケモン",,"뿔포켓몬","尖尖寶可夢","Pokémon Piquant","Stachler-Pokémon","Pokémon Clavos","Pokémon Punzoni","Spikes Pokémon","とげとげポケモン","尖尖宝可梦"
"112","rhydon","ドリルポケモン",,"드릴포켓몬","鑽錐寶可夢","Pokémon Perceur","Bohrer-Pokémon","Pokémon Taladro","Pokémon Trapano","Drill Pokémon","ドリルポケモン","钻锥宝可梦"
"113","chansey","たまごポケモン",,"알포켓몬","蛋寶可夢","Pokémon Œuf","Ei-Pokémon","Pokémon Huevo","Pokémon Uovo","Egg Pokémon","たまごポケモン","蛋宝可梦"
"114","tangela","ツルじょうポケモン",,"넝쿨포켓몬","藤蔓狀寶可夢","Pokémon Vigne","Ranken-Pokémon","Pokémon Enredadera","Pokémon Liana","Vine Pokémon","ツルじょうポケモン","藤蔓状宝可梦"
"115","kangaskhan","おやこポケモン",,"가족포켓몬","親子寶可夢","Pokémon Maternel","Muttertier-Pokémon","Pokémon Maternal","Pokémon Genitore","Parent Pokémon","おやこポケモン","亲子宝可梦"
"116","horsea","ドラゴンポケモン",,"드래곤포켓몬","龍寶可夢","Pokémon Dragon","Drachen-Pokémon","Pokémon Dragón","Pokémon Drago","Dragon Pokémon","ドラゴンポケモン","龙宝可梦"
"117","seadra","ドラゴンポケモン",,"드래곤포켓몬","龍寶可夢","Pokémon Dragon","Drachen-Pokémon","Pokémon Dragón","Pokémon Drago","Dragon Pokémon","ドラゴンポケモン","龙宝可梦"
"118","goldeen","きんぎょポケモン",,"금붕어포켓몬","金魚寶可夢","Pokémon Poisson","Goldfisch-Pokémon","Pokémon Pez Color","Pokémon Pescerosso","Goldfish Pokémon","きんぎょポケモン","金鱼宝可梦"
"119","seaking","きんぎょポケモン",,"금붕어포켓몬","金魚寶可夢","Pokémon Poisson","Goldfisch-Pokémon","Pokémon Pez Color","Pokémon Pescerosso","Goldfish Pokémon","きんぎょポケモン","金鱼宝可梦"
"120","staryu","ほしがたポケモン",,"별포켓몬","星形寶可夢","Pokémon Étoile","Sternform-Pokémon","Pokémon Estrella","Pokémon Stella","Star Shape Pokémon","ほしがたポケモン","星形宝可梦"
"121","starmie","なぞのポケモン",,"수수께끼포켓몬","謎寶可夢","Pokémon Mystérieux","Mysteriös-Pokémon","Pokémon Misterioso","Pokémon Misterioso","Mysterious Pokémon","なぞのポケモン","谜宝可梦"
"122","mr-mime","バリアーポケモン",,"배리어포켓몬","屏障寶可夢","Pokémon Bloqueur","Sperren-Pokémon","Pokémon Barrera","Pokémon Barriera","Barrier Pokémon","バリアーポケモン","屏障宝可梦"
"123","scyther","かまきりポケモン",,"버마재비포켓몬","螳螂寶可夢","Pokémon Mante","Mantis-Pokémon","Pokémon Mantis","Pokémon Mantide","Mantis Pokémon","かまきりポケモン","螳螂宝可梦"
"124","jynx","ひとがたポケモン",,"인간형태포켓몬","人形寶可夢","Pokémon Humanoïde","Humanotyp-Pokémon","Pokémon Forma Humana","Pokémon Umanoide","Human Shape Pokémon","ひとがたポケモン","人形宝可梦"
"125","electabuzz","でんげきポケモン",,"전기포켓몬","電擊寶可夢","Pokémon Électrique","Elektro-Pokémon","Pokémon Eléctrico","Pokémon Elettrico","Electric Pokémon","でんげきポケモン","电击宝可梦"
"126","magmar","ひふきポケモン",,"불뿜기포켓몬","吐火寶可夢","Pokémon Crache-Feu","Brenner-Pokémon","Pokémon Escupefuego","Pokémon Sputafuoco","Spitfire Pokémon","ひふきポケモン","吐火宝可梦"
"127","pinsir","くわがたポケモン",,"뿔집게포켓몬","鍬形蟲寶可夢","Pokémon Scarabée","Kneifkäfer-Pokémon","Pokémon Escarabajo","Pokémon Cervolante","Stag Beetle Pokémon","くわがたポケモン","锹形虫宝可梦"
"128","tauros","あばれうしポケモン",,"성난소포켓몬","暴牛寶可夢","Pokémon Buffle","Wildbullen-Pokémon","Pokémon Toro Bravo","Pokémon Torobrado","Wild Bull Pokémon","あばれうしポケモン","暴牛宝可梦"
"129","magikarp","さかなポケモン",,"물고기포켓몬","魚寶可夢","Pokémon Poisson","Fisch-Pokémon","Pokémon Pez","Pokémon Pesce","Fish Pokémon","さかなポケモン","鱼宝可梦"
"130","gyarados","きょうあくポケモン",,"흉악포켓몬","凶惡寶可夢","Pokémon Terrifiant","Grausam-Pokémon","Pokémon Atrocidad","Pokémon Atroce","Atrocious Pokémon","きょうあくポケモン","凶恶宝可梦"
"131","lapras","のりものポケモン",,"탈것포켓몬","乘載寶可夢","Pokémon Transport","Transport-Pokémon","Pokémon Transporte","Pokémon Trasporto","Transport Pokémon","のりものポケモン","乘载宝可梦"
"132","ditto","へんしんポケモン",,"변신포켓몬","變身寶可夢","Pokémon Morphing","Transform-Pokémon","Pokémon Transformación","Pokémon Mutante","Transform Pokémon","へんしんポケモン","变身宝可梦"
"133","eevee","しんかポケモン",,"진화포켓몬","進化寶可夢","Pokémon Évolutif","Evolutions-Pokémon","Pokémon Evolución","Pokémon Evoluzione","Evolution Pokémon","しんかポケモン","进化宝可梦"
"134","vaporeon","あわはきポケモン",,"거품뿜기포켓몬","吐泡寶可夢","Pokémon Bulleur","Blubbblasen-Pokémon","Pokémon Burbuja","Pokémon Bollajet","Bubble Jet Pokémon","あわはきポケモン","吐泡宝可梦"
"135","jolteon","かみなりポケモン",,"번개포켓몬","雷寶可夢","Pokémon Orage","Blitz-Pokémon","Pokémon Relámpago","Pokémon Luminoso","Lightning Pokémon","かみなりポケモン","雷宝可梦"
"136","flareon","ほのおポケモン",,"불꽃포켓몬","火寶可夢","Pokémon Flamme","Feuer-Pokémon","Pokémon Llama","Pokémon Fiamma","Flame Pokémon","ほのおポケモン","火宝可梦"
"137","porygon","バーチャルポケモン",,"가상포켓몬","虛擬寶可夢","Pokémon Virtuel","Virtuell-Pokémon","Pokémon Virtual","Pokémon Virtuale","Virtual Pokémon","バーチャルポケモン","虚拟宝可梦"
"138","omanyte","うずまきポケモン",,"소용돌이포켓몬","漩渦寶可夢","Pokémon Spirale","Spiralen-Pokémon","Pokémon Espiral","Pokémon Spirale","Spiral Pokémon","うずまきポケモン","漩涡宝可梦"
"139","omastar","うずまきポケモン",,"소용돌이포켓몬","漩渦寶可夢","Pokémon Spirale","Spiralen-Pokémon","Pokémon Espiral","Pokémon Spirale","Spiral Pokémon","うずまきポケモン","漩涡宝可梦"
"140","kabuto","こうらポケモン",,"껍질포켓몬","甲殼寶可夢","Pokémon Carapace","Schaltier-Pokémon","Pokémon Armazón","Pokémon Crostaceo","Shellfish Pokémon","こうらポケモン","甲壳宝可梦"
"141","kabutops","こうらポケモン",,"껍질포켓몬","甲殼寶可夢","Pokémon Carapace","Schaltier-Pokémon","Pokémon Armazón","Pokémon Crostaceo","Shellfish Pokémon","こうらポケモン","甲壳宝可梦"
"142","aerodactyl","かせきポケモン",,"화석포켓몬","化石寶可夢","Pokémon Fossile","Fossil-Pokémon","Pokémon Fósil","Pokémon Fossile","Fossil Pokémon","かせきポケモン","化石宝可梦"
"143","snorlax","いねむりポケモン",,"졸음포켓몬","瞌睡寶可夢","Pokémon Pionceur","Tagträumer-Pokémon","Pokémon Dormir","Pokémon Sonno","Sleeping Pokémon","いねむりポケモン","瞌睡宝可梦"
"144","articuno","れいとうポケモン",,"냉동포켓몬","冰凍寶可夢","Pokémon Glaciaire","Eis-Pokémon","Pokémon Congelar","Pokémon Gelo","Freeze Pokémon","れいとうポケモン","冰冻宝可梦"
"145","zapdos","でんげきポケモン",,"전기포켓몬","電擊寶可夢","Pokémon Électrique","Elektro-Pokémon","Pokémon Eléctrico","Pokémon Elettrico","Electric Pokémon","でんげきポケモン","电击宝可梦"
"146","moltres","かえんポケモン",,"화염포켓몬","火焰寶可夢","Pokémon Flamme","Flammen-Pokémon","Pokémon Llama","Pokémon Fiamma","Flame Pokémon","かえんポケモン","火焰宝可梦"
"147","dratini","ドラゴンポケモン",,"드래곤포켓몬","龍寶可夢","Pokémon Dragon","Drachen-Pokémon","Pokémon Dragón","Pokémon Drago","Dragon Pokémon","ドラゴンポケモン","龙宝可梦"
"148","dragonair","ドラゴンポケモン",,"드래곤포켓몬","龍寶可夢","Pokémon Dragon","Drachen-Pokémon","Pokémon Dragón","Pokémon Drago","Dragon Pokémon","ドラゴンポケモン","龙宝可梦"
"149","dragonite","ドラゴンポケモン",,"드래곤포켓몬","龍寶可夢","Pokémon Dragon","Drachen-Pokémon","Pokémon Dragón","Pokémon Drago","Dragon Pokémon","ドラゴンポケモン","龙宝可梦"
"150","mewtwo","いでんしポケモン",,"유전포켓몬","基因寶可夢","Pokémon Génétique","Genmutanten-Pokémon","Pokémon Genético","Pokémon Genetico","Genetic Pokémon","いでんしポケモン","基因宝可梦"
"151","mew","しんしゅポケモン",,"신종포켓몬","新種寶可夢","Pokémon Nouveau","Neue Art-Pokémon","Pokémon Nueva Especie","Pokémon Novaspecie","New Species Pokémon","しんしゅポケモン","新种宝可梦"
"152","chikorita","はっぱポケモン",,"잎사귀포켓몬","葉子寶可夢","Pokémon Feuille","Laub","Pokémon Hoja","Pokémon Foglia","Leaf Pokémon","はっぱポケモン","叶子宝可梦"
"153","bayleef","はっぱポケモン",,"잎사귀포켓몬","葉子寶可夢","Pokémon Feuille","Laub","Pokémon Hoja","Pokémon Foglia","Leaf Pokémon","はっぱポケモン","叶子宝可梦"
"154","meganium","ハーブポケモン",,"허브포켓몬","芳草寶可夢","Pokémon Herbe","Kräuter","Pokémon Hierba","Pokémon Erbe","Herb Pokémon","ハーブポケモン","芳草宝可梦"
"155","cyndaquil","ひねずみポケモン",,"불쥐포켓몬","火鼠寶可夢","Pokémon Souris Feu","Feuermaus","Pokémon Ratón Fuego","Pokémon Fuocotopo","Fire Mouse Pokémon","ひねずみポケモン","火鼠宝可梦"
"156","quilava","かざんポケモン",,"화산포켓몬","火山寶可夢","Pokémon Volcan","Vulkan","Pokémon Volcán","Pokémon Vulcano","Volcano Pokémon","かざんポケモン","火山宝可梦"
"157","typhlosion","かざんポケモン",,"화산포켓몬","火山寶可夢","Pokémon Volcan","Vulkan","Pokémon Volcán","Pokémon Vulcano","Volcano Pokémon","かざんポケモン","火山宝可梦"
"158","totodile","おおあごポケモン",,"큰턱포켓몬","大顎寶可夢","Pokémon Mâchoire","Großmaul","Pokémon Fauces","Pokémon Mascellone","Big Jaw Pokémon","おおあごポケモン","大颚宝可梦"
"159","croconaw","おおあごポケモン",,"큰턱포켓몬","大顎寶可夢","Pokémon Mâchoire","Großmaul","Pokémon Fauces","Pokémon Mascellone","Big Jaw Pokémon","おおあごポケモン","大颚宝可梦"
"160","feraligatr","おおあごポケモン",,"큰턱포켓몬","大顎寶可夢","Pokémon Mâchoire","Großmaul","Pokémon Fauces","Pokémon Mascellone","Big Jaw Pokémon","おおあごポケモン","大颚宝可梦"
"161","sentret","みはりポケモン",,"망보기포켓몬","放哨寶可夢","Pokémon Espion","Späher","Pokémon Explorador","Pokémon Esplorante","Scout Pokémon","みはりポケモン","放哨宝可梦"
"162","furret","どうながポケモン",,"긴몸통포켓몬","長軀幹寶可夢","Pokémon Allongé","Langleib","Pokémon Alargado","Pokémon Lungocorpo","Long Body Pokémon","どうながポケモン","长躯干宝可梦"
"163","hoothoot","ふくろうポケモン",,"부엉이포켓몬","貓頭鷹寶可夢","Pokémon Hibou","Eulen-Pokémon","Pokémon Búho","Pokémon Gufo","Owl Pokémon","ふくろうポケモン","猫头鹰宝可梦"
"164","noctowl","ふくろうポケモン",,"부엉이포켓몬","貓頭鷹寶可夢","Pokémon Hibou","Eulen-Pokémon","Pokémon Búho","Pokémon Gufo","Owl Pokémon","ふくろうポケモン","猫头鹰宝可梦"
"165","ledyba","いつつぼしポケモン",,"별다섯포켓몬","五星寶可夢","Pokémon 5 Étoiles","Fünf-Punkt","Pokémon 5 Estrellas","Pokémon Pentastra","Five Star Pokémon","いつつぼしポケモン","五星宝可梦"
"166","ledian","いつつぼしポケモン",,"별다섯포켓몬","五星寶可夢","Pokémon 5 Étoiles","Fünf-Punkt","Pokémon 5 Estrellas","Pokémon Pentastra","Five Star Pokémon","いつつぼしポケモン","五星宝可梦"
"167","spinarak","いとはきポケモン",,"실뿜기포켓몬","吐絲寶可夢","Pokémon Crache Fil","Fadenwurf","Pokémon Escupesoga","Pokémon Tela","String Spit Pokémon","いとはきポケモン","吐丝宝可梦"
"168","ariados","あしながポケモン",,"롱다리포켓몬","長腿寶可夢","Pokémon Long-Patte","Langbein","Pokémon Pata Larga","Pokémon Lungazampa","Long Leg Pokémon","あしながポケモン","长腿宝可梦"
"169","crobat","こうもりポケモン",,"박쥐포켓몬","蝙蝠寶可夢","Pokémon Chovsouris","Fledermaus-Pokémon","Pokémon Murciélago","Pokémon Pipistrello","Bat Pokémon","こうもりポケモン","蝙蝠宝可梦"
"170","chinchou","あんこうポケモン",,"아귀포켓몬","琵琶魚寶可夢","Pokémon Poisson","Angler-Pokémon","Pokémon Rape","Pokémon Pescatore","Angler Pokémon","あんこうポケモン","琵琶鱼宝可梦"
"171","lanturn","ライトポケモン",,"라이트포켓몬","燈寶可夢","Pokémon Lumière","Leuchten-Pokémon","Pokémon Luz","Pokémon Luce","Light Pokémon","ライトポケモン","灯宝可梦"
"172","pichu","こねずみポケモン",,"아기쥐포켓몬","小鼠寶可夢","Pokémon Minisouris","Babymaus-Pokémon","Pokémon Ratoncito","Pokémon Topino","Tiny Mouse Pokémon","こねずみポケモン","小鼠宝可梦"
"173","cleffa","ほしがたポケモン",,"별포켓몬","星形寶可夢","Pokémon Étoile","Sternform-Pokémon","Pokémon Estrella","Pokémon Stella","Star Shape Pokémon","ほしがたポケモン","星形宝可梦"
"174","igglybuff","ふうせんポケモン",,"풍선포켓몬","氣球寶可夢","Pokémon Bouboule","Ballon-Pokémon","Pokémon Globo","Pokémon Pallone","Balloon Pokémon","ふうせんポケモン","气球宝可梦"
"175","togepi","はりたまポケモン",,"바늘알포켓몬","針球寶可夢","Pokémon Balle Pic","Zackenball-Pokémon","Pokémon Bolaclavos","Pokémon Pallapunte","Spike Ball Pokémon","はりたまポケモン","针球宝可梦"
"176","togetic","しあわせポケモン",,"행복포켓몬","幸福寶可夢","Pokémon Bonheur","Freuden-Pokémon","Pokémon Felicidad","Pokémon Felicità","Happiness Pokémon","しあわせポケモン","幸福宝可梦"
"177","natu","ことりポケモン",,"아기새포켓몬","小鳥寶可夢","Pokémon Minoiseau","Kleinvogel-Pokémon","Pokémon Pajarito","Pokémon Uccellino","Tiny Bird Pokémon","ことりポケモン","小鸟宝可梦"
"178","xatu","せいれいポケモン",,"정령포켓몬","神秘寶可夢","Pokémon Mystique","Mystik-Pokémon","Pokémon Místico","Pokémon Magico","Mystic Pokémon","せいれいポケモン","神秘宝可梦"
"179","mareep","わたげポケモン",,"솜털포켓몬","綿毛寶可夢","Pokémon Laine","Wolle","Pokémon Lana","Pokémon Lana","Wool Pokémon","わたげポケモン","绵毛宝可梦"
"180","flaaffy","わたげポケモン",,"솜털포켓몬","綿毛寶可夢","Pokémon Laine","Wolle","Pokémon Lana","Pokémon Lana","Wool Pokémon","わたげポケモン","绵毛宝可梦"
"181","ampharos","ライトポケモン",,"라이트포켓몬","燈寶可夢","Pokémon Lumière","Leuchte","Pokémon Luz","Pokémon Luce","Light Pokémon","ライトポケモン","灯宝可梦"
"182","bellossom","フラワーポケモン",,"꽃포켓몬","花寶可夢","Pokémon Fleur","Blumen-Pokémon","Pokémon Flor","Pokémon Fiore","Flower Pokémon","フラワーポケモン","花宝可梦"
"183","marill","みずねずみポケモン",,"물쥐포켓몬","水鼠寶可夢","Pokémon Aquasouris","Aquamaus-Pokémon","Pokémon Ratón Agua","Pokémon Acquatopo","Aqua Mouse Pokémon","みずねずみポケモン","水鼠宝可梦"
"184","azumarill","みずうさぎポケモン",,"물토끼포켓몬","水兔寶可夢","Pokémon Aqualapin","Aquahasen-Pokémon","Pokémon Conejo Agua","Pokémon Acquniglio","Aqua Rabbit Pokémon","みずうさぎポケモン","水兔宝可梦"
"185","sudowoodo","まねポケモン",,"흉내포켓몬","模仿寶可夢","Pokémon Imitation","Imitations-Pokémon","Pokémon Imitación","Pokémon Imitazione","Imitation Pokémon","まねポケモン","模仿宝可梦"
"186","politoed","かえるポケモン",,"개구리포켓몬","蛙寶可夢","Pokémon Grenouille","Frosch-Pokémon","Pokémon Rana","Pokémon Rana","Frog Pokémon","かえるポケモン","蛙宝可梦"
"187","hoppip","わたくさポケモン",,"솜풀포켓몬","棉草寶可夢","Pokémon Pissenlit","Löwenzahn","Pokémon Algadón","Pokémon Gramigna","Cottonweed Pokémon","わたくさポケモン","棉草宝可梦"
"188","skiploom","わたくさポケモン",,"솜풀포켓몬","棉草寶可夢","Pokémon Pissenlit","Löwenzahn","Pokémon Algadón","Pokémon Gramigna","Cottonweed Pokémon","わたくさポケモン","棉草宝可梦"
"189","jumpluff","わたくさポケモン",,"솜풀포켓몬","棉草寶可夢","Pokémon Pissenlit","Löwenzahn","Pokémon Algadón","Pokémon Gramigna","Cottonweed Pokémon","わたくさポケモン","棉草宝可梦"
"190","aipom","おながポケモン",,"긴꼬리포켓몬","長尾寶可夢","Pokémon Longqueue","Langschweif","Pokémon Cola Larga","Pokémon Lungacoda","Long Tail Pokémon","おながポケモン","长尾宝可梦"
"191","sunkern","たねポケモン",,"씨앗포켓몬","種子寶可夢","Pokémon Graine","Samen","Pokémon Semilla","Pokémon Seme","Seed Pokémon","たねポケモン","种子宝可梦"
"192","sunflora","たいようポケモン",,"태양포켓몬","太陽寶可夢","Pokémon Soleil","Sonne","Pokémon Sol","Pokémon Sole","Sun Pokémon","たいようポケモン","太阳宝可梦"
"193","yanma","うすばねポケモン",,"얇은날개포켓몬","薄翼寶可夢","Pokémon Translaile","Libelle","Pokémon Ala Clara","Pokémon Alachiara","Clear Wing Pokémon","うすばねポケモン","薄翼宝可梦"
"194","wooper","みずうおポケモン",,"수어포켓몬","水魚寶可夢","Pokémon Poisson","Fisch-Pokémon","Pokémon Pez Agua","Pokémon Acquapesce","Water Fish Pokémon","みずうおポケモン","水鱼宝可梦"
"195","quagsire","みずうおポケモン",,"수어포켓몬","水魚寶可夢","Pokémon Poisson","Fisch-Pokémon","Pokémon Pez Agua","Pokémon Acquapesce","Water Fish Pokémon","みずうおポケモン","水鱼宝可梦"
"196","espeon","たいようポケモン",,"태양포켓몬","太陽寶可夢","Pokémon Soleil","Sonnen-Pokémon","Pokémon Sol","Pokémon Sole","Sun Pokémon","たいようポケモン","太阳宝可梦"
"197","umbreon","げっこうポケモン",,"달빛포켓몬","月光寶可夢","Pokémon Lune","Mondschein-Pokémon","Pokémon Luz Lunar","Pokémon Lucelunare","Moonlight Pokémon","げっこうポケモン","月光宝可梦"
"198","murkrow","くらやみポケモン",,"어둠포켓몬","黑暗寶可夢","Pokémon Obscurité","Finsternis","Pokémon Oscuridad","Pokémon Oscurità","Darkness Pokémon","くらやみポケモン","黑暗宝可梦"
"199","slowking","おうじゃポケモン",,"임금포켓몬","王者寶可夢","Pokémon Royal","Monarchen-Pokémon","Pokémon Regio","Pokémon Reale","Royal Pokémon","おうじゃポケモン","王者宝可梦"
"200","misdreavus","よなきポケモン",,"야명포켓몬","夜啼寶可夢","Pokémon Strident","Kreischer","Pokémon Chirrido","Pokémon Strido","Screech Pokémon","よなきポケモン","夜啼宝可梦"
"201","unown","シンボルポケモン",,"심볼포켓몬","象徵寶可夢","Pokémon Symbolique","Symbol","Pokémon Símbolo","Pokémon Simbolo","Symbol Pokémon","シンボルポケモン","象征宝可梦"
"202","wobbuffet","がまんポケモン",,"참기포켓몬","忍耐寶可夢","Pokémon Patient","Gedulds-Pokémon","Pokémon Paciente","Pokémon Pazienza","Patient Pokémon","がまんポケモン","忍耐宝可梦"
"203","girafarig","くびながポケモン",,"긴목포켓몬","長頸寶可夢","Pokémon Long-Cou","Langhals","Pokémon Gran Cuello","Pokémon Lungocollo","Long Neck Pokémon","くびながポケモン","长颈宝可梦"
"204","pineco","みのむしポケモン",,"도롱이벌레포켓몬","蓑衣蟲寶可夢","Pokémon Ver Caché","Beutelwurm","Pokémon Larva","Pokémon Larva","Bagworm Pokémon","みのむしポケモン","蓑衣虫宝可梦"
"205","forretress","みのむしポケモン",,"도롱이벌레포켓몬","蓑衣蟲寶可夢","Pokémon Ver Caché","Beutelwurm","Pokémon Larva","Pokémon Larva","Bagworm Pokémon","みのむしポケモン","蓑衣虫宝可梦"
"206","dunsparce","つちへびポケモン",,"땅뱀포켓몬","地蛇寶可夢","Pokémon Serpent","Schlangen-Pokémon","Pokémon Serpiente Tierra","Pokémon Terraserpe","Land Snake Pokémon","つちへびポケモン","地蛇宝可梦"
"207","gligar","とびさそりポケモン",,"날전갈포켓몬","飛蠍寶可夢","Pokémon Scorpivol","Flugskorpi","Pokémon Escorpiala","Pokémon Aliscorpio","Fly Scorpion Pokémon","とびさそりポケモン","飞蝎宝可梦"
"208","steelix","てつへびポケモン",,"철뱀포켓몬","鐵蛇寶可夢","Pokémon Serpenfer","Stahlboa-Pokémon","Pokémon Serpiente Férrea","Pokémon Ferroserpe","Iron Snake Pokémon","てつへびポケモン","铁蛇宝可梦"
"209","snubbull","ようせいポケモン",,"요정포켓몬","妖精寶可夢","Pokémon Fée","Fee","Pokémon Hada","Pokémon Fata","Fairy Pokémon","ようせいポケモン","妖精宝可梦"
"210","granbull","ようせいポケモン",,"요정포켓몬","妖精寶可夢","Pokémon Fée","Fee","Pokémon Hada","Pokémon Fata","Fairy Pokémon","ようせいポケモン","妖精宝可梦"
"211","qwilfish","ふうせんポケモン",,"풍선포켓몬","氣球寶可夢","Pokémon Bouboule","Ballon-Pokémon","Pokémon Globo","Pokémon Pallone","Balloon Pokémon","ふうせんポケモン","气球宝可梦"
"212","scizor","はさみポケモン",,"집게포켓몬","鉗子寶可夢","Pokémon Pince","Kneifer-Pokémon","Pokémon Tenaza","Pokémon Chela","Pincer Pokémon","はさみポケモン","钳子宝可梦"
"213","shuckle","はっこうポケモン",,"발효포켓몬","發酵寶可夢","Pokémon Pourri","Schimmel-Pokémon","Pokémon Moho","Pokémon Muffa","Mold Pokémon","はっこうポケモン","发酵宝可梦"
"214","heracross","１ぽんヅノポケモン",,"외뿔포켓몬","獨角寶可夢","Pokémon Unicorne","Einzelhorn-Pokémon","Pokémon Cuerno","Pokémon Monocorno","Single Horn Pokémon","１ぽんヅノポケモン","独角宝可梦"
"215","sneasel","かぎづめポケモン",,"갈고리손톱포켓몬","鉤爪寶可夢","Pokémon Grifacérée","Stichklauen-Pokémon","Pokémon Garra Filo","Pokémon Lamartigli","Sharp Claw Pokémon","かぎづめポケモン","钩爪宝可梦"
"216","teddiursa","こぐまポケモン",,"아기곰포켓몬","小熊寶可夢","Pokémon Mini Ours","Kleinbär","Pokémon Osito","Pokémon Orsetto","Little Bear Pokémon","こぐまポケモン","小熊宝可梦"
"217","ursaring","とうみんポケモン",,"동면포켓몬","冬眠寶可夢","Pokémon Hibernant","Schläfer","Pokémon Hibernante","Pokémon Letargo","Hibernator Pokémon","とうみんポケモン","冬眠宝可梦"
"218","slugma","ようがんポケモン",,"용암포켓몬","熔岩寶可夢","Pokémon Lave","Lava","Pokémon Lava","Pokémon Lava","Lava Pokémon","ようがんポケモン","熔岩宝可梦"
"219","magcargo","ようがんポケモン",,"용암포켓몬","熔岩寶可夢","Pokémon Lave","Lava","Pokémon Lava","Pokémon Lava","Lava Pokémon","ようがんポケモン","熔岩宝可梦"
"220","swinub","いのぶたポケモン",,"산돼지포켓몬","小豬寶可夢","Pokémon Cochon","Ferkel-Pokémon","Pokémon Cerdo","Pokémon Maiale","Pig Pokémon","いのぶたポケモン","小猪宝可梦"
"221","piloswine","いのししポケモン",,"멧돼지포켓몬","野豬寶可夢","Pokémon Porc","Schwein-Pokémon","Pokémon Puerco","Pokémon Suino","Swine Pokémon","いのししポケモン","野猪宝可梦"
"222","corsola","さんごポケモン",,"산호포켓몬","珊瑚寶可夢","Pokémon Corail","Korallen-Pokémon","Pokémon Coral","Pokémon Corallo","Coral Pokémon","さんごポケモン","珊瑚宝可梦"
"223","remoraid","ふんしゃポケモン",,"분사포켓몬","噴射寶可夢","Pokémon Jet","Hochdruck-Pokémon","Pokémon Reactor","Pokémon Jet","Jet Pokémon","ふんしゃポケモン","喷射宝可梦"
"224","octillery","ふんしゃポケモン",,"분사포켓몬","噴射寶可夢","Pokémon Jet","Hochdruck-Pokémon","Pokémon Reactor","Pokémon Jet","Jet Pokémon","ふんしゃポケモン","喷射宝可梦"
"225","delibird","はこびやポケモン",,"배달포켓몬","搬運寶可夢","Pokémon Livraison","Lieferanten-Pokémon","Pokémon Reparto","Pokémon Consegna","Delivery Pokémon","はこびやポケモン","搬运宝可梦"
"226","mantine","カイトポケモン",,"연포켓몬","風箏寶可夢","Pokémon Cervolant","Flugrochen-Pokémon","Pokémon Milano","Pokémon Aquilone","Kite Pokémon","カイトポケモン","风筝宝可梦"
"227","skarmory","よろいどりポケモン",,"갑옷새포켓몬","鋼甲鳥寶可夢","Pokémon Armoiseau","Flugstahl-Pokémon","Pokémon Coraza Ave","Pokémon Armuccello","Armor Bird Pokémon","よろいどりポケモン","钢甲鸟宝可梦"
"228","houndour","ダークポケモン",,"다크포켓몬","陰暗寶可夢","Pokémon Sombre","Hades","Pokémon Siniestro","Pokémon Buio","Dark Pokémon","ダークポケモン","阴暗宝可梦"
"229","houndoom","ダークポケモン",,"다크포켓몬","陰暗寶可夢","Pokémon Sombre","Hades","Pokémon Siniestro","Pokémon Buio","Dark Pokémon","ダークポケモン","阴暗宝可梦"
"230","kingdra","ドラゴンポケモン",,"드래곤포켓몬","龍寶可夢","Pokémon Dragon","Drachen-Pokémon","Pokémon Dragón","Pokémon Drago","Dragon Pokémon","ドラゴンポケモン","龙宝可梦"
"231","phanpy","ながはなポケモン",,"긴코포켓몬","長鼻寶可夢","Pokémon Long-Nez","Langrüssel","Pokémon Narizotas","Pokémon Nasone","Long Nose Pokémon","ながはなポケモン","长鼻宝可梦"
"232","donphan","よろいポケモン",,"갑옷포켓몬","鎧甲寶可夢","Pokémon Armure","Panzer","Pokémon Coraza","Pokémon Armatura","Armor Pokémon","よろいポケモン","铠甲宝可梦"
"233","porygon2","バーチャルポケモン",,"가상포켓몬","虛擬寶可夢","Pokémon Virtuel","Virtuell-Pokémon","Pokémon Virtual","Pokémon Virtuale","Virtual Pokémon","バーチャルポケモン","虚拟宝可梦"
"234","stantler","おおツノポケモン",,"큰뿔포켓몬","大角寶可夢","Pokémon Maxi Corne","Vielender","Pokémon Gran Cuerno","Pokémon Grancorno","Big Horn Pokémon","おおツノポケモン","大角宝可梦"
"235","smeargle","えかきポケモン",,"그림장이포켓몬","畫畫寶可夢","Pokémon Peintre","Maler","Pokémon Pintor","Pokémon Pittore","Painter Pokémon","えかきポケモン","画画宝可梦"
"236","tyrogue","けんかポケモン",,"싸움포켓몬","打鬥寶可夢","Pokémon Bagarreur","Racker-Pokémon","Pokémon Peleón","Pokémon Baruffa","Scuffle Pokémon","けんかポケモン","打斗宝可梦"
"237","hitmontop","さかだちポケモン",,"물구나무포켓몬","倒立寶可夢","Pokémon Poirier","Kopfstand-Pokémon","Pokémon Boca Abajo","Pokémon Verticale","Handstand Pokémon","さかだちポケモン","倒立宝可梦"
"238","smoochum","くちづけポケモン",,"뽀뽀포켓몬","親吻寶可夢","Pokémon Bisou","Kuss-Pokémon","Pokémon Beso","Pokémon Bacio","Kiss Pokémon","くちづけポケモン","亲吻宝可梦"
"239","elekid","でんきポケモン",,"전류포켓몬","電氣寶可夢","Pokémon Électrique","Elektro-Pokémon","Pokémon Eléctrico","Pokémon Elettrico","Electric Pokémon","でんきポケモン","电气宝可梦"
"240","magby","ひだねポケモン",,"불씨포켓몬","火種寶可夢","Pokémon Charbon","Glutherd-Pokémon","Pokémon Ascuas","Pokémon Carbonvivo","Live Coal Pokémon","ひだねポケモン","火种宝可梦"
"241","miltank","ちちうしポケモン",,"젖소포켓몬","乳牛寶可夢","Pokémon Vachalait","Milchkuh-Pokémon","Pokémon Lechera","Pokémon Bovino","Milk Cow Pokémon","ちちうしポケモン","奶牛宝可梦"
"242","blissey","しあわせポケモン",,"행복포켓몬","幸福寶可夢","Pokémon Bonheur","Freuden-Pokémon","Pokémon Felicidad","Pokémon Felicità","Happiness Pokémon","しあわせポケモン","幸福宝可梦"
"243","raikou","いかずちポケモン",,"우뢰포켓몬","天雷寶可夢","Pokémon Foudre","Donner-Pokémon","Pokémon Trueno","Pokémon Tuono","Thunder Pokémon","いかずちポケモン","天雷宝可梦"
"244","entei","かざんポケモン",,"화산포켓몬","火山寶可夢","Pokémon Volcan","Vulkan-Pokémon","Pokémon Volcán","Pokémon Vulcano","Volcano Pokémon","かざんポケモン","火山宝可梦"
"245","suicune","オーロラポケモン",,"오로라포켓몬","極光寶可夢","Pokémon Aurore","Polarlicht-Pokémon","Pokémon Aurora","Pokémon Aurora","Aurora Pokémon","オーロラポケモン","极光宝可梦"
"246","larvitar","いわはだポケモン",,"바위표면포켓몬","岩石膚寶可夢","Pokémon Peaupierre","Felshaut-Pokémon","Pokémon Piel Roca","Pokémon Peldisasso","Rock Skin Pokémon","いわはだポケモン","岩石肤宝可梦"
"247","pupitar","だんがんポケモン",,"탄환포켓몬","子彈寶可夢","Pokémon Carapadure","Hartschalen-Pokémon","Pokémon Caparazón","Pokémon Guscioduro","Hard Shell Pokémon","だんがんポケモン","子弹宝可梦"
"248","tyranitar","よろいポケモン",,"갑옷포켓몬","鎧甲寶可夢","Pokémon Armure","Panzer-Pokémon","Pokémon Coraza","Pokémon Armatura","Armor Pokémon","よろいポケモン","铠甲宝可梦"
"249","lugia","せんすいポケモン",,"잠수포켓몬","潛水寶可夢","Pokémon Plongeon","Taucher-Pokémon","Pokémon Buceo","Pokémon Immersione","Diving Pokémon","せんすいポケモン","潜水宝可梦"
"250","ho-oh","にじいろポケモン",,"무지개색포켓몬","虹色寶可夢","Pokémon Arcenciel","Regenbogen-Pokémon","Pokémon Arcoíris","Pokémon Arcobaleno","Rainbow Pokémon","にじいろポケモン","虹色宝可梦"
"251","celebi","ときわたりポケモン",,"시간이동포켓몬","時空穿越寶可夢","Pokémon Temporel","Zeitreise-Pokémon","Pokémon Viajetiempo","Pokémon Tempovia","Time Travel Pokémon","ときわたりポケモン","时空穿越宝可梦"
"252","treecko","もりトカゲポケモン",,"숲도마뱀포켓몬","林蜥寶可夢","Pokémon Bois Gecko","Waldgecko-Pokémon","Pokémon Geco Bosque","Pokémon Legnogeco","Wood Gecko Pokémon","もりトカゲポケモン","林蜥宝可梦"
"253","grovyle","もりトカゲポケモン",,"숲도마뱀포켓몬","林蜥寶可夢","Pokémon Bois Gecko","Waldgecko-Pokémon","Pokémon Geco Bosque","Pokémon Legnogeco","Wood Gecko Pokémon","もりトカゲポケモン","林蜥宝可梦"
"254","sceptile","みつりんポケモン",,"밀림포켓몬","密林寶可夢","Pokémon Forêt","Dschungel-Pokémon","Pokémon Monte","Pokémon Foresta","Forest Pokémon","みつりんポケモン","密林宝可梦"
"255","torchic","ひよこポケモン",,"풋내기포켓몬","雛雞寶可夢","Pokémon Poussin","Küken-Pokémon","Pokémon Polluelo","Pokémon Pulcino","Chick Pokémon","ひよこポケモン","雏鸡宝可梦"
"256","combusken","わかどりポケモン",,"꼬마닭포켓몬","幼雞寶可夢","Pokémon Poulet","Kleinhahn-Pokémon","Pokémon Ave Corral","Pokémon Rampollo","Young Fowl Pokémon","わかどりポケモン","幼鸡宝可梦"
"257","blaziken","もうかポケモン",,"맹화포켓몬","猛火寶可夢","Pokémon Ardent","Großbrand-Pokémon","Pokémon Llameante","Pokémon Vampe","Blaze Pokémon","もうかポケモン","猛火宝可梦"
"258","mudkip","ぬまうおポケモン",,"늪물고기포켓몬","沼魚寶可夢","Pokémon Poissonboue","Lehmhüpfer-Pokémon","Pokémon Pez Lodo","Pokémon Fango Pesce","Mud Fish Pokémon","ぬまうおポケモン","沼鱼宝可梦"
"259","marshtomp","ぬまうおポケモン",,"늪물고기포켓몬","沼魚寶可夢","Pokémon Poissonboue","Lehmhüpfer-Pokémon","Pokémon Pez Lodo","Pokémon Fango Pesce","Mud Fish Pokémon","ぬまうおポケモン","沼鱼宝可梦"
"260","swampert","ぬまうおポケモン",,"늪물고기포켓몬","沼魚寶可夢","Pokémon Poissonboue","Lehmhüpfer-Pokémon","Pokémon Pez Lodo","Pokémon Fango Pesce","Mud Fish Pokémon","ぬまうおポケモン","沼鱼宝可梦"
"261","poochyena","かみつきポケモン",,"물어뜯기포켓몬","緊咬寶可夢","Pokémon Morsure","Biss","Pokémon Mordisco","Pokémon Morso","Bite Pokémon","かみつきポケモン","紧咬宝可梦"
"262","mightyena","かみつきポケモン",,"물어뜯기포켓몬","緊咬寶可夢","Pokémon Morsure","Biss","Pokémon Mordisco","Pokémon Morso","Bite Pokémon","かみつきポケモン","紧咬宝可梦"
"263","zigzagoon","まめだぬきポケモン",,"앙증너구리포켓몬","豆貍寶可夢","Pokémon Petit Raton","Kleindachs-Pokémon","Pokémon Mapachito","Pokémon Procione","Tiny Raccoon Pokémon","まめだぬきポケモン","豆狸宝可梦"
"264","linoone","とっしんポケモン",,"돌진포켓몬","猛衝寶可夢","Pokémon Fonceur","Sprinter-Pokémon","Pokémon Lanzado","Pokémon Sfrecciante","Rushing Pokémon","とっしんポケモン","猛冲宝可梦"
"265","wurmple","いもむしポケモン",,"애벌레포켓몬","蟲寶寶寶可夢","Pokémon Ver","Wurm","Pokémon Gusano","Pokémon Baco","Worm Pokémon","いもむしポケモン","虫宝宝宝可梦"
"266","silcoon","さなぎポケモン",,"번데기포켓몬","蛹寶可夢","Pokémon Cocon","Kokon","Pokémon Capullo","Pokémon Bozzolo","Cocoon Pokémon","さなぎポケモン","蛹宝可梦"
"267","beautifly","ちょうちょポケモン",,"나비포켓몬","蝴蝶寶可夢","Pokémon Papillon","Falter","Pokémon Mariposa","Pokémon Farfalla","Butterfly Pokémon","ちょうちょポケモン","蝴蝶宝可梦"
"268","cascoon","さなぎポケモン",,"번데기포켓몬","蛹寶可夢","Pokémon Cocon","Kokon","Pokémon Capullo","Pokémon Bozzolo","Cocoon Pokémon","さなぎポケモン","蛹宝可梦"
"269","dustox","どくがポケモン",,"독나방포켓몬","毒蛾寶可夢","Pokémon Papipoison","Giftmotte","Pokémon Polilla Ven.","Pokémon Velentarma","Poison Moth Pokémon","どくがポケモン","毒蛾宝可梦"
"270","lotad","うきくさポケモン",,"개구리밥포켓몬","浮萍寶可夢","Pokémon Aquaplante","Wasserlinsen-Pokémon","Pokémon Lenteja Agua","Pokémon Alga","Water Weed Pokémon","うきくさポケモン","浮萍宝可梦"
"271","lombre","ようきポケモン",,"명랑함포켓몬","爽朗寶可夢","Pokémon Jovial","Frohmut-Pokémon","Pokémon Alegre","Pokémon Giocoso","Jolly Pokémon","ようきポケモン","爽朗宝可梦"
"272","ludicolo","のうてんきポケモン",,"행복하기포켓몬","樂天寶可夢","Pokémon Insouciant","Sorglos-Pokémon","Pokémon Optimista","Pokémon Spensierato","Carefree Pokémon","のうてんきポケモン","乐天宝可梦"
"273","seedot","どんぐりポケモン",,"도토리포켓몬","橡實寶可夢","Pokémon Gland","Eichelnuss-Pokémon","Pokémon Bellota","Pokémon Ghianda","Acorn Pokémon","どんぐりポケモン","橡实宝可梦"
"274","nuzleaf","いじわるポケモン",,"꾀부리기포켓몬","捉弄寶可夢","Pokémon Malin","Hinterlist-Pokémon","Pokémon Astuto","Pokémon Scaltro","Wily Pokémon","いじわるポケモン","捉弄宝可梦"
"275","shiftry","よこしまポケモン",,"부정하기포켓몬","邪惡寶可夢","Pokémon Malveillant","Verschlagen-Pokémon","Pokémon Malvado","Pokémon Burbero","Wicked Pokémon","よこしまポケモン","邪恶宝可梦"
"276","taillow","こツバメポケモン",,"아기제비포켓몬","幼燕寶可夢","Pokémon Minirondel","Schwälblein","Pokémon Pequebuche","Pokémon Rondinella","Tiny Swallow Pokémon","こツバメポケモン","幼燕宝可梦"
"277","swellow","ツバメポケモン",,"제비포켓몬","燕子寶可夢","Pokémon Hirondelle","Schwalbe","Pokémon Buche","Pokémon Rondine","Swallow Pokémon","ツバメポケモン","燕子宝可梦"
"278","wingull","うみねこポケモン",,"괭이갈매기포켓몬","海鷗寶可夢","Pokémon Mouette","Seemöwen-Pokémon","Pokémon Gaviota","Pokémon Gabbiano","Seagull Pokémon","うみねこポケモン","海鸥宝可梦"
"279","pelipper","みずどりポケモン",,"물새포켓몬","水鳥寶可夢","Pokémon Oiseaudo","Wasservogel-Pokémon","Pokémon Ave Agua","Pokémon Alacquatico","Water Bird Pokémon","みずどりポケモン","水鸟宝可梦"
"280","ralts","きもちポケモン",,"느낌포켓몬","心情寶可夢","Pokémon Sentiment","Gefühls-Pokémon","Pokémon Sensible","Pokémon Sensazione","Feeling Pokémon","きもちポケモン","心情宝可梦"
"281","kirlia","かんじょうポケモン",,"감정포켓몬","感情寶可夢","Pokémon Émotion","Emotions-Pokémon","Pokémon Sensorio","Pokémon Emozione","Emotion Pokémon","かんじょうポケモン","感情宝可梦"
"282","gardevoir","ほうようポケモン",,"포용포켓몬","包容寶可夢","Pokémon Étreinte","Umarmungs-Pokémon","Pokémon Envolvente","Pokémon Abbraccio","Embrace Pokémon","ほうようポケモン","包容宝可梦"
"283","surskit","あめんぼポケモン",,"소금쟁이포켓몬","水黽寶可夢","Pokémon Maresurfeur","Wassergeher","Pokémon Zapatero","Pokémon Sfiorapozze","Pond Skater Pokémon","あめんぼポケモン","水黾宝可梦"
"284","masquerain","めだまポケモン",,"안구포켓몬","眼珠寶可夢","Pokémon Boule Œil","Auge","Pokémon Globocular","Pokémon Occhi","Eyeball Pokémon","めだまポケモン","眼珠宝可梦"
"285","shroomish","きのこポケモン",,"버섯포켓몬","蘑菇寶可夢","Pokémon Champignon","Pilz","Pokémon Hongo","Pokémon Fungo","Mushroom Pokémon","きのこポケモン","蘑菇宝可梦"
"286","breloom","きのこポケモン",,"버섯포켓몬","蘑菇寶可夢","Pokémon Champignon","Pilz","Pokémon Hongo","Pokémon Fungo","Mushroom Pokémon","きのこポケモン","蘑菇宝可梦"
"287","slakoth","なまけものポケモン",,"게으름뱅이포켓몬","懶人寶可夢","Pokémon Flâneur","Faulpelz","Pokémon Gandul","Pokémon Ozioso","Slacker Pokémon","なまけものポケモン","懒人宝可梦"
"288","vigoroth","あばれザルポケモン",,"성난원숭이포켓몬","暴猿寶可夢","Pokémon Turbusinge","Wildaffe","Pokémon Mono Feroz","Pokémon Indocile","Wild Monkey Pokémon","あばれザルポケモン","暴猿宝可梦"
"289","slaking","ものぐさポケモン",,"나태함포켓몬","怕麻煩寶可夢","Pokémon Fainéant","Müßig","Pokémon Holgazán","Pokémon Pigrizia","Lazy Pokémon","ものぐさポケモン","怕麻烦宝可梦"
"290","nincada","したづみポケモン",,"신참포켓몬","入門寶可夢","Pokémon Apprenti","Vorbereiter-Pokémon","Pokémon Aprendiz","Pokémon Novizio","Trainee Pokémon","したづみポケモン","入门宝可梦"
"291","ninjask","しのびポケモン",,"시노비포켓몬","忍者寶可夢","Pokémon Ninja","Ninja-Pokémon","Pokémon Ninja","Pokémon Ninja","Ninja Pokémon","しのびポケモン","忍者宝可梦"
"292","shedinja","ぬけがらポケモン",,"허물포켓몬","空殼寶可夢","Pokémon Exuvie","Häutungs-Pokémon","Pokémon Muda","Pokémon Cambiapelle","Shed Pokémon","ぬけがらポケモン","空壳宝可梦"
"293","whismur","ささやきポケモン",,"속삭임포켓몬","細語寶可夢","Pokémon Chuchoteur","Flüster-Pokémon","Pokémon Susurro","Pokémon Sussurro","Whisper Pokémon","ささやきポケモン","细语宝可梦"
"294","loudred","おおごえポケモン",,"큰목소리포켓몬","大聲寶可夢","Pokémon Grosse Voix","Lauthals-Pokémon","Pokémon Chillón","Pokémon Vocione","Big Voice Pokémon","おおごえポケモン","大声宝可梦"
"295","exploud","そうおんポケモン",,"소음포켓몬","噪音寶可夢","Pokémon Bruit Sourd","Krach-Pokémon","Pokémon Escandaloso","Pokémon Fragore","Loud Noise Pokémon","そうおんポケモン","噪音宝可梦"
"296","makuhita","こんじょうポケモン",,"근성포켓몬","毅力寶可夢","Pokémon Tenace","Courage","Pokémon Valiente","Pokémon Coraggio","Guts Pokémon","こんじょうポケモン","毅力宝可梦"
"297","hariyama","つっぱりポケモン",,"손바닥치기포켓몬","猛推寶可夢","Pokémon Cogneur","Armwurf","Pokémon Empuje","Pokémon Sberletese","Arm Thrust Pokémon","つっぱりポケモン","猛推宝可梦"
"298","azurill","みずたまポケモン",,"물방울포켓몬","水珠寶可夢","Pokémon Point Polka","Gepunktet-Pokémon","Pokémon A Topos","Pokémon Pois","Polka Dot Pokémon","みずたまポケモン","水珠宝可梦"
"299","nosepass","コンパスポケモン",,"콤파스포켓몬","羅盤寶可夢","Pokémon Boussole","Kompass","Pokémon Brújula","Pokémon Bussola","Compass Pokémon","コンパスポケモン","罗盘宝可梦"
"300","skitty","こねこポケモン",,"작은고양이포켓몬","小貓寶可夢","Pokémon Chaton","Kätzchen","Pokémon Gatito","Pokémon Micio","Kitten Pokémon","こねこポケモン","小猫宝可梦"
"301","delcatty","おすましポケモン",,"새침떼기포켓몬","清高寶可夢","Pokémon Guindé","Eingebildet","Pokémon Cursi","Pokémon Finezza","Prim Pokémon","おすましポケモン","清高宝可梦"
"302","sableye","くらやみポケモン",,"어둠포켓몬","黑暗寶可夢","Pokémon Obscurité","Finsternis-Pokémon","Pokémon Oscuridad","Pokémon Oscurità","Darkness Pokémon","くらやみポケモン","黑暗宝可梦"
"303","mawile","あざむきポケモン",,"배반포켓몬","欺騙寶可夢","Pokémon Trompeur","Schwindler-Pokémon","Pokémon Tramposo","Pokémon Inganno","Deceiver Pokémon","あざむきポケモン","欺骗宝可梦"
"304","aron","てつヨロイポケモン",,"철갑옷포켓몬","鐵鎧寶可夢","Pokémon Armurfer","Eisenpanzer-Pokémon","Pokémon Coraza Férrea","Pokémon Corazza","Iron Armor Pokémon","てつヨロイポケモン","铁铠宝可梦"
"305","lairon","てつヨロイポケモン",,"철갑옷포켓몬","鐵鎧寶可夢","Pokémon Armurfer","Eisenpanzer-Pokémon","Pokémon Coraza Férrea","Pokémon Corazza","Iron Armor Pokémon","てつヨロイポケモン","铁铠宝可梦"
"306","aggron","てつヨロイポケモン",,"철갑옷포켓몬","鐵鎧寶可夢","Pokémon Armurfer","Eisenpanzer-Pokémon","Pokémon Coraza Férrea","Pokémon Corazza","Iron Armor Pokémon","てつヨロイポケモン","铁铠宝可梦"
"307","meditite","めいそうポケモン",,"명상포켓몬","冥想寶可夢","Pokémon Méditation","Meditation","Pokémon Meditador","Pokémon Meditazione","Meditate Pokémon","めいそうポケモン","冥想宝可梦"
"308","medicham","めいそうポケモン",,"명상포켓몬","冥想寶可夢","Pokémon Méditation","Meditation","Pokémon Meditador","Pokémon Meditazione","Meditate Pokémon","めいそうポケモン","冥想宝可梦"
"309","electrike","いなずまポケモン",,"천둥번개포켓몬","閃電寶可夢","Pokémon Orage","Gewitter-Pokémon","Pokémon Calambre","Pokémon Lampo","Lightning Pokémon","いなずまポケモン","闪电宝可梦"
"310","manectric","ほうでんポケモン",,"방전포켓몬","放電寶可夢","Pokémon Décharge","Entladungs-Pokémon","Pokémon Descarga","Pokémon Scossa","Discharge Pokémon","ほうでんポケモン","放电宝可梦"
"311","plusle","おうえんポケモン",,"응원포켓몬","加油寶可夢","Pokémon Acclameur","Jubel","Pokémon Ánimo","Pokémon Incitamento","Cheering Pokémon","おうえんポケモン","加油宝可梦"
"312","minun","おうえんポケモン",,"응원포켓몬","加油寶可夢","Pokémon Acclameur","Jubel","Pokémon Ánimo","Pokémon Incitamento","Cheering Pokémon","おうえんポケモン","加油宝可梦"
"313","volbeat","ほたるポケモン",,"반딧불포켓몬","螢火蟲寶可夢","Pokémon Luciole","Glühwürmchen","Pokémon Luciérnaga","Pokémon Lucciola","Firefly Pokémon","ほたるポケモン","萤火虫宝可梦"
"314","illumise","ほたるポケモン",,"반딧불포켓몬","螢火蟲寶可夢","Pokémon Luciole","Glühwürmchen","Pokémon Luciérnaga","Pokémon Lucciola","Firefly Pokémon","ほたるポケモン","萤火虫宝可梦"
"315","roselia","いばらポケモン",,"가시포켓몬","荊棘寶可夢","Pokémon Épine","Dorn-Pokémon","Pokémon Espina","Pokémon Spina","Thorn Pokémon","いばらポケモン","荆棘宝可梦"
"316","gulpin","いぶくろポケモン",,"밥통포켓몬","胃袋寶可夢","Pokémon Estomac","Magen","Pokémon Estómago","Pokémon Stomaco","Stomach Pokémon","いぶくろポケモン","胃袋宝可梦"
"317","swalot","どくぶくろポケモン",,"독봉지포켓몬","毒袋寶可夢","Pokémon Sac Poison","Giftbeutel","Pokémon Bolsa Veneno","Pokémon Velenosacco","Poison Bag Pokémon","どくぶくろポケモン","毒袋宝可梦"
"318","carvanha","どうもうポケモン",,"사나움포켓몬","凶猛寶可夢","Pokémon Féroce","Gnadenlos-Pokémon","Pokémon Feroz","Pokémon Feroce","Savage Pokémon","どうもうポケモン","凶猛宝可梦"
"319","sharpedo","きょうぼうポケモン",,"난폭포켓몬","凶暴寶可夢","Pokémon Brutal","Brutal-Pokémon","Pokémon Voraz","Pokémon Brutale","Brutal Pokémon","きょうぼうポケモン","凶暴宝可梦"
"320","wailmer","たまくじらポケモン",,"둥근고래포켓몬","球鯨寶可夢","Pokémon Baleinboule","Kugelwal-Pokémon","Pokémon Ballenabola","Pokémon Balenottero","Ball Whale Pokémon","たまくじらポケモン","球鲸宝可梦"
"321","wailord","うきくじらポケモン",,"뜸고래포켓몬","浮鯨寶可夢","Pokémon Cachabouée","Flutwal-Pokémon","Pokémon Ballenaflot","Pokémon Megabalena","Float Whale Pokémon","うきくじらポケモン","浮鲸宝可梦"
"322","numel","どんかんポケモン",,"둔감포켓몬","遲鈍寶可夢","Pokémon Engourdi","Taubheit","Pokémon Torpe","Pokémon Torpore","Numb Pokémon","どんかんポケモン","迟钝宝可梦"
"323","camerupt","ふんかポケモン",,"분화포켓몬","噴火寶可夢","Pokémon Éruption","Ausbruch","Pokémon Erupción","Pokémon Eruzione","Eruption Pokémon","ふんかポケモン","喷火宝可梦"
"324","torkoal","せきたんポケモン",,"석탄포켓몬","煤炭寶可夢","Pokémon Charbon","Kohle-Pokémon","Pokémon Carbón","Pokémon Carbone","Coal Pokémon","せきたんポケモン","煤炭宝可梦"
"325","spoink","とびはねポケモン",,"튀다포켓몬","彈跳寶可夢","Pokémon Rebond","Sprungfeder","Pokémon Saltarín","Pokémon Molla","Bounce Pokémon","とびはねポケモン","弹跳宝可梦"
"326","grumpig","あやつりポケモン",,"조작포켓몬","操縱寶可夢","Pokémon Magouilleur","Manipulator","Pokémon Manipulador","Pokémon Raggiro","Manipulate Pokémon","あやつりポケモン","操纵宝可梦"
"327","spinda","ぶちパンダポケモン",,"얼룩팬더포켓몬","斑點熊貓寶可夢","Pokémon Panda Tache","Punkt-Panda","Pokémon Panda Topos","Pokémon Macchipanda","Spot Panda Pokémon","ぶちパンダポケモン","斑点熊猫宝可梦"
"328","trapinch","ありじごくポケモン",,"개미지옥포켓몬","蟻獅寶可夢","Pokémon Piégeur","Ameisenlöwen-Pokémon","Pokémon Hormiga León","Pokémon Trappola","Ant Pit Pokémon","ありじごくポケモン","蚁狮宝可梦"
"329","vibrava","しんどうポケモン",,"진동포켓몬","震動寶可夢","Pokémon Vibration","Vibrations-Pokémon","Pokémon Vibrante","Pokémon Vibrazione","Vibration Pokémon","しんどうポケモン","振动宝可梦"
"330","flygon","せいれいポケモン",,"정령포켓몬","神秘寶可夢","Pokémon Mystique","Mystik-Pokémon","Pokémon Místico","Pokémon Magico","Mystic Pokémon","せいれいポケモン","神秘宝可梦"
"331","cacnea","サボテンポケモン",,"선인장포켓몬","仙人掌寶可夢","Pokémon Cactus","Kaktus","Pokémon Cactus","Pokémon Cactus","Cactus Pokémon","サボテンポケモン","仙人掌宝可梦"
"332","cacturne","カカシぐさポケモン",,"허수아비포켓몬","稻草人寶可夢","Pokémon Épouvantail","Vogelschock","Pokémon Espantajo","Pokémon Spavento","Scarecrow Pokémon","カカシぐさポケモン","稻草人宝可梦"
"333","swablu","わたどりポケモン",,"솜새포켓몬","綿鳥寶可夢","Pokémon Oiseaucoton","Wollvogel-Pokémon","Pokémon Ave Algodón","Pokémon Alidicotone","Cotton Bird Pokémon","わたどりポケモン","绵鸟宝可梦"
"334","altaria","ハミングポケモン",,"허밍포켓몬","哼唱寶可夢","Pokémon Virevolteur","Summsel-Pokémon","Pokémon Cantor","Pokémon Canterino","Humming Pokémon","ハミングポケモン","哼唱宝可梦"
"335","zangoose","ネコイタチポケモン",,"고양이족제비포켓몬","貓鼬寶可夢","Pokémon Chat Furet","Frettkatz","Pokémon Gato Hurón","Pokémon Furogatto","Cat Ferret Pokémon","ネコイタチポケモン","猫鼬宝可梦"
"336","seviper","キバへびポケモン",,"송곳뱀포켓몬","牙蛇寶可夢","Pokémon Serpacroc","Reißzahn","Pokémon Colmillos","Pokémon Zannaserpe","Fang Snake Pokémon","キバへびポケモン","牙蛇宝可梦"
"337","lunatone","いんせきポケモン",,"별똥별포켓몬","隕石寶可夢","Pokémon Météorite","Meteoriten-Pokémon","Pokémon Meteorito","Pokémon Meteorite","Meteorite Pokémon","いんせきポケモン","陨石宝可梦"
"338","solrock","いんせきポケモン",,"별똥별포켓몬","隕石寶可夢","Pokémon Météorite","Meteoriten-Pokémon","Pokémon Meteorito","Pokémon Meteorite","Meteorite Pokémon","いんせきポケモン","陨石宝可梦"
"339","barboach","ひげうおポケモン",,"수염물고기포켓몬","鬚魚寶可夢","Pokémon Barbillon","Barthaar-Pokémon","Pokémon Bigotudo","Pokémon Baffetti","Whiskers Pokémon","ひげうおポケモン","须鱼宝可梦"
"340","whiscash","ひげうおポケモン",,"수염물고기포켓몬","鬚魚寶可夢","Pokémon Barbillon","Barthaar-Pokémon","Pokémon Bigotudo","Pokémon Baffetti","Whiskers Pokémon","ひげうおポケモン","须鱼宝可梦"
"341","corphish","ごろつきポケモン",,"건달포켓몬","無賴寶可夢","Pokémon Brute","Grobian-Pokémon","Pokémon Rufián","Pokémon Birbone","Ruffian Pokémon","ごろつきポケモン","无赖宝可梦"
"342","crawdaunt","ならずものポケモン",,"불량배포켓몬","流氓寶可夢","Pokémon Crapule","Schlingel-Pokémon","Pokémon Granuja","Pokémon Canaglia","Rogue Pokémon","ならずものポケモン","流氓宝可梦"
"343","baltoy","どぐうポケモン",,"토우포켓몬","泥偶寶可夢","Pokémon Poupargile","Lehmpuppen-Pokémon","Pokémon Muñeca Barro","Pokémon Argilla","Clay Doll Pokémon","どぐうポケモン","泥偶宝可梦"
"344","claydol","どぐうポケモン",,"토우포켓몬","泥偶寶可夢","Pokémon Poupargile","Lehmpuppen-Pokémon","Pokémon Muñeca Barro","Pokémon Argilla","Clay Doll Pokémon","どぐうポケモン","泥偶宝可梦"
"345","lileep","ウミユリポケモン",,"바다나리포켓몬","海百合寶可夢","Pokémon Lis d’Eau","Seeanemonen-Pokémon","Pokémon Lirio de Mar","Pokémon Fiordimare","Sea Lily Pokémon","ウミユリポケモン","海百合宝可梦"
"346","cradily","いわつぼポケモン",,"바위단지포켓몬","藤壺寶可夢","Pokémon Bernacle","Rankfüßer-Pokémon","Pokémon Percebe","Pokémon Lepade","Barnacle Pokémon","いわつぼポケモン","藤壶宝可梦"
"347","anorith","むかしエビポケモン",,"고대새우포켓몬","古蝦寶可夢","Pokémon Crustage","Urgarnelen-Pokémon","Pokémon Camarón","Pokémon Primaceo","Old Shrimp Pokémon","むかしエビポケモン","古虾宝可梦"
"348","armaldo","かっちゅうポケモン",,"갑주포켓몬","甲胄寶可夢","Pokémon Blindage","Schild-Pokémon","Pokémon Armadura","Pokémon Piastre","Plate Pokémon","かっちゅうポケモン","甲胄宝可梦"
"349","feebas","さかなポケモン",,"물고기포켓몬","魚寶可夢","Pokémon Poisson","Fisch-Pokémon","Pokémon Pez","Pokémon Pesce","Fish Pokémon","さかなポケモン","鱼宝可梦"
"350","milotic","いつくしみポケモン",,"사랑포켓몬","慈愛寶可夢","Pokémon Tendre","Zartheits-Pokémon","Pokémon Tierno","Pokémon Tenerezza","Tender Pokémon","いつくしみポケモン","慈爱宝可梦"
"351","castform","てんきポケモン",,"날씨포켓몬","天氣寶可夢","Pokémon Climat","Wetter","Pokémon Clima","Pokémon Meteo","Weather Pokémon","てんきポケモン","天气宝可梦"
"352","kecleon","いろへんげポケモン",,"색변화포켓몬","變色寶可夢","Pokémon Multicolor","Farbenspiel","Pokémon Camaleónico","Pokémon Mutacolore","Color Swap Pokémon","いろへんげポケモン","变色宝可梦"
"353","shuppet","にんぎょうポケモン",,"인형포켓몬","人偶寶可夢","Pokémon Poupée","Puppe","Pokémon Títere","Pokémon Pupazzo","Puppet Pokémon","にんぎょうポケモン","人偶宝可梦"
"354","banette","ぬいぐるみポケモン",,"봉제인형포켓몬","布偶寶可夢","Pokémon Marionnette","Marionette","Pokémon Marioneta","Pokémon Marionetta","Marionette Pokémon","ぬいぐるみポケモン","布偶宝可梦"
"355","duskull","おむかえポケモン",,"마중포켓몬","渡魂寶可夢","Pokémon Requiem","Requiem-Pokémon","Pokémon Réquiem","Pokémon Requiem","Requiem Pokémon","おむかえポケモン","渡魂宝可梦"
"356","dusclops","てまねきポケモン",,"손짓포켓몬","招手寶可夢","Pokémon Appel","Wink-Pokémon","Pokémon Atrayente","Pokémon Ipnosguardo","Beckon Pokémon","てまねきポケモン","招手宝可梦"
"357","tropius","フルーツポケモン",,"후르츠포켓몬","水果寶可夢","Pokémon Fruit","Obst","Pokémon Fruto","Pokémon Frutto","Fruit Pokémon","フルーツポケモン","水果宝可梦"
"358","chimecho","ふうりんポケモン",,"풍경포켓몬","風鈴寶可夢","Pokémon Carillon","Windspiel","Pokémon Sonido Aire","Pokémon Vencampana","Wind Chime Pokémon","ふうりんポケモン","风铃宝可梦"
"359","absol","わざわいポケモン",,"재난포켓몬","災禍寶可夢","Pokémon Désastre","Desaster-Pokémon","Pokémon Catástrofe","Pokémon Catastrofe","Disaster Pokémon","わざわいポケモン","灾祸宝可梦"
"360","wynaut","ほがらかポケモン",,"명랑포켓몬","開朗寶可夢","Pokémon Ravi","Strahlekind-Pokémon","Pokémon Radiante","Pokémon Brillante","Bright Pokémon","ほがらかポケモン","开朗宝可梦"
"361","snorunt","ゆきかさポケモン",,"눈우산포켓몬","雪笠寶可夢","Pokémon Capuche","Schneehut-Pokémon","Pokémon Gorro Nieve","Pokémon Cappelneve","Snow Hat Pokémon","ゆきかさポケモン","雪笠宝可梦"
"362","glalie","がんめんポケモン",,"얼굴포켓몬","臉面寶可夢","Pokémon Face","Antlitz-Pokémon","Pokémon Cara","Pokémon Tuttomuso","Face Pokémon","がんめんポケモン","脸面宝可梦"
"363","spheal","てたたきポケモン",,"손뼉포켓몬","拍手寶可夢","Pokémon Clap Clap","Applaus-Pokémon","Pokémon Aplauso","Pokémon Rotolante","Clap Pokémon","てたたきポケモン","拍手宝可梦"
"364","sealeo","たままわしポケモン",,"공돌리기포켓몬","滾球寶可夢","Pokémon Roule Boule","Spielball-Pokémon","Pokémon Rodabola","Pokémon Rotapalla","Ball Roll Pokémon","たままわしポケモン","滚球宝可梦"
"365","walrein","こおりわりポケモン",,"얼음깨기포켓몬","破冰寶可夢","Pokémon Brise Glace","Eisbrecher-Pokémon","Pokémon Rompehielo","Pokémon Spaccagelo","Ice Break Pokémon","こおりわりポケモン","破冰宝可梦"
"366","clamperl","２まいがいポケモン",,"두조개포켓몬","雙殼貝寶可夢","Pokémon Bivalve","Muschel","Pokémon Bivalvo","Pokémon Bivalve","Bivalve Pokémon","２まいがいポケモン","双壳贝宝可梦"
"367","huntail","しんかいポケモン",,"깊은바다포켓몬","深海寶可夢","Pokémon Abysse","Tiefsee","Pokémon Abisal","Pokémon Abissi","Deep Sea Pokémon","しんかいポケモン","深海宝可梦"
"368","gorebyss","なんかいポケモン",,"남해포켓몬","南海寶可夢","Pokémon Mer du Sud","Südsee","Pokémon Mar del Sur","Pokémon Sudmarino","South Sea Pokémon","なんかいポケモン","南海宝可梦"
"369","relicanth","ちょうじゅポケモン",,"장수포켓몬","長壽寶可夢","Pokémon Longévité","Bestand-Pokémon","Pokémon Longevo","Pokémon Longevità","Longevity Pokémon","ちょうじゅポケモン","长寿宝可梦"
"370","luvdisc","ランデブーポケモン",,"랑데부포켓몬","相隨寶可夢","Pokémon Rendezvous","Rendezvous","Pokémon Cita","Pokémon Rendezvous","Rendezvous Pokémon","ランデブーポケモン","相随宝可梦"
"371","bagon","いしあたまポケモン",,"돌머리포켓몬","堅硬腦袋寶可夢","Pokémon Tête de Roc","Steinhaupt-Pokémon","Pokémon Cabeza Roca","Pokémon Rocciotesta","Rock Head Pokémon","いしあたまポケモン","坚硬脑袋宝可梦"
"372","shelgon","にんたいポケモン",,"인내포켓몬","耐力寶可夢","Pokémon Endurant","Durchsteher-Pokémon","Pokémon Resistencia","Pokémon Resistenza","Endurance Pokémon","にんたいポケモン","耐力宝可梦"
"373","salamence","ドラゴンポケモン",,"드래곤포켓몬","龍寶可夢","Pokémon Dragon","Drachen-Pokémon","Pokémon Dragón","Pokémon Drago","Dragon Pokémon","ドラゴンポケモン","龙宝可梦"
"374","beldum","てっきゅうポケモン",,"철공포켓몬","鐵球寶可夢","Pokémon Boulefer","Eisenkugel-Pokémon","Pokémon Bola Hierro","Pokémon Ferrosfera","Iron Ball Pokémon","てっきゅうポケモン","铁球宝可梦"
"375","metang","てつツメポケモン",,"철발톱포켓몬","鐵爪寶可夢","Pokémon Pincefer","Eisenklauen-Pokémon","Pokémon Garra Hierro","Pokémon Ferrunghia","Iron Claw Pokémon","てつツメポケモン","铁爪宝可梦"
"376","metagross","てつあしポケモン",,"무쇠다리포켓몬","鐵足寶可夢","Pokémon Pattefer","Eisenfuß-Pokémon","Pokémon Pata Hierro","Pokémon Ferrarto","Iron Leg Pokémon","てつあしポケモン","铁足宝可梦"
"377","regirock","いわやまポケモン",,"바위산포켓몬","岩山寶可夢","Pokémon Pic Rocheux","Steingipfel-Pokémon","Pokémon Pico Roca","Pokémon Picco","Rock Peak Pokémon","いわやまポケモン","岩山宝可梦"
"378","regice","ひょうざんポケモン",,"빙산포켓몬","冰山寶可夢","Pokémon Iceberg","Eisberg-Pokémon","Pokémon Iceberg","Pokémon Iceberg","Iceberg Pokémon","ひょうざんポケモン","冰山宝可梦"
"379","registeel","くろがねポケモン",,"쇠철포켓몬","黑金寶可夢","Pokémon Fer","Eisen-Pokémon","Pokémon Hierro","Pokémon Ferro","Iron Pokémon","くろがねポケモン","黑金宝可梦"
"380","latias","むげんポケモン",,"무한포켓몬","無限寶可夢","Pokémon Éon","Äon-Pokémon","Pokémon Eón","Pokémon Eone","Eon Pokémon","むげんポケモン","无限宝可梦"
"381","latios","むげんポケモン",,"무한포켓몬","無限寶可夢","Pokémon Éon","Äon-Pokémon","Pokémon Eón","Pokémon Eone","Eon Pokémon","むげんポケモン","无限宝可梦"
"382","kyogre","かいていポケモン",,"해저포켓몬","海底寶可夢","Pokémon Bassinmarin","Seegründler-Pokémon","Pokémon Cuenca Mar","Pokémon Oceano","Sea Basin Pokémon","かいていポケモン","海底宝可梦"
"383","groudon","たいりくポケモン",,"대륙포켓몬","大陸寶可夢","Pokémon Continent","Kontinent-Pokémon","Pokémon Continente","Pokémon Continente","Continent Pokémon","たいりくポケモン","大陆宝可梦"
"384","rayquaza","てんくうポケモン",,"천공포켓몬","天空寶可夢","Pokémon Cieux","Himmelhoch-Pokémon","Pokémon Cielo","Pokémon Stratosfera","Sky High Pokémon","てんくうポケモン","天空宝可梦"
"385","jirachi","ねがいごとポケモン",,"희망사항포켓몬","祈願寶可夢","Pokémon Souhait","Wünscher-Pokémon","Pokémon Deseo","Pokémon Desiderio","Wish Pokémon","ねがいごとポケモン","祈愿宝可梦"
"386","deoxys","ＤＮＡポケモン",,"DNA포켓몬","ＤＮＡ寶可夢","Pokémon ADN","DNS","Pokémon ADN","Pokémon DNA","DNA Pokémon","ＤＮＡポケモン","ＤＮＡ宝可梦"
"387","turtwig","わかばポケモン",,"어린잎포켓몬","嫩葉寶可夢","Pokémon Minifeuille","Winziglaub","Pokémon Hojita","Pokémon Fogliolina","Tiny Leaf Pokémon","わかばポケモン","嫩叶宝可梦"
"388","grotle","こだちポケモン",,"나무숲포켓몬","樹叢寶可夢","Pokémon Bosquet","Hain","Pokémon Arboleda","Pokémon Boschetto","Grove Pokémon","こだちポケモン","树丛宝可梦"
"389","torterra","たいりくポケモン",,"대륙포켓몬","大陸寶可夢","Pokémon Continent","Kontinent","Pokémon Continente","Pokémon Continente","Continent Pokémon","たいりくポケモン","大陆宝可梦"
"390","chimchar","こざるポケモン",,"꼬마원숭이포켓몬","小猴寶可夢","Pokémon Chimpanzé","Schimpanse","Pokémon Chimpancé","Pokémon Scimpanzé","Chimp Pokémon","こざるポケモン","小猴宝可梦"
"391","monferno","やんちゃポケモン",,"개구쟁이포켓몬","頑皮寶可夢","Pokémon Garnement","Verspielt","Pokémon Juguetón","Pokémon Briccone","Playful Pokémon","やんちゃポケモン","顽皮宝可梦"
"392","infernape","かえんポケモン",,"화염포켓몬","火焰寶可夢","Pokémon Flamme","Flamme","Pokémon Llama","Pokémon Fiamma","Flame Pokémon","かえんポケモン","火焰宝可梦"
"393","piplup","ペンギンポケモン",,"펭귄포켓몬","企鵝寶可夢","Pokémon Pingouin","Pinguin","Pokémon Pingüino","Pokémon Pinguino","Penguin Pokémon","ペンギンポケモン","企鹅宝可梦"
"394","prinplup","ペンギンポケモン",,"펭귄포켓몬","企鵝寶可夢","Pokémon Pingouin","Pinguin","Pokémon Pingüino","Pokémon Pinguino","Penguin Pokémon","ペンギンポケモン","企鹅宝可梦"
"395","empoleon","こうていポケモン",,"황제포켓몬","皇帝寶可夢","Pokémon Empereur","Kaiser","Pokémon Emperador","Pokémon Imperatore","Emperor Pokémon","こうていポケモン","皇帝宝可梦"
"396","starly","むくどりポケモン",,"찌르레기포켓몬","椋鳥寶可夢","Pokémon Étourneau","Star","Pokémon Estornino","Pokémon Storno","Starling Pokémon","むくどりポケモン","椋鸟宝可梦"
"397","staravia","むくどりポケモン",,"찌르레기포켓몬","椋鳥寶可夢","Pokémon Étourneau","Star","Pokémon Estornino","Pokémon Storno","Starling Pokémon","むくどりポケモン","椋鸟宝可梦"
"398","staraptor","もうきんポケモン",,"맹금포켓몬","猛禽寶可夢","Pokémon Rapace","Raubtier","Pokémon Depredador","Pokémon Rapace","Predator Pokémon","もうきんポケモン","猛禽宝可梦"
"399","bidoof","まるねずみポケモン",,"둥글쥐포켓몬","圓鼠寶可夢","Pokémon Souridodue","Dickmaus","Pokémon Gran Ratón","Pokémon Topaffuto","Plump Mouse Pokémon","まるねずみポケモン","圆鼠宝可梦"
"400","bibarel","ビーバーポケモン",,"비버포켓몬","河狸寶可夢","Pokémon Castor","Biber","Pokémon Castor","Pokémon Castoro","Beaver Pokémon","ビーバーポケモン","河狸宝可梦"
"401","kricketot","こおろぎポケモン",,"귀뚜라미포켓몬","蟋蟀寶可夢","Pokémon Criquet","Zirper","Pokémon Grillo","Pokémon Grillo","Cricket Pokémon","こおろぎポケモン","蟋蟀宝可梦"
"402","kricketune","こおろぎポケモン",,"귀뚜라미포켓몬","蟋蟀寶可夢","Pokémon Criquet","Zirper","Pokémon Grillo","Pokémon Grillo","Cricket Pokémon","こおろぎポケモン","蟋蟀宝可梦"
"403","shinx","せんこうポケモン",,"섬광포켓몬","閃光寶可夢","Pokémon Flash","Flacker-Pokémon","Pokémon Flash","Pokémon Baleno","Flash Pokémon","せんこうポケモン","闪光宝可梦"
"404","luxio","でんこうポケモン",,"전광포켓몬","電光寶可夢","Pokémon Étincelle","Funken-Pokémon","Pokémon Chispa","Pokémon Favilla","Spark Pokémon","でんこうポケモン","电光宝可梦"
"405","luxray","がんこうポケモン",,"안광포켓몬","目光寶可夢","Pokémon Brillœil","Glühaugen-Pokémon","Pokémon Chispa Ojos","Pokémon Occhiluce","Gleam Eyes Pokémon","がんこうポケモン","目光宝可梦"
"406","budew","つぼみポケモン",,"꽃봉오리포켓몬","花苞寶可夢","Pokémon Bourgeon","Knospen-Pokémon","Pokémon Brote","Pokémon Germoglio","Bud Pokémon","つぼみポケモン","花苞宝可梦"
"407","roserade","ブーケポケモン",,"부케포켓몬","花束寶可夢","Pokémon Bouquet","Blumenstrauß-Pokémon","Pokémon Ramillete","Pokémon Floreale","Bouquet Pokémon","ブーケポケモン","花束宝可梦"
"408","cranidos","ずつきポケモン",,"박치기포켓몬","頭錘寶可夢","Pokémon Coud’Boule","Kopfstoß","Pokémon Cabezazo","Pokémon Cranioso","Head Butt Pokémon","ずつきポケモン","头锤宝可梦"
"409","rampardos","ずつきポケモン",,"박치기포켓몬","頭錘寶可夢","Pokémon Coud’Boule","Kopfstoß","Pokémon Cabezazo","Pokémon Cranioso","Head Butt Pokémon","ずつきポケモン","头锤宝可梦"
"410","shieldon","シールドポケモン",,"실드포켓몬","護盾寶可夢","Pokémon Bouclier","Schutzschild","Pokémon Escudo","Pokémon Schermo","Shield Pokémon","シールドポケモン","护盾宝可梦"
"411","bastiodon","シールドポケモン",,"실드포켓몬","護盾寶可夢","Pokémon Bouclier","Schutzschild","Pokémon Escudo","Pokémon Schermo","Shield Pokémon","シールドポケモン","护盾宝可梦"
"412","burmy","みのむしポケモン",,"도롱이벌레포켓몬","蓑衣蟲寶可夢","Pokémon Ver Caché","Beutelwurm","Pokémon Larva","Pokémon Larva","Bagworm Pokémon","みのむしポケモン","蓑衣虫宝可梦"
"413","wormadam","みのむしポケモン",,"도롱이벌레포켓몬","蓑衣蟲寶可夢","Pokémon Ver Caché","Beutelwurm","Pokémon Larva","Pokémon Larva","Bagworm Pokémon","みのむしポケモン","蓑衣虫宝可梦"
"414","mothim","ミノガポケモン",,"나방포켓몬","蓑衣蛾寶可夢","Pokémon Phalène","Motte","Pokémon Polilla","Pokémon Falena","Moth Pokémon","ミノガポケモン","蓑衣蛾宝可梦"
"415","combee","はちのこポケモン",,"꼬마벌포켓몬","幼蜂寶可夢","Pokémon Miniabeille","Kleinbienen-Pokémon","Pokémon Abejita","Pokémon Apetta","Tiny Bee Pokémon","はちのこポケモン","幼蜂宝可梦"
"416","vespiquen","はちのすポケモン",,"벌집포켓몬","蜂巢寶可夢","Pokémon Ruche","Bienenstock-Pokémon","Pokémon Colmena","Pokémon Alveare","Beehive Pokémon","はちのすポケモン","蜂巢宝可梦"
"417","pachirisu","でんきりすポケモン",,"전기다람쥐포켓몬","電松鼠寶可夢","Pokémon Écurélec","Elektrohörnchen","Pokémon Ardillalec","Pokémon Elescoiatto","EleSquirrel Pokémon","でんきりすポケモン","电松鼠宝可梦"
"418","buizel","うみイタチポケモン",,"바다족제비포켓몬","海鼬寶可夢","Pokémon Aquabelette","Meereswiesel","Pokémon Nutria Mar.","Pokémon Maridonnola","Sea Weasel Pokémon","うみイタチポケモン","海鼬宝可梦"
"419","floatzel","うみイタチポケモン",,"바다족제비포켓몬","海鼬寶可夢","Pokémon Aquabelette","Meereswiesel","Pokémon Nutria Mar.","Pokémon Maridonnola","Sea Weasel Pokémon","うみイタチポケモン","海鼬宝可梦"
"420","cherubi","さくらんぼポケモン",,"버찌포켓몬","櫻桃寶可夢","Pokémon Cerise","Kirschen-Pokémon","Pokémon Cereza","Pokémon Ciliegia","Cherry Pokémon","さくらんぼポケモン","樱桃宝可梦"
"421","cherrim","サクラポケモン",,"벚꽃포켓몬","櫻花寶可夢","Pokémon Floraison","Blüten-Pokémon","Pokémon Floración","Pokémon Bocciolo","Blossom Pokémon","サクラポケモン","樱花宝可梦"
"422","shellos","ウミウシポケモン",,"갯민숭달팽이포켓몬","海兔寶可夢","Pokémon Aqualimace","Seeschnecken-Pokémon","Pokémon Babosa Marina","Pokémon Lumacomare","Sea Slug Pokémon","ウミウシポケモン","海兔宝可梦"
"423","gastrodon","ウミウシポケモン",,"갯민숭달팽이포켓몬","海兔寶可夢","Pokémon Aqualimace","Seeschnecken-Pokémon","Pokémon Babosa Marina","Pokémon Lumacomare","Sea Slug Pokémon","ウミウシポケモン","海兔宝可梦"
"424","ambipom","おながポケモン",,"긴꼬리포켓몬","長尾寶可夢","Pokémon Longqueue","Langschweif","Pokémon Cola Larga","Pokémon Lungacoda","Long Tail Pokémon","おながポケモン","长尾宝可梦"
"425","drifloon","ふうせんポケモン",,"풍선포켓몬","氣球寶可夢","Pokémon Bouboule","Ballon-Pokémon","Pokémon Globo","Pokémon Pallone","Balloon Pokémon","ふうせんポケモン","气球宝可梦"
"426","drifblim","ききゅうポケモン",,"기구포켓몬","熱氣球寶可夢","Pokémon Ballon","Luftschiff-Pokémon","Pokémon Dirigible","Pokémon Dirigibile","Blimp Pokémon","ききゅうポケモン","热气球宝可梦"
"427","buneary","うさぎポケモン",,"토끼포켓몬","兔子寶可夢","Pokémon Lapin","Hasen-Pokémon","Pokémon Conejo","Pokémon Coniglio","Rabbit Pokémon","うさぎポケモン","兔子宝可梦"
"428","lopunny","うさぎポケモン",,"토끼포켓몬","兔子寶可夢","Pokémon Lapin","Hasen-Pokémon","Pokémon Conejo","Pokémon Coniglio","Rabbit Pokémon","うさぎポケモン","兔子宝可梦"
"429","mismagius","マジカルポケモン",,"매지컬포켓몬","魔法寶可夢","Pokémon Magique","Magisch","Pokémon Mágico","Pokémon Stregone","Magical Pokémon","マジカルポケモン","魔法宝可梦"
"430","honchkrow","おおボスポケモン",,"큰형님포켓몬","大頭目寶可夢","Pokémon Big Boss","Anführer","Pokémon Gran Jefe","Pokémon Grancapo","Big Boss Pokémon","おおボスポケモン","大头目宝可梦"
"431","glameow","ねこかぶりポケモン",,"내숭포켓몬","裝乖寶可夢","Pokémon Chafouin","Fies","Pokémon Gastuto","Pokémon Felide","Catty Pokémon","ねこかぶりポケモン","装乖宝可梦"
"432","purugly","とらねこポケモン",,"얼룩고양이포켓몬","虎斑貓寶可夢","Pokémon Chatigre","Tigerkatze","Pokémon Tigre Gato","Pokémon Gattotigre","Tiger Cat Pokémon","とらねこポケモン","虎斑猫宝可梦"
"433","chingling","すずポケモン",,"방울포켓몬","鈴鐺寶可夢","Pokémon Clochette","Glöckchen","Pokémon Campana","Pokémon Sonaglio","Bell Pokémon","すずポケモン","铃铛宝可梦"
"434","stunky","スカンクポケモン",,"스컹크포켓몬","臭鼬寶可夢","Pokémon Moufette","Stinktier-Pokémon","Pokémon Mofeta","Pokémon Moffetta","Skunk Pokémon","スカンクポケモン","臭鼬宝可梦"
"435","skuntank","スカンクポケモン",,"스컹크포켓몬","臭鼬寶可夢","Pokémon Moufette","Stinktier-Pokémon","Pokémon Mofeta","Pokémon Moffetta","Skunk Pokémon","スカンクポケモン","臭鼬宝可梦"
"436","bronzor","せいどうポケモン",,"청동포켓몬","青銅寶可夢","Pokémon Bronze","Bronze-Pokémon","Pokémon Bronce","Pokémon Bronzo","Bronze Pokémon","せいどうポケモン","青铜宝可梦"
"437","bronzong","どうたくポケモン",,"동탁포켓몬","銅鐘寶可夢","Pokémon Clochebronze","Bronzeglocken-Pokémon","Pokémon Campana Bronce","Pokémon Squibronzo","Bronze Bell Pokémon","どうたくポケモン","铜钟宝可梦"
"438","bonsly","ぼんさいポケモン",,"분재포켓몬","盆栽寶可夢","Pokémon Bonsaï","Bonsai-Pokémon","Pokémon Bonsái","Pokémon Bonsai","Bonsai Pokémon","ぼんさいポケモン","盆栽宝可梦"
"439","mime-jr","マイムポケモン",,"따라하기포켓몬","默劇寶可夢","Pokémon Mime","Mimen-Pokémon","Pokémon Mimo","Pokémon Mimo","Mime Pokémon","マイムポケモン","默剧宝可梦"
"440","happiny","ままごとポケモン",,"소꿉놀이포켓몬","家家酒寶可夢","Pokémon Maisonjouet","Spielhaus-Pokémon","Pokémon Casita","Pokémon Ovettino","Playhouse Pokémon","ままごとポケモン","家家酒宝可梦"
"441","chatot","おんぷポケモン",,"음표포켓몬","音符寶可夢","Pokémon Note Musique","Musiknote","Pokémon Corchea","Pokémon Musicale","Music Note Pokémon","おんぷポケモン","音符宝可梦"
"442","spiritomb","ふういんポケモン",,"봉인포켓몬","封印寶可夢","Pokémon Interdit","Verboten-Pokémon","Pokémon Prohibido","Pokémon Proibito","Forbidden Pokémon","ふういんポケモン","封印宝可梦"
"443","gible","りくザメポケモン",,"육지상어포켓몬","陸鯊寶可夢","Pokémon Terrequin","Landhai-Pokémon","Pokémon Terrascualo","Pokémon Squaloterra","Land Shark Pokémon","りくザメポケモン","陆鲨宝可梦"
"444","gabite","ほらあなポケモン",,"동굴포켓몬","洞穴寶可夢","Pokémon Caverne","Höhlen-Pokémon","Pokémon Cueva","Pokémon Grotta","Cave Pokémon","ほらあなポケモン","洞穴宝可梦"
"445","garchomp","マッハポケモン",,"마하포켓몬","音速寶可夢","Pokémon Supersonic","Rasanz-Pokémon","Pokémon Mach","Pokémon Mach","Mach Pokémon","マッハポケモン","音速宝可梦"
"446","munchlax","おおぐいポケモン",,"대식가포켓몬","大胃王寶可夢","Pokémon Goinfre","Nimmersatt-Pokémon","Pokémon Comilón","Pokémon Ghiottone","Big Eater Pokémon","おおぐいポケモン","大胃王宝可梦"
"447","riolu","はもんポケモン",,"파문포켓몬","波紋寶可夢","Pokémon Émanation","Wellenspiel-Pokémon","Pokémon Emanación","Pokémon Emanazione","Emanation Pokémon","はもんポケモン","波纹宝可梦"
"448","lucario","はどうポケモン",,"파동포켓몬","波導寶可夢","Pokémon Aura","Aura-Pokémon","Pokémon Aura","Pokémon Aura","Aura Pokémon","はどうポケモン","波导宝可梦"
"449","hippopotas","カバポケモン",,"하마포켓몬","河馬寶可夢","Pokémon Hippo","Flusspferd-Pokémon","Pokémon Hipo","Pokémon Ippo","Hippo Pokémon","カバポケモン","河马宝可梦"
"450","hippowdon","じゅうりょうポケモン",,"중량포켓몬","重量寶可夢","Pokémon Poids Lourd","Schwergewichts-Pokémon","Pokémon Peso Pesado","Pokémon Grandepeso","Heavyweight Pokémon","じゅうりょうポケモン","重量宝可梦"
"451","skorupi","さそりポケモン",,"전갈포켓몬","蠍子寶可夢","Pokémon Scorpion","Skorpion-Pokémon","Pokémon Escorpión","Pokémon Scorpione","Scorpion Pokémon","さそりポケモン","蝎子宝可梦"
"452","drapion","ばけさそりポケモン",,"요괴전갈포켓몬","蠍怪寶可夢","Pokémon Scorpogre","Ogerskorpion-Pokémon","Pokémon Escorpiogro","Pokémon Scorpiaccio","Ogre Scorpion Pokémon","ばけさそりポケモン","蝎怪宝可梦"
"453","croagunk","どくづきポケモン",,"독설포켓몬","毒擊寶可夢","Pokémon Toxique","Giftmund-Pokémon","Pokémon Boca Tóxica","Pokémon Inveieleno","Toxic Mouth Pokémon","どくづきポケモン","毒击宝可梦"
"454","toxicroak","どくづきポケモン",,"독설포켓몬","毒擊寶可夢","Pokémon Toxique","Giftmund-Pokémon","Pokémon Boca Tóxica","Pokémon Inveieleno","Toxic Mouth Pokémon","どくづきポケモン","毒击宝可梦"
"455","carnivine","むしとりポケモン",,"벌레잡이포켓몬","捕蟲寶可夢","Pokémon Chopinsecte","Käfertod","Pokémon Caza Bichos","Pokémon Insettivoro","Bug Catcher Pokémon","むしとりポケモン","捕虫宝可梦"
"456","finneon","はねうおポケモン",,"비어포켓몬","飛翅魚寶可夢","Pokémon Poisson Ailé","Flügelfisch","Pokémon Pez Ala","Pokémon Pescealato","Wing Fish Pokémon","はねうおポケモン","飞翅鱼宝可梦"
"457","lumineon","ネオンポケモン",,"네온포켓몬","霓虹寶可夢","Pokémon Néon","Neon","Pokémon Neón","Pokémon Neon","Neon Pokémon","ネオンポケモン","霓虹宝可梦"
"458","mantyke","カイトポケモン",,"연포켓몬","風箏寶可夢","Pokémon Cervolant","Flugrochen-Pokémon","Pokémon Milano","Pokémon Aquilone","Kite Pokémon","カイトポケモン","风筝宝可梦"
"459","snover","じゅひょうポケモン",,"얼음나무포켓몬","樹冰寶可夢","Pokémon Arbregelé","Frostbaum-Pokémon","Pokémon Árbol Nieve","Pokémon Albergelo","Frost Tree Pokémon","じゅひょうポケモン","树冰宝可梦"
"460","abomasnow","じゅひょうポケモン",,"얼음나무포켓몬","樹冰寶可夢","Pokémon Arbregelé","Frostbaum-Pokémon","Pokémon Árbol Nieve","Pokémon Albergelo","Frost Tree Pokémon","じゅひょうポケモン","树冰宝可梦"
"461","weavile","かぎづめポケモン",,"갈고리손톱포켓몬","鉤爪寶可夢","Pokémon Grifacérée","Stichklauen-Pokémon","Pokémon Garra Filo","Pokémon Lamartigli","Sharp Claw Pokémon","かぎづめポケモン","钩爪宝可梦"
"462","magnezone","じばポケモン",,"자기장포켓몬","磁場寶可夢","Pokémon Aimant","Magnetgebiets-Pokémon","Pokémon Magnético","Pokémon Magnetico","Magnet Area Pokémon","じばポケモン","磁场宝可梦"
"463","lickilicky","なめまわしポケモン",,"핥기포켓몬","舔舔寶可夢","Pokémon Lécheur","Schlecker-Pokémon","Pokémon Lametazo","Pokémon Linguaccia","Licking Pokémon","なめまわしポケモン","舔舔宝可梦"
"464","rhyperior","ドリルポケモン",,"드릴포켓몬","鑽錐寶可夢","Pokémon Perceur","Bohrer-Pokémon","Pokémon Taladro","Pokémon Trapano","Drill Pokémon","ドリルポケモン","钻锥宝可梦"
"465","tangrowth","ツルじょうポケモン",,"넝쿨포켓몬","藤蔓狀寶可夢","Pokémon Vigne","Ranken-Pokémon","Pokémon Enredadera","Pokémon Liana","Vine Pokémon","ツルじょうポケモン","藤蔓状宝可梦"
"466","electivire","らいでんポケモン",,"뇌전포켓몬","雷電寶可夢","Pokémon Foudrélec","Donnerkeil-Pokémon","Pokémon Rayo","Pokémon Saetta","Thunderbolt Pokémon","らいでんポケモン","雷电宝可梦"
"467","magmortar","ばくえんポケモン",,"폭염포켓몬","爆炎寶可夢","Pokémon Explosion","Detonations-Pokémon","Pokémon Explosión","Pokémon Esplosivo","Blast Pokémon","ばくえんポケモン","爆炎宝可梦"
"468","togekiss","しゅくふくポケモン",,"축복포켓몬","祝福寶可夢","Pokémon Célébration","Jubilierer-Pokémon","Pokémon Festejo","Pokémon Festa","Jubilee Pokémon","しゅくふくポケモン","祝福宝可梦"
"469","yanmega","オニトンボポケモン",,"깨비잠자리포켓몬","勾蜓寶可夢","Pokémon Libellogre","Agrion","Pokémon Libélula","Pokémon Libellorco","Ogre Darner Pokémon","オニトンボポケモン","勾蜓宝可梦"
"470","leafeon","しんりょくポケモン",,"심록포켓몬","新綠寶可夢","Pokémon Verdoyant","Unreif-Pokémon","Pokémon Verdor","Pokémon Rigoglioso","Verdant Pokémon","しんりょくポケモン","新绿宝可梦"
"471","glaceon","しんせつポケモン",,"신설포켓몬","新雪寶可夢","Pokémon Poudreuse","Neuschnee-Pokémon","Pokémon Nieve Fresca","Pokémon Nevefresca","Fresh Snow Pokémon","しんせつポケモン","新雪宝可梦"
"472","gliscor","キバさそりポケモン",,"송곳니전갈포켓몬","牙蠍寶可夢","Pokémon Scorpicroc","Zahnskorpi","Pokémon Colmicorpio","Pokémon Scorpidente","Fang Scorpion Pokémon","キバさそりポケモン","牙蝎宝可梦"
"473","mamoswine","２ほんキバポケモン",,"2개송곳니포켓몬","雙牙寶可夢","Pokémon Deudéfenses","Doppelstoßzahn-Pokémon","Pokémon Doscolmillos","Pokémon Duezanne","Twin Tusk Pokémon","２ほんキバポケモン","双牙宝可梦"
"474","porygon-z","バーチャルポケモン",,"가상포켓몬","虛擬寶可夢","Pokémon Virtuel","Virtuell-Pokémon","Pokémon Virtual","Pokémon Virtuale","Virtual Pokémon","バーチャルポケモン","虚拟宝可梦"
"475","gallade","やいばポケモン",,"검포켓몬","利刃寶可夢","Pokémon Lame","Klingen-Pokémon","Pokémon Cuchilla","Pokémon Lama","Blade Pokémon","やいばポケモン","利刃宝可梦"
"476","probopass","コンパスポケモン",,"콤파스포켓몬","羅盤寶可夢","Pokémon Boussole","Kompass","Pokémon Brújula","Pokémon Bussola","Compass Pokémon","コンパスポケモン","罗盘宝可梦"
"477","dusknoir","てづかみポケモン",,"움켜쥠포켓몬","抓握寶可夢","Pokémon Mainpince","Greifer-Pokémon","Pokémon Grilletes","Pokémon Pinza","Gripper Pokémon","てづかみポケモン","抓握宝可梦"
"478","froslass","ゆきぐにポケモン",,"설국포켓몬","雪國寶可夢","Pokémon Enneigement","Schneegebiets-Pokémon","Pokémon Tierra Fría","Pokémon Suolnevoso","Snow Land Pokémon","ゆきぐにポケモン","雪国宝可梦"
"479","rotom","プラズマポケモン",,"플라스마포켓몬","等離子寶可夢","Pokémon Plasma","Plasma-Pokémon","Pokémon Plasma","Pokémon Plasma","Plasma Pokémon","プラズマポケモン","等离子宝可梦"
"480","uxie","ちしきポケモン",,"지식포켓몬","知識寶可夢","Pokémon Savoir","Wissens-Pokémon","Pokémon Sabiduría","Pokémon Sapienza","Knowledge Pokémon","ちしきポケモン","知识宝可梦"
"481","mesprit","かんじょうポケモン",,"감정포켓몬","感情寶可夢","Pokémon Émotion","Emotions-Pokémon","Pokémon Sensorio","Pokémon Emozione","Emotion Pokémon","かんじょうポケモン","感情宝可梦"
"482","azelf","いしポケモン",,"의지포켓몬","意志寶可夢","Pokémon Volonté","Willenskraft-Pokémon","Pokémon Voluntad","Pokémon Volontà","Willpower Pokémon","いしポケモン","意志宝可梦"
"483","dialga","じかんポケモン",,"시간포켓몬","時間寶可夢","Pokémon Temps","Zeitweilig-Pokémon","Pokémon Temporal","Pokémon Tempo","Temporal Pokémon","じかんポケモン","时间宝可梦"
"484","palkia","くうかんポケモン",,"공간포켓몬","空間寶可夢","Pokémon Espace","Räumlich-Pokémon","Pokémon Espacial","Pokémon Spazio","Spatial Pokémon","くうかんポケモン","空间宝可梦"
"485","heatran","かこうポケモン",,"화구포켓몬","火山口寶可夢","Pokémon Caldeira","Lavadom-Pokémon","Pokémon Domo Lava","Pokémon Cratere","Lava Dome Pokémon","かこうポケモン","火山口宝可梦"
"486","regigigas","きょだいポケモン",,"거대포켓몬","巨大寶可夢","Pokémon Prodigieux","Kolossal-Pokémon","Pokémon Colosal","Pokémon Colossale","Colossal Pokémon","きょだいポケモン","巨大宝可梦"
"487","giratina","はんこつポケモン",,"반골포켓몬","反抗寶可夢","Pokémon Renégat","Rebellen-Pokémon","Pokémon Renegado","Pokémon Ribelle","Renegade Pokémon","はんこつポケモン","反抗宝可梦"
"488","cresselia","みかづきポケモン",,"초승달포켓몬","新月寶可夢","Pokémon Lunaire","Lunar-Pokémon","Pokémon Lunar","Pokémon Falcato","Lunar Pokémon","みかづきポケモン","新月宝可梦"
"489","phione","かいようポケモン",,"해양포켓몬","海洋寶可夢","Pokémon Dérivenmer","Seedrift","Pokémon Marino","Pokémon Oceanbondo","Sea Drifter Pokémon","かいようポケモン","海洋宝可梦"
"490","manaphy","かいゆうポケモン",,"회유포켓몬","洄游寶可夢","Pokémon Voyagenmer","Seefahrer","Pokémon Náutico","Pokémon Oceandante","Seafaring Pokémon","かいゆうポケモン","回游宝可梦"
"491","darkrai","あんこくポケモン",,"암흑포켓몬","暗黑寶可夢","Pokémon Noirtotal","Dunkelnacht","Pokémon Oscuridad","Pokémon Neropesto","Pitch-Black Pokémon","あんこくポケモン","暗黑宝可梦"
"492","shaymin","かんしゃポケモン",,"감사포켓몬","感謝寶可夢","Pokémon Gratitude","Dankbarkeit","Pokémon Gratitud","Pokémon Gratitudine","Gratitude Pokémon","かんしゃポケモン","感谢宝可梦"
"493","arceus","そうぞうポケモン",,"창조포켓몬","創造寶可夢","Pokémon Alpha","Alpha","Pokémon Alfa","Pokémon Primevo","Alpha Pokémon","そうぞうポケモン","创造宝可梦"
"494","victini","しょうりポケモン",,"승리포켓몬","勝利寶可夢","Pokémon Victoire","Triumph-Pokémon","Pokémon Victoria","Pokémon Vittoria","Victory Pokémon","しょうりポケモン","胜利宝可梦"
"495","snivy","くさへびポケモン",,"풀뱀포켓몬","草蛇寶可夢","Pokémon Serpenterbe","Grasschlange","Pokémon Serp. Hierba","Pokémon Serperba","Grass Snake Pokémon","くさへびポケモン","草蛇宝可梦"
"496","servine","くさへびポケモン",,"풀뱀포켓몬","草蛇寶可夢","Pokémon Serpenterbe","Grasschlange","Pokémon Serp. Hierba","Pokémon Serperba","Grass Snake Pokémon","くさへびポケモン","草蛇宝可梦"
"497","serperior","ロイヤルポケモン",,"로열포켓몬","皇家寶可夢","Pokémon Majestueux","Hoheit","Pokémon Realeza","Pokémon Regale","Regal Pokémon","ロイヤルポケモン","皇家宝可梦"
"498","tepig","ひぶたポケモン",,"불돼지포켓몬","火豬寶可夢","Pokémon Cochon Feu","Feuerferkel","Pokémon Cerdo Fuego","Pokémon Suinfuoco","Fire Pig Pokémon","ひぶたポケモン","火猪宝可梦"
"499","pignite","ひぶたポケモン",,"불돼지포켓몬","火豬寶可夢","Pokémon Cochon Feu","Feuerferkel","Pokémon Cerdo Fuego","Pokémon Suinfuoco","Fire Pig Pokémon","ひぶたポケモン","火猪宝可梦"
"500","emboar","おおひぶたポケモン",,"큰불돼지포켓몬","大火豬寶可夢","Pokémon Grochon Feu","Feuerschwein","Pokémon Cerdo Ígneo","Pokémon Suincendio","Mega Fire Pig Pokémon","おおひぶたポケモン","大火猪宝可梦"
"501","oshawott","ラッコポケモン",,"해달포켓몬","海獺寶可夢","Pokémon Loutre","Otter","Pokémon Nutria","Pokémon Lontra","Sea Otter Pokémon","ラッコポケモン","海獭宝可梦"
"502","dewott","しゅぎょうポケモン",,"수행포켓몬","修行寶可夢","Pokémon Entraînement","Schulung","Pokémon Superación","Pokémon Apprendista","Discipline Pokémon","しゅぎょうポケモン","修行宝可梦"
"503","samurott","かんろくポケモン",,"관록포켓몬","威嚴寶可夢","Pokémon Dignitaire","Würde","Pokémon Majestuoso","Pokémon Dignità","Formidable Pokémon","かんろくポケモン","威严宝可梦"
"504","patrat","みはりポケモン",,"망보기포켓몬","放哨寶可夢","Pokémon Espion","Späher","Pokémon Explorador","Pokémon Esplorante","Scout Pokémon","みはりポケモン","放哨宝可梦"
"505","watchog","けいかいポケモン",,"경계포켓몬","警戒寶可夢","Pokémon Vigilant","Wachsamkeit","Pokémon Alerta","Pokémon Sentinella","Lookout Pokémon","けいかいポケモン","警戒宝可梦"
"506","lillipup","こいぬポケモン",,"강아지포켓몬","小狗寶可夢","Pokémon Chiot","Welpen-Pokémon","Pokémon Perrito","Pokémon Cagnolino","Puppy Pokémon","こいぬポケモン","小狗宝可梦"
"507","herdier","ちゅうけんポケモン",,"충견포켓몬","忠犬寶可夢","Pokémon Chien Fidèle","Treuhund-Pokémon","Pokémon Leal","Pokémon Fedeltà","Loyal Dog Pokémon","ちゅうけんポケモン","忠犬宝可梦"
"508","stoutland","かんだいポケモン",,"관대포켓몬","寬大寶可夢","Pokémon Magnanime","Großmut-Pokémon","Pokémon Magnánimo","Pokémon Generosità","Big-Hearted Pokémon","かんだいポケモン","宽大宝可梦"
"509","purrloin","しょうわるポケモン",,"성악포켓몬","壞心眼寶可夢","Pokémon Scélérat","Schelm-Pokémon","Pokémon Malicioso","Pokémon Furbizia","Devious Pokémon","しょうわるポケモン","坏心眼宝可梦"
"510","liepard","れいこくポケモン",,"냉혹포켓몬","冷酷寶可夢","Pokémon Implacable","Gefühlskälte-Pokémon","Pokémon Calculador","Pokémon Sanguefreddo","Cruel Pokémon","れいこくポケモン","冷酷宝可梦"
"511","pansage","くさざるポケモン",,"풀원숭이포켓몬","草猴寶可夢","Pokémon Singe Herbe","Grasaffe","Pokémon Mono Hierba","Pokémon Scimperba","Grass Monkey Pokémon","くさざるポケモン","草猴宝可梦"
"512","simisage","とげざるポケモン",,"가시원숭이포켓몬","刺猴寶可夢","Pokémon Singépine","Stachelaffe","Pokémon Mono Pincho","Pokémon Spinpanzé","Thorn Monkey Pokémon","とげざるポケモン","刺猴宝可梦"
"513","pansear","こうおんポケモン",,"고온포켓몬","高溫寶可夢","Pokémon Brûlant","Hitze","Pokémon Ardiente","Pokémon Testacalda","High Temp Pokémon","こうおんポケモン","高温宝可梦"
"514","simisear","ひのこポケモン",,"불티포켓몬","火花寶可夢","Pokémon Braise","Funkenregen","Pokémon Lumbre","Pokémon Sfavillante","Ember Pokémon","ひのこポケモン","火花宝可梦"
"515","panpour","みずかけポケモン",,"물뿌리기포켓몬","潑水寶可夢","Pokémon Jet d’Eau","Wasserstrahl","Pokémon Salpicadura","Pokémon Annaffiatore","Spray Pokémon","みずかけポケモン","泼水宝可梦"
"516","simipour","ほうすいポケモン",,"방수포켓몬","放水寶可夢","Pokémon Drainage","Drainage","Pokémon Drenaje","Pokémon Spruzzacqua","Geyser Pokémon","ほうすいポケモン","放水宝可梦"
"517","munna","ゆめくいポケモン",,"꿈먹기포켓몬","食夢寶可夢","Pokémon Mangerêve","Traumfresser-Pokémon","Pokémon Comesueños","Pokémon Divorasogni","Dream Eater Pokémon","ゆめくいポケモン","食梦宝可梦"
"518","musharna","ゆめうつつポケモン",,"꿈결포켓몬","半夢半醒寶可夢","Pokémon Rêveur","Halbschlaf-Pokémon","Pokémon Duermevela","Pokémon Dormiveglia","Drowsing Pokémon","ゆめうつつポケモン","半梦半醒宝可梦"
"519","pidove","こばとポケモン",,"아기비둘기포켓몬","小鴿寶可夢","Pokémon Tipigeon","Täubchen-Pokémon","Pokémon Pichón","Pokémon Piccione","Tiny Pigeon Pokémon","こばとポケモン","小鸽宝可梦"
"520","tranquill","のばとポケモン",,"들비둘기포켓몬","野鴿寶可夢","Pokémon Sauvapigeon","Wildtauben-Pokémon","Pokémon Torcaz","Pokémon Granpiccione","Wild Pigeon Pokémon","のばとポケモン","野鸽宝可梦"
"521","unfezant","プライドポケモン",,"프라이드포켓몬","自尊心寶可夢","Pokémon Fier","Stolz-Pokémon","Pokémon Altanero","Pokémon Orgoglio","Proud Pokémon","プライドポケモン","自尊心宝可梦"
"522","blitzle","たいでんポケモン",,"하전포켓몬","帶電寶可夢","Pokémon Étincélec","Hochspannung","Pokémon Electrizado","Pokémon Caricavolt","Electrified Pokémon","たいでんポケモン","带电宝可梦"
"523","zebstrika","らいでんポケモン",,"뇌전포켓몬","雷電寶可夢","Pokémon Foudrélec","Donnerkeil","Pokémon Rayo","Pokémon Saetta","Thunderbolt Pokémon","らいでんポケモン","雷电宝可梦"
"524","roggenrola","マントルポケモン",,"맨틀포켓몬","地幔寶可夢","Pokémon Manteau","Erdmantel-Pokémon","Pokémon Manto","Pokémon Placca","Mantle Pokémon","マントルポケモン","地幔宝可梦"
"525","boldore","こうせきポケモン",,"광석포켓몬","礦石寶可夢","Pokémon Minerai","Erz-Pokémon","Pokémon Mineral","Pokémon Minerale","Ore Pokémon","こうせきポケモン","矿石宝可梦"
"526","gigalith","こうあつポケモン",,"고압포켓몬","高壓寶可夢","Pokémon Surpression","Kompressions-Pokémon","Pokémon Presurizado","Pokémon Pressionalta","Compressed Pokémon","こうあつポケモン","高压宝可梦"
"527","woobat","こうもりポケモン",,"박쥐포켓몬","蝙蝠寶可夢","Pokémon Chovsouris","Fledermaus-Pokémon","Pokémon Murciélago","Pokémon Pipistrello","Bat Pokémon","こうもりポケモン","蝙蝠宝可梦"
"528","swoobat","きゅうあいポケモン",,"구애포켓몬","求愛寶可夢","Pokémon Cupidon","Balz-Pokémon","Pokémon Galante","Pokémon Cercamore","Courting Pokémon","きゅうあいポケモン","求爱宝可梦"
"529","drilbur","もぐらポケモン",,"두더지포켓몬","鼴鼠寶可夢","Pokémon Taupe","Maulwurf-Pokémon","Pokémon Topo","Pokémon Talpa","Mole Pokémon","もぐらポケモン","鼹鼠宝可梦"
"530","excadrill","ちていポケモン",,"땅밑포켓몬","地底寶可夢","Pokémon Souterrain","Untergrund-Pokémon","Pokémon Subterráneo","Pokémon Sottoterra","Subterrene Pokémon","ちていポケモン","地底宝可梦"
"531","audino","ヒヤリングポケモン",,"히어링포켓몬","聽力寶可夢","Pokémon Audition","Gehör-Pokémon","Pokémon Escucha","Pokémon Ascolto","Hearing Pokémon","ヒヤリングポケモン","听力宝可梦"
"532","timburr","きんこつポケモン",,"근골포켓몬","筋骨寶可夢","Pokémon Costaud","Muskel-Pokémon","Pokémon Musculoso","Pokémon Forzaimmane","Muscular Pokémon","きんこつポケモン","筋骨宝可梦"
"533","gurdurr","きんこつポケモン",,"근골포켓몬","筋骨寶可夢","Pokémon Costaud","Muskel-Pokémon","Pokémon Musculoso","Pokémon Forzaimmane","Muscular Pokémon","きんこつポケモン","筋骨宝可梦"
"534","conkeldurr","きんこつポケモン",,"근골포켓몬","筋骨寶可夢","Pokémon Costaud","Muskel-Pokémon","Pokémon Musculoso","Pokémon Forzaimmane","Muscular Pokémon","きんこつポケモン","筋骨宝可梦"
"535","tympole","おたまポケモン",,"올챙이포켓몬","蝌蚪寶可夢","Pokémon Têtard","Kaulquappen-Pokémon","Pokémon Renacuajo","Pokémon Girino","Tadpole Pokémon","おたまポケモン","蝌蚪宝可梦"
"536","palpitoad","しんどうポケモン",,"진동포켓몬","震動寶可夢","Pokémon Vibration","Vibrations-Pokémon","Pokémon Vibrante","Pokémon Vibrazione","Vibration Pokémon","しんどうポケモン","振动宝可梦"
"537","seismitoad","しんどうポケモン",,"진동포켓몬","震動寶可夢","Pokémon Vibration","Vibrations-Pokémon","Pokémon Vibrante","Pokémon Vibrazione","Vibration Pokémon","しんどうポケモン","振动宝可梦"
"538","throh","じゅうどうポケモン",,"유도포켓몬","柔道寶可夢","Pokémon Judo","Judo-Pokémon","Pokémon Judo","Pokémon Judo","Judo Pokémon","じゅうどうポケモン","柔道宝可梦"
"539","sawk","からてポケモン",,"태권도포켓몬","空手道寶可夢","Pokémon Karaté","Karate-Pokémon","Pokémon Kárate","Pokémon Karate","Karate Pokémon","からてポケモン","空手道宝可梦"
"540","sewaddle","さいほうポケモン",,"재봉포켓몬","裁縫寶可夢","Pokémon Couture","Schneider","Pokémon Sastre","Pokémon Grancucito","Sewing Pokémon","さいほうポケモン","裁缝宝可梦"
"541","swadloon","はごもりポケモン",,"잎숨기포켓몬","足不出葉寶可夢","Pokémon Capefeuille","Wickelblatt","Pokémon Arropado","Pokémon Coprifoglia","Leaf-Wrapped Pokémon","はごもりポケモン","足不出叶宝可梦"
"542","leavanny","こそだてポケモン",,"육아포켓몬","育兒寶可夢","Pokémon Précepteur","Kinderpflege","Pokémon Cuidador","Pokémon Balia","Nurturing Pokémon","こそだてポケモン","育儿宝可梦"
"543","venipede","ムカデポケモン",,"지네포켓몬","蜈蚣寶可夢","Pokémon Chilopode","Tausendfüßer-Pokémon","Pokémon Ciempiés","Pokémon Centipede","Centipede Pokémon","ムカデポケモン","蜈蚣宝可梦"
"544","whirlipede","まゆムカデポケモン",,"눈썹지네포켓몬","繭蜈蚣寶可夢","Pokémon Coconplopode","Kokonfüßer-Pokémon","Pokémon Pupaciempiés","Pokémon Rotopede","Curlipede Pokémon","まゆムカデポケモン","茧蜈蚣宝可梦"
"545","scolipede","メガムカデポケモン",,"메가지네포켓몬","巨蜈蚣寶可夢","Pokémon Mégaplopode","Riesenfüßer-Pokémon","Pokémon Megaciempiés","Pokémon Megapede","Megapede Pokémon","メガムカデポケモン","巨蜈蚣宝可梦"
"546","cottonee","わたたまポケモン",,"솜뭉치포켓몬","棉球寶可夢","Pokémon Boule Coton","Wattebausch-Pokémon","Pokémon Bolalgodón","Pokémon Cotonpalla","Cotton Puff Pokémon","わたたまポケモン","棉球宝可梦"
"547","whimsicott","かぜかくれポケモン",,"바람숨기포켓몬","風隱寶可夢","Pokémon Vole Vent","Windschatten-Pokémon","Pokémon Vuelalviento","Pokémon Spiffero","Windveiled Pokémon","かぜかくれポケモン","风隐宝可梦"
"548","petilil","ねっこポケモン",,"뿌리포켓몬","根莖寶可夢","Pokémon Racine","Wurzel-Pokémon","Pokémon Bulbo","Pokémon Radice","Bulb Pokémon","ねっこポケモン","根茎宝可梦"
"549","lilligant","はなかざりポケモン",,"꽃장식포켓몬","花飾寶可夢","Pokémon Chef-Fleur","Blumenzier-Pokémon","Pokémon Adornofloral","Pokémon Fiorfronzolo","Flowering Pokémon","はなかざりポケモン","花饰宝可梦"
"550","basculin","らんぼうポケモン",,"흉포포켓몬","粗暴寶可夢","Pokémon Violent","Grobheits-Pokémon","Pokémon Violento","Pokémon Irruenza","Hostile Pokémon","らんぼうポケモン","粗暴宝可梦"
"551","sandile","さばくワニポケモン",,"사막악어포켓몬","沙漠鱷魚寶可夢","Pokémon Croco Sable","Wüstenkroko-Pokémon","Pokémon Desierdrilo","Pokémon Sabbiadrillo","Desert Croc Pokémon","さばくワニポケモン","沙漠鳄鱼宝可梦"
"552","krokorok","さばくワニポケモン",,"사막악어포켓몬","沙漠鱷魚寶可夢","Pokémon Croco Sable","Wüstenkroko-Pokémon","Pokémon Desierdrilo","Pokémon Sabbiadrillo","Desert Croc Pokémon","さばくワニポケモン","沙漠鳄鱼宝可梦"
"553","krookodile","いかくポケモン",,"위협포켓몬","威嚇寶可夢","Pokémon Intimidation","Abschreckungs-Pokémon","Pokémon Amenazador","Pokémon Minaccia","Intimidation Pokémon","いかくポケモン","威吓宝可梦"
"554","darumaka","だるまポケモン",,"달마포켓몬","不倒翁寶可夢","Pokémon Daruma","Lampion-Pokémon","Pokémon Daruma","Pokémon Daruma","Zen Charm Pokémon","だるまポケモン","不倒翁宝可梦"
"555","darmanitan","えんじょうポケモン",,"염상포켓몬","爆燃寶可夢","Pokémon Enflammé","Lichterloh-Pokémon","Pokémon Candente","Pokémon Altefiamme","Blazing Pokémon","えんじょうポケモン","爆燃宝可梦"
"556","maractus","サボテンポケモン",,"선인장포켓몬","仙人掌寶可夢","Pokémon Cactus","Kaktus-Pokémon","Pokémon Cactus","Pokémon Cactus","Cactus Pokémon","サボテンポケモン","仙人掌宝可梦"
"557","dwebble","いしやどポケモン",,"돌집포켓몬","石居寶可夢","Pokémon Lithicole","Steinhaus-Pokémon","Pokémon Casapiedra","Pokémon Pietracasa","Rock Inn Pokémon","いしやどポケモン","石居宝可梦"
"558","crustle","いわやどポケモン",,"바위집포켓몬","岩居寶可夢","Pokémon Lapidicole","Felshaus-Pokémon","Pokémon Casarroca","Pokémon Scogliocasa","Stone Home Pokémon","いわやどポケモン","岩居宝可梦"
"559","scraggy","だっぴポケモン",,"탈피포켓몬","蛻皮寶可夢","Pokémon Mue","Hautwechsel-Pokémon","Pokémon Mudapiel","Pokémon Mutapelle","Shedding Pokémon","だっぴポケモン","蜕皮宝可梦"
"560","scrafty","あくとうポケモン",,"악당포켓몬","惡黨寶可夢","Pokémon Gang","Halunken-Pokémon","Pokémon Gamberro","Pokémon Furfante","Hoodlum Pokémon","あくとうポケモン","恶党宝可梦"
"561","sigilyph","とりもどきポケモン",,"흡사새포켓몬","似鳥寶可夢","Pokémon Similoiseau","Vogelgleich-Pokémon","Pokémon Pseudopájaro","Pokémon Pseuduccello","Avianoid Pokémon","とりもどきポケモン","似鸟宝可梦"
"562","yamask","たましいポケモン",,"영혼포켓몬","魂寶可夢","Pokémon Âme","Seelen-Pokémon","Pokémon Espíritu","Pokémon Fatuanima","Spirit Pokémon","たましいポケモン","魂宝可梦"
"563","cofagrigus","かんおけポケモン",,"관포켓몬","棺木寶可夢","Pokémon Cercueil","Sarkophag-Pokémon","Pokémon Sepultura","Pokémon Bara","Coffin Pokémon","かんおけポケモン","棺木宝可梦"
"564","tirtouga","こだいがめポケモン",,"옛날거북포켓몬","古代龜寶可夢","Pokémon Tortantique","Urzeitkröten-Pokémon","Pokémon Pretortuga","Pokémon Ancestruga","Prototurtle Pokémon","こだいがめポケモン","古代龟宝可梦"
"565","carracosta","こだいがめポケモン",,"옛날거북포켓몬","古代龜寶可夢","Pokémon Tortantique","Urzeitkröten-Pokémon","Pokémon Pretortuga","Pokémon Ancestruga","Prototurtle Pokémon","こだいがめポケモン","古代龟宝可梦"
"566","archen","さいこどりポケモン",,"최초새포켓몬","遠古鳥寶可夢","Pokémon Oisancien","Urzeitvogel-Pokémon","Pokémon Protopájaro","Pokémon Paleouccello","First Bird Pokémon","さいこどりポケモン","远古鸟宝可梦"
"567","archeops","さいこどりポケモン",,"최초새포켓몬","遠古鳥寶可夢","Pokémon Oisancien","Urzeitvogel-Pokémon","Pokémon Protopájaro","Pokémon Paleouccello","First Bird Pokémon","さいこどりポケモン","远古鸟宝可梦"
"568","trubbish","ゴミぶくろポケモン",,"쓰레기봉투포켓몬","垃圾袋寶可夢","Pokémon Sac Poubelle","Mülltüten-Pokémon","Pokémon Bolsa Basura","Pokémon Spazzatura","Trash Bag Pokémon","ゴミぶくろポケモン","垃圾袋宝可梦"
"569","garbodor","ゴミすてばポケモン",,"쓰레기장포켓몬","垃圾場寶可夢","Pokémon Dépotoir","Müllhalden-Pokémon","Pokémon Vertedero","Pokémon Discarica","Trash Heap Pokémon","ゴミすてばポケモン","垃圾场宝可梦"
"570","zorua","わるぎつねポケモン",,"나쁜여우포켓몬","惡狐寶可夢","Pokémon Sombrenard","Lausefuchs-Pokémon","Pokémon Zorro Pillo","Pokémon Malavolpe","Tricky Fox Pokémon","わるぎつねポケモン","恶狐宝可梦"
"571","zoroark","ばけぎつねポケモン",,"요괴여우포켓몬","妖狐寶可夢","Pokémon Polymorfox","Polymorfuchs-Pokémon","Pokémon Disfrazorro","Pokémon Mutevolpe","Illusion Fox Pokémon","ばけぎつねポケモン","妖狐宝可梦"
"572","minccino","チンチラポケモン",,"친칠라포켓몬","栗鼠寶可夢","Pokémon Chinchilla","Chinchilla-Pokémon","Pokémon Chinchilla","Pokémon Cincillà","Chinchilla Pokémon","チンチラポケモン","栗鼠宝可梦"
"573","cinccino","スカーフポケモン",,"스카프포켓몬","圍巾寶可夢","Pokémon Écharpe","Schal-Pokémon","Pokémon Estola","Pokémon Sciarpa","Scarf Pokémon","スカーフポケモン","围巾宝可梦"
"574","gothita","ぎょうしポケモン",,"응시포켓몬","凝視寶可夢","Pokémon Dévisageur","Glotz-Pokémon","Pokémon Inquisitivo","Pokémon Fissosguardo","Fixation Pokémon","ぎょうしポケモン","凝视宝可梦"
"575","gothorita","あやつりポケモン",,"조작포켓몬","操縱寶可夢","Pokémon Magouilleur","Manipulator-Pokémon","Pokémon Manipulador","Pokémon Raggiro","Manipulate Pokémon","あやつりポケモン","操纵宝可梦"
"576","gothitelle","てんたいポケモン",,"천체포켓몬","天體寶可夢","Pokémon Cosmique","Gestirns-Pokémon","Pokémon Astro","Pokémon Corpoceleste","Astral Body Pokémon","てんたいポケモン","天体宝可梦"
"577","solosis","さいぼうポケモン",,"세포포켓몬","細胞寶可夢","Pokémon Cellule","Zellen-Pokémon","Pokémon Célula","Pokémon Cellula","Cell Pokémon","さいぼうポケモン","细胞宝可梦"
"578","duosion","ぶんかつポケモン",,"분할포켓몬","分割寶可夢","Pokémon Divisé","Zellteilungs-Pokémon","Pokémon Mitosis","Pokémon Scissione","Mitosis Pokémon","ぶんかつポケモン","分割宝可梦"
"579","reuniclus","ぞうふくポケモン",,"증폭포켓몬","增幅寶可夢","Pokémon Multiplié","Vermehrungs-Pokémon","Pokémon Ampliación","Pokémon Espansione","Multiplying Pokémon","ぞうふくポケモン","增幅宝可梦"
"580","ducklett","みずどりポケモン",,"물새포켓몬","水鳥寶可夢","Pokémon Oiseaudo","Wasservogel","Pokémon Ave Agua","Pokémon Alacquatico","Water Bird Pokémon","みずどりポケモン","水鸟宝可梦"
"581","swanna","しらとりポケモン",,"백조포켓몬","白鳥寶可夢","Pokémon Cygne","Schwan","Pokémon Cisne","Pokémon Biancuccello","White Bird Pokémon","しらとりポケモン","白鸟宝可梦"
"582","vanillite","しんせつポケモン",,"신설포켓몬","新雪寶可夢","Pokémon Poudreuse","Neuschnee-Pokémon","Pokémon Nieve Fresca","Pokémon Nevefresca","Fresh Snow Pokémon","しんせつポケモン","新雪宝可梦"
"583","vanillish","ひょうせつポケモン",,"빙설포켓몬","冰雪寶可夢","Pokémon Grêle","Firn-Pokémon","Pokémon Nieve Helada","Pokémon Geloneve","Icy Snow Pokémon","ひょうせつポケモン","冰雪宝可梦"
"584","vanilluxe","ブリザードポケモン",,"블리자드포켓몬","暴風雪寶可夢","Pokémon Congère","Schneesturm-Pokémon","Pokémon Nieve Gélida","Pokémon Bufera","Snowstorm Pokémon","ブリザードポケモン","暴风雪宝可梦"
"585","deerling","きせつポケモン",,"계절포켓몬","季節寶可夢","Pokémon Saison","Jahreszeit","Pokémon Estacional","Pokémon Stagione","Season Pokémon","きせつポケモン","季节宝可梦"
"586","sawsbuck","きせつポケモン",,"계절포켓몬","季節寶可夢","Pokémon Saison","Jahreszeit","Pokémon Estacional","Pokémon Stagione","Season Pokémon","きせつポケモン","季节宝可梦"
"587","emolga","モモンガポケモン",,"하늘다람쥐포켓몬","飛鼠寶可夢","Pokémon Pteromys","Flughörnchen-Pokémon","Pokémon Vuelardilla","Pokémon Petauro","Sky Squirrel Pokémon","モモンガポケモン","飞鼠宝可梦"
"588","karrablast","かぶりつきポケモン",,"덥석물기포켓몬","啃咬寶可夢","Pokémon Carabe","Schnappbiss-Pokémon","Pokémon Bocado","Pokémon Addentatore","Clamping Pokémon","かぶりつきポケモン","啃咬宝可梦"
"589","escavalier","きへいポケモン",,"기병포켓몬","騎兵寶可夢","Pokémon Chevalier","Kavallerie-Pokémon","Pokémon Soldado","Pokémon Cavaliere","Cavalry Pokémon","きへいポケモン","骑兵宝可梦"
"590","foongus","きのこポケモン",,"버섯포켓몬","蘑菇寶可夢","Pokémon Champignon","Pilz-Pokémon","Pokémon Hongo","Pokémon Fungo","Mushroom Pokémon","きのこポケモン","蘑菇宝可梦"
"591","amoonguss","きのこポケモン",,"버섯포켓몬","蘑菇寶可夢","Pokémon Champignon","Pilz-Pokémon","Pokémon Hongo","Pokémon Fungo","Mushroom Pokémon","きのこポケモン","蘑菇宝可梦"
"592","frillish","ふゆうポケモン",,"부유포켓몬","漂浮寶可夢","Pokémon Flottaison","Gleit-Pokémon","Pokémon Ingrávido","Pokémon Fluttuante","Floating Pokémon","ふゆうポケモン","漂浮宝可梦"
"593","jellicent","ふゆうポケモン",,"부유포켓몬","漂浮寶可夢","Pokémon Flottaison","Gleit-Pokémon","Pokémon Ingrávido","Pokémon Fluttuante","Floating Pokémon","ふゆうポケモン","漂浮宝可梦"
"594","alomomola","かいほうポケモン",,"돌보기포켓몬","看護寶可夢","Pokémon Soigneur","Fürsorge","Pokémon Socorrista","Pokémon Assistenza","Caring Pokémon","かいほうポケモン","看护宝可梦"
"595","joltik","くっつきポケモン",,"들러붙기포켓몬","吸附寶可夢","Pokémon Crampon","Kleben-Pokémon","Pokémon Lapa","Pokémon Appiccicante","Attaching Pokémon","くっつきポケモン","吸附宝可梦"
"596","galvantula","でんきグモポケモン",,"전기거미포켓몬","電蜘蛛寶可夢","Pokémon Araclectrik","Stromspinnen-Pokémon","Pokémon Electroaraña","Pokémon Elettroragno","EleSpider Pokémon","でんきグモポケモン","电蜘蛛宝可梦"
"597","ferroseed","とげのみポケモン",,"가시열매포켓몬","刺果寶可夢","Pokémon Graine Épine","Dornfrucht-Pokémon","Pokémon Fruto Espina","Pokémon Spinaseme","Thorn Seed Pokémon","とげのみポケモン","刺果宝可梦"
"598","ferrothorn","とげだまポケモン",,"가시공포켓몬","刺球寶可夢","Pokémon Boule Épine","Dornkugel-Pokémon","Pokémon Bola Espina","Pokémon Spinasfere","Thorn Pod Pokémon","とげだまポケモン","刺球宝可梦"
"599","klink","はぐるまポケモン",,"톱니바퀴포켓몬","齒輪寶可夢","Pokémon Engrenage","Getriebe-Pokémon","Pokémon Engranaje","Pokémon Ingranaggio","Gear Pokémon","はぐるまポケモン","齿轮宝可梦"
"600","klang","はぐるまポケモン",,"톱니바퀴포켓몬","齒輪寶可夢","Pokémon Engrenage","Getriebe-Pokémon","Pokémon Engranaje","Pokémon Ingranaggio","Gear Pokémon","はぐるまポケモン","齿轮宝可梦"
"601","klinklang","はぐるまポケモン",,"톱니바퀴포켓몬","齒輪寶可夢","Pokémon Engrenage","Getriebe-Pokémon","Pokémon Engranaje","Pokémon Ingranaggio","Gear Pokémon","はぐるまポケモン","齿轮宝可梦"
"602","tynamo","でんきうおポケモン",,"전기물고기포켓몬","電魚寶可夢","Pokémon Électrophore","Stromfisch","Pokémon Electropez","Pokémon Elettropesce","EleFish Pokémon","でんきうおポケモン","电鱼宝可梦"
"603","eelektrik","でんきうおポケモン",,"전기물고기포켓몬","電魚寶可夢","Pokémon Électrophore","Stromfisch","Pokémon Electropez","Pokémon Elettropesce","EleFish Pokémon","でんきうおポケモン","电鱼宝可梦"
"604","eelektross","でんきうおポケモン",,"전기물고기포켓몬","電魚寶可夢","Pokémon Électrophore","Stromfisch","Pokémon Electropez","Pokémon Elettropesce","EleFish Pokémon","でんきうおポケモン","电鱼宝可梦"
"605","elgyem","ブレインポケモン",,"브레인포켓몬","腦寶可夢","Pokémon Cerveau","Grips-Pokémon","Pokémon Cerebro","Pokémon Cervello","Cerebral Pokémon","ブレインポケモン","脑宝可梦"
"606","beheeyem","ブレインポケモン",,"브레인포켓몬","腦寶可夢","Pokémon Cerveau","Grips-Pokémon","Pokémon Cerebro","Pokémon Cervello","Cerebral Pokémon","ブレインポケモン","脑宝可梦"
"607","litwick","ろうそくポケモン",,"양초포켓몬","蠟燭寶可夢","Pokémon Chandelle","Kerzen-Pokémon","Pokémon Vela","Pokémon Candela","Candle Pokémon","ろうそくポケモン","蜡烛宝可梦"
"608","lampent","ランプポケモン",,"램프포켓몬","油燈寶可夢","Pokémon Lampe","Lampen-Pokémon","Pokémon Farolillo","Pokémon Lanterna","Lamp Pokémon","ランプポケモン","油灯宝可梦"
"609","chandelure","いざないポケモン",,"권유포켓몬","引誘寶可夢","Pokémon Invitation","Geleit-Pokémon","Pokémon Señuelo","Pokémon Attiranime","Luring Pokémon","いざないポケモン","引诱宝可梦"
"610","axew","キバポケモン",,"이빨포켓몬","牙寶可夢","Pokémon Crocs","Stoßzahn-Pokémon","Pokémon Colmillo","Pokémon Zanna","Tusk Pokémon","キバポケモン","牙宝可梦"
"611","fraxure","あごオノポケモン",,"도끼턱포켓몬","顎斧寶可夢","Pokémon Hachomenton","Beilkiefer-Pokémon","Pokémon Boca Hacha","Pokémon Mascellascia","Axe Jaw Pokémon","あごオノポケモン","颚斧宝可梦"
"612","haxorus","あごオノポケモン",,"도끼턱포켓몬","顎斧寶可夢","Pokémon Hachomenton","Beilkiefer-Pokémon","Pokémon Boca Hacha","Pokémon Mascellascia","Axe Jaw Pokémon","あごオノポケモン","颚斧宝可梦"
"613","cubchoo","ひょうけつポケモン",,"빙결포켓몬","結冰寶可夢","Pokémon Gelé","Eisschollen-Pokémon","Pokémon Congelación","Pokémon Freddo","Chill Pokémon","ひょうけつポケモン","结冰宝可梦"
"614","beartic","とうけつポケモン",,"동결포켓몬","凍結寶可夢","Pokémon Congelé","Packeis-Pokémon","Pokémon Glaciación","Pokémon Glaciale","Freezing Pokémon","とうけつポケモン","冻结宝可梦"
"615","cryogonal","けっしょうポケモン",,"결정포켓몬","結晶寶可夢","Pokémon Cristal","Kristall-Pokémon","Pokémon Cristal","Pokémon Cristallo","Crystallizing Pokémon","けっしょうポケモン","结晶宝可梦"
"616","shelmet","マイマイポケモン",,"달팽이포켓몬","蝸牛寶可夢","Pokémon Escargot","Schnecken-Pokémon","Pokémon Caracol","Pokémon Lumachina","Snail Pokémon","マイマイポケモン","蜗牛宝可梦"
"617","accelgor","からぬけポケモン",,"탈껍질포켓몬","脫殼寶可夢","Pokémon Exuviateur","Entschalungs-Pokémon","Pokémon Sincaparazón","Pokémon Sgusciato","Shell Out Pokémon","からぬけポケモン","脱壳宝可梦"
"618","stunfisk","トラップポケモン",,"트랩포켓몬","陷阱寶可夢","Pokémon Piège","Falle-Pokémon","Pokémon Trampa","Pokémon Trappola","Trap Pokémon","トラップポケモン","陷阱宝可梦"
"619","mienfoo","ぶじゅつポケモン",,"무술포켓몬","武術寶可夢","Pokémon Art Martial","Kampfkünste-Pokémon","Pokémon Arte Marcial","Pokémon Marziale","Martial Arts Pokémon","ぶじゅつポケモン","武术宝可梦"
"620","mienshao","ぶじゅつポケモン",,"무술포켓몬","武術寶可夢","Pokémon Art Martial","Kampfkünste-Pokémon","Pokémon Arte Marcial","Pokémon Marziale","Martial Arts Pokémon","ぶじゅつポケモン","武术宝可梦"
"621","druddigon","ほらあなポケモン",,"동굴포켓몬","洞穴寶可夢","Pokémon Caverne","Höhlen-Pokémon","Pokémon Cueva","Pokémon Grotta","Cave Pokémon","ほらあなポケモン","洞穴宝可梦"
"622","golett","ゴーレムポケモン",,"골렘포켓몬","魔像寶可夢","Pokémon Golem Ancien","Urgolem-Pokémon","Pokémon Autómata","Pokémon Statuanimata","Automaton Pokémon","ゴーレムポケモン","魔像宝可梦"
"623","golurk","ゴーレムポケモン",,"골렘포켓몬","魔像寶可夢","Pokémon Golem Ancien","Urgolem-Pokémon","Pokémon Autómata","Pokémon Statuanimata","Automaton Pokémon","ゴーレムポケモン","魔像宝可梦"
"624","pawniard","はものポケモン",,"날붙이포켓몬","利器寶可夢","Pokémon Coupant","Stahlklingen-Pokémon","Pokémon Tajo","Pokémon Lamaffilata","Sharp Blade Pokémon","はものポケモン","利器宝可梦"
"625","bisharp","とうじんポケモン",,"도인포켓몬","刀刃寶可夢","Pokémon Tranchant","Schwertklingen-Pokémon","Pokémon Filo","Pokémon Fildilama","Sword Blade Pokémon","とうじんポケモン","刀刃宝可梦"
"626","bouffalant","ずつきうしポケモン",,"박치기소포켓몬","頭錘牛寶可夢","Pokémon Coup d’Bœuf","Kopfstoßrind-Pokémon","Pokémon Torocabezazo","Pokémon Sfondatoro","Bash Buffalo Pokémon","ずつきうしポケモン","头锤牛宝可梦"
"627","rufflet","ヒナわしポケモン",,"새끼독수리포켓몬","雛鷹寶可夢","Pokémon Aiglon","Adlerküken-Pokémon","Pokémon Aguilucho","Pokémon Aquilotto","Eaglet Pokémon","ヒナわしポケモン","雏鹰宝可梦"
"628","braviary","ゆうもうポケモン",,"용맹포켓몬","勇猛寶可夢","Pokémon Vaillant","Kühnheits-Pokémon","Pokémon Aguerrido","Pokémon Baldanza","Valiant Pokémon","ゆうもうポケモン","勇猛宝可梦"
"629","vullaby","おむつポケモン",,"기저귀포켓몬","尿布寶可夢","Pokémon Couche","Windel-Pokémon","Pokémon Pañal","Pokémon Pannolino","Diapered Pokémon","おむつポケモン","尿布宝可梦"
"630","mandibuzz","ほねわしポケモン",,"뼈독수리포켓몬","骨鷹寶可夢","Pokémon Vostour","Knochenadler-Pokémon","Pokémon Buitre Hueso","Pokémon Ossaquila","Bone Vulture Pokémon","ほねわしポケモン","骨鹰宝可梦"
"631","heatmor","アリクイポケモン",,"개미핥기포켓몬","食蟻獸寶可夢","Pokémon Tamanoir","Ameisenbären-Pokémon","Pokémon Hormiguero","Pokémon Formichiere","Anteater Pokémon","アリクイポケモン","食蚁兽宝可梦"
"632","durant","てつアリポケモン",,"철개미포켓몬","鐵蟻寶可夢","Pokémon Fourmi Dure","Eisenameisen-Pokémon","Pokémon Hormigacero","Pokémon Ferformica","Iron Ant Pokémon","てつアリポケモン","铁蚁宝可梦"
"633","deino","そぼうポケモン",,"폭거포켓몬","粗魯寶可夢","Pokémon Rude","Haudrauf-Pokémon","Pokémon Tosco","Pokémon Impeto","Irate Pokémon","そぼうポケモン","粗鲁宝可梦"
"634","zweilous","らんぼうポケモン",,"흉포포켓몬","粗暴寶可夢","Pokémon Violent","Grobheits-Pokémon","Pokémon Violento","Pokémon Irruenza","Hostile Pokémon","らんぼうポケモン","粗暴宝可梦"
"635","hydreigon","きょうぼうポケモン",,"난폭포켓몬","凶暴寶可夢","Pokémon Brutal","Brutal-Pokémon","Pokémon Voraz","Pokémon Brutale","Brutal Pokémon","きょうぼうポケモン","凶暴宝可梦"
"636","larvesta","たいまつポケモン",,"횃불포켓몬","火炬寶可夢","Pokémon Torche","Fackel-Pokémon","Pokémon Antorcha","Pokémon Torcia","Torch Pokémon","たいまつポケモン","火炬宝可梦"
"637","volcarona","たいようポケモン",,"태양포켓몬","太陽寶可夢","Pokémon Soleil","Sonnen-Pokémon","Pokémon Sol","Pokémon Sole","Sun Pokémon","たいようポケモン","太阳宝可梦"
"638","cobalion","てっしんポケモン",,"철심포켓몬","鐵心寶可夢","Pokémon Cœur de Fer","Eisenkern-Pokémon","Pokémon Tesón Acero","Pokémon Metalcuore","Iron Will Pokémon","てっしんポケモン","铁心宝可梦"
"639","terrakion","がんくつポケモン",,"암굴포켓몬","岩窟寶可夢","Pokémon Grotte","Felsenhöhlen-Pokémon","Pokémon Gruta","Pokémon Caverna","Cavern Pokémon","がんくつポケモン","岩窟宝可梦"
"640","virizion","そうげんポケモン",,"초원포켓몬","草原寶可夢","Pokémon Plaine Verte","Wiesen-Pokémon","Pokémon Prado","Pokémon Prateria","Grassland Pokémon","そうげんポケモン","草原宝可梦"
"641","tornadus","せんぷうポケモン",,"선풍포켓몬","旋風寶可夢","Pokémon Tornade","Wirbelsturm-Pokémon","Pokémon Torbellino","Pokémon Turbinio","Cyclone Pokémon","せんぷうポケモン","旋风宝可梦"
"642","thundurus","らいげきポケモン",,"뇌격포켓몬","雷擊寶可夢","Pokémon Foudroyeur","Torpedo-Pokémon","Pokémon Centella","Pokémon Fulminante","Bolt Strike Pokémon","らいげきポケモン","雷击宝可梦"
"643","reshiram","はくようポケモン",,"백양포켓몬","白陽寶可夢","Pokémon Blanc Réel","Wahres Weiß-Pokémon","Pokémon Blanco Veraz","Pokémon Bianco Verità","Vast White Pokémon","はくようポケモン","白阳宝可梦"
"644","zekrom","こくいんポケモン",,"흑음포켓몬","黑陰寶可夢","Pokémon Noir Idéal","Reines Schwarz-Pokémon","Pokémon Negro Puro","Pokémon Nero Ideale","Deep Black Pokémon","こくいんポケモン","黑阴宝可梦"
"645","landorus","ほうじょうポケモン",,"풍요포켓몬","豐饒寶可夢","Pokémon Fertilité","Reichtums-Pokémon","Pokémon Fertilidad","Pokémon Fertilità","Abundance Pokémon","ほうじょうポケモン","丰饶宝可梦"
"646","kyurem","きょうかいポケモン",,"경계포켓몬","境界寶可夢","Pokémon Frontière","Schwellen-Pokémon","Pokémon Frontera","Pokémon Confine","Boundary Pokémon","きょうかいポケモン","境界宝可梦"
"647","keldeo","わかごまポケモン",,"망아지포켓몬","幼馬寶可夢","Pokémon Poulain","Fohlen-Pokémon","Pokémon Potro","Pokémon Puledro","Colt Pokémon","わかごまポケモン","幼马宝可梦"
"648","meloetta","せんりつポケモン",,"선율포켓몬","旋律寶可夢","Pokémon Mélodie","Melodie","Pokémon Melodía","Pokémon Melodia","Melody Pokémon","せんりつポケモン","旋律宝可梦"
"649","genesect","こせいだいポケモン",,"고생대포켓몬","古生代寶可夢","Pokémon Paléozoïque","Paläozoikums-Pokémon","Pokémon Paleozoico","Pokémon Paleozoico","Paleozoic Pokémon","こせいだいポケモン","古生代宝可梦"
"650","chespin","いがぐりポケモン",,"밤송이포켓몬","刺栗寶可夢","Pokémon Bogue","Stachelkopf","Pokémon Erizo","Pokémon Castanriccio","Spiny Nut Pokémon","いがぐりポケモン","刺栗宝可梦"
"651","quilladin","とげよろいポケモン",,"가시갑옷포켓몬","刺鎧寶可夢","Pokémon Épinarmure","Spitzpanzer","Pokémon Corazaespín","Pokémon Spincorazza","Spiny Armor Pokémon","とげよろいポケモン","刺铠宝可梦"
"652","chesnaught","とげよろいポケモン",,"가시갑옷포켓몬","刺鎧寶可夢","Pokémon Épinarmure","Spitzpanzer","Pokémon Corazaespín","Pokémon Spincorazza","Spiny Armor Pokémon","とげよろいポケモン","刺铠宝可梦"
"653","fennekin","キツネポケモン",,"여우포켓몬","狐狸寶可夢","Pokémon Renard","Fuchs","Pokémon Zorro","Pokémon Volpe","Fox Pokémon","キツネポケモン","狐狸宝可梦"
"654","braixen","キツネポケモン",,"여우포켓몬","狐狸寶可夢","Pokémon Renard","Fuchs","Pokémon Zorro","Pokémon Volpe","Fox Pokémon","キツネポケモン","狐狸宝可梦"
"655","delphox","キツネポケモン",,"여우포켓몬","狐狸寶可夢","Pokémon Renard","Fuchs","Pokémon Zorro","Pokémon Volpe","Fox Pokémon","キツネポケモン","狐狸宝可梦"
"656","froakie","あわがえるポケモン",,"거품개구리포켓몬","泡蛙寶可夢","Pokémon Crapobulle","Blubbfrosch","Pokémon Burburrana","Pokémon Schiumorana","Bubble Frog Pokémon","あわがえるポケモン","泡蛙宝可梦"
"657","frogadier","あわがえるポケモン",,"거품개구리포켓몬","泡蛙寶可夢","Pokémon Crapobulle","Blubbfrosch","Pokémon Burburrana","Pokémon Schiumorana","Bubble Frog Pokémon","あわがえるポケモン","泡蛙宝可梦"
"658","greninja","しのびポケモン",,"시노비포켓몬","忍者寶可夢","Pokémon Ninja","Ninja","Pokémon Ninja","Pokémon Ninja","Ninja Pokémon","しのびポケモン","忍者宝可梦"
"659","bunnelby","あなほりポケモン",,"땅구멍파기포켓몬","挖洞寶可夢","Pokémon Fouisseur","Baugräber-Pokémon","Pokémon Excavador","Pokémon Scavabuche","Digging Pokémon","あなほりポケモン","挖洞宝可梦"
"660","diggersby","あなほりポケモン",,"땅구멍파기포켓몬","挖洞寶可夢","Pokémon Fouisseur","Baugräber-Pokémon","Pokémon Excavador","Pokémon Scavabuche","Digging Pokémon","あなほりポケモン","挖洞宝可梦"
"661","fletchling","コマドリポケモン",,"울새포켓몬","知更鳥寶可夢","Pokémon Rougegorge","Rotkehlchen-Pokémon","Pokémon Petirrojo","Pokémon Pettirosso","Tiny Robin Pokémon","コマドリポケモン","知更鸟宝可梦"
"662","fletchinder","ひのこポケモン",,"불티포켓몬","火花寶可夢","Pokémon Braise","Funkenregen-Pokémon","Pokémon Lumbre","Pokémon Sfavillante","Ember Pokémon","ひのこポケモン","火花宝可梦"
"663","talonflame","れっかポケモン",,"열화포켓몬","烈火寶可夢","Pokémon Fournaise","Stichflammen-Pokémon","Pokémon Flamígero","Pokémon Ardifiamma","Scorching Pokémon","れっかポケモン","烈火宝可梦"
"664","scatterbug","こなふきポケモン",,"가루뿜기포켓몬","噴粉寶可夢","Pokémon Exhalécaille","Puderinsekt","Pokémon Tiraescamas","Pokémon Tirascaglie","Scatterdust Pokémon","こなふきポケモン","喷粉宝可梦"
"665","spewpa","こなふきポケモン",,"가루뿜기포켓몬","噴粉寶可夢","Pokémon Exhalécaille","Puderinsekt","Pokémon Tiraescamas","Pokémon Tirascaglie","Scatterdust Pokémon","こなふきポケモン","喷粉宝可梦"
"666","vivillon","りんぷんポケモン",,"인분포켓몬","鱗粉寶可夢","Pokémon Lépidécaille","Flügelstaub","Pokémon Escamaposa","Pokémon Farfascaglia","Scale Pokémon","りんぷんポケモン","鳞粉宝可梦"
"667","litleo","わかじしポケモン",,"어린사자포켓몬","幼獅寶可夢","Pokémon Lionceau","Junglöwe","Pokémon Leoncito","Pokémon Leoncino","Lion Cub Pokémon","わかじしポケモン","幼狮宝可梦"
"668","pyroar","おうじゃポケモン",,"임금포켓몬","王者寶可夢","Pokémon Royal","Monarch","Pokémon Regio","Pokémon Reale","Royal Pokémon","おうじゃポケモン","王者宝可梦"
"669","flabebe","いちりんポケモン",,"한송이포켓몬","單朵寶可夢","Pokémon Uniflore","Einblütler","Pokémon Monoflor","Pokémon Monofiore","Single Bloom Pokémon","いちりんポケモン","单朵宝可梦"
"670","floette","いちりんポケモン",,"한송이포켓몬","單朵寶可夢","Pokémon Uniflore","Einblütler","Pokémon Monoflor","Pokémon Monofiore","Single Bloom Pokémon","いちりんポケモン","单朵宝可梦"
"671","florges","ガーデンポケモン",,"가든포켓몬","花園寶可夢","Pokémon Jardin","Garten","Pokémon Jardín","Pokémon Giardino","Garden Pokémon","ガーデンポケモン","花园宝可梦"
"672","skiddo","ライドポケモン",,"라이드포켓몬","坐騎寶可夢","Pokémon Monture","Ritt","Pokémon Montura","Pokémon Cavalcatura","Mount Pokémon","ライドポケモン","坐骑宝可梦"
"673","gogoat","ライドポケモン",,"라이드포켓몬","坐騎寶可夢","Pokémon Monture","Ritt","Pokémon Montura","Pokémon Cavalcatura","Mount Pokémon","ライドポケモン","坐骑宝可梦"
"674","pancham","やんちゃポケモン",,"개구쟁이포켓몬","頑皮寶可夢","Pokémon Garnement","Verspielt-Pokémon","Pokémon Juguetón","Pokémon Briccone","Playful Pokémon","やんちゃポケモン","顽皮宝可梦"
"675","pangoro","こわもてポケモン",,"무서운얼굴포켓몬","惡顏寶可夢","Pokémon Patibulaire","Gaunerblick-Pokémon","Pokémon Rostro Fiero","Pokémon Occhiotruce","Daunting Pokémon","こわもてポケモン","恶颜宝可梦"
"676","furfrou","プードルポケモン",,"푸들포켓몬","貴賓犬寶可夢","Pokémon Caniche","Pudel","Pokémon Caniche","Pokémon Barboncino","Poodle Pokémon","プードルポケモン","贵宾犬宝可梦"
"677","espurr","じせいポケモン",,"자제포켓몬","自制寶可夢","Pokémon Retenue","Zügelungs-Pokémon","Pokémon Moderación","Pokémon Moderazione","Restraint Pokémon","じせいポケモン","自制宝可梦"
"678","meowstic","よくせいポケモン",,"억제포켓몬","抑制寶可夢","Pokémon SelfContrôle","Fassungs-Pokémon","Pokémon Autocontrol","Pokémon Temperanza","Constraint Pokémon","よくせいポケモン","抑制宝可梦"
"679","honedge","とうけんポケモン",,"도검포켓몬","刀劍寶可夢","Pokémon Glaive","Klingenkraft-Pokémon","Pokémon Tizona","Pokémon Armabianca","Sword Pokémon","とうけんポケモン","刀剑宝可梦"
"680","doublade","とうけんポケモン",,"도검포켓몬","刀劍寶可夢","Pokémon Glaive","Klingenkraft-Pokémon","Pokémon Tizona","Pokémon Armabianca","Sword Pokémon","とうけんポケモン","刀剑宝可梦"
"681","aegislash","おうけんポケモン",,"왕검포켓몬","王劍寶可夢","Pokémon Noble Lame","Königsklingen-Pokémon","Pokémon Espada Real","Pokémon Spadareale","Royal Sword Pokémon","おうけんポケモン","王剑宝可梦"
"682","spritzee","こうすいポケモン",,"향수포켓몬","香水寶可夢","Pokémon Fragrance","Parfüm-Pokémon","Pokémon Aroma","Pokémon Profumo","Perfume Pokémon","こうすいポケモン","香水宝可梦"
"683","aromatisse","ほうこうポケモン",,"방향포켓몬","芳香寶可夢","Pokémon Parfum","Duft-Pokémon","Pokémon Fragancia","Pokémon Fragranza","Fragrance Pokémon","ほうこうポケモン","芳香宝可梦"
"684","swirlix","わたあめポケモン",,"솜사탕포켓몬","棉花糖寶可夢","Pokémon Confiserie","Zuckerwatte-Pokémon","Pokémon Chuchería","Pokémon Zuccherino","Cotton Candy Pokémon","わたあめポケモン","棉花糖宝可梦"
"685","slurpuff","ホイップポケモン",,"휩포켓몬","泡沫奶油寶可夢","Pokémon Mousseline","Schlagsahne-Pokémon","Pokémon Nata","Pokémon Panna","Meringue Pokémon","ホイップポケモン","泡沫奶油宝可梦"
"686","inkay","かいてんポケモン",,"회전포켓몬","回轉寶可夢","Pokémon Rotation","Rotations-Pokémon","Pokémon Rotación","Pokémon Volteggio","Revolving Pokémon","かいてんポケモン","回转宝可梦"
"687","malamar","ぎゃくてんポケモン",,"역전포켓몬","倒轉寶可夢","Pokémon Révolution","Inversions-Pokémon","Pokémon Revolución","Pokémon Giravolta","Overturning Pokémon","ぎゃくてんポケモン","倒转宝可梦"
"688","binacle","ふたてポケモン",,"두손포켓몬","雙手寶可夢","Pokémon Bimane","Krallenduo-Pokémon","Pokémon Dos Manos","Pokémon Bimano","Two-Handed Pokémon","ふたてポケモン","双手宝可梦"
"689","barbaracle","しゅうごうポケモン",,"집합포켓몬","集合寶可夢","Pokémon Assemblage","Ballungs-Pokémon","Pokémon Combinación","Pokémon Aggregato","Collective Pokémon","しゅうごうポケモン","集合宝可梦"
"690","skrelp","クサモドキポケモン",,"풀모방포켓몬","似草寶可夢","Pokémon Simulalgue","Tangmimikry-Pokémon","Pokémon Pseudoalga","Pokémon Similalga","Mock Kelp Pokémon","クサモドキポケモン","似草宝可梦"
"691","dragalge","クサモドキポケモン",,"풀모방포켓몬","似草寶可夢","Pokémon Simulalgue","Tangmimikry-Pokémon","Pokémon Pseudoalga","Pokémon Similalga","Mock Kelp Pokémon","クサモドキポケモン","似草宝可梦"
"692","clauncher","みずでっぽうポケモン",,"물대포포켓몬","水槍寶可夢","Pokémon Lance à Eau","Aquapistolen-Pokémon","Pokémon Proyectagua","Pokémon Zampillo","Water Gun Pokémon","みずでっぽうポケモン","水枪宝可梦"
"693","clawitzer","ランチャーポケモン",,"런처포켓몬","發射器寶可夢","Pokémon Blaster","Aquawummen-Pokémon","Pokémon Lanzachorro","Pokémon Acqualancio","Howitzer Pokémon","ランチャーポケモン","发射器宝可梦"
"694","helioptile","はつでんポケモン",,"발전포켓몬","發電寶可夢","Pokémon Générateur","Generatoren-Pokémon","Pokémon Generador","Pokémon Generatore","Generator Pokémon","はつでんポケモン","发电宝可梦"
"695","heliolisk","はつでんポケモン",,"발전포켓몬","發電寶可夢","Pokémon Générateur","Generatoren-Pokémon","Pokémon Generador","Pokémon Generatore","Generator Pokémon","はつでんポケモン","发电宝可梦"
"696","tyrunt","ようくんポケモン",,"유군포켓몬","幼君寶可夢","Pokémon Prince","Kronprinz-Pokémon","Pokémon Heredero","Pokémon Principino","Royal Heir Pokémon","ようくんポケモン","幼君宝可梦"
"697","tyrantrum","ぼうくんポケモン",,"폭군포켓몬","暴君寶可夢","Pokémon Tyran","Tyrannen-Pokémon","Pokémon Tirano","Pokémon Tiranno","Despot Pokémon","ぼうくんポケモン","暴君宝可梦"
"698","amaura","ツンドラポケモン",,"툰드라포켓몬","凍原寶可夢","Pokémon Toundra","Tundra-Pokémon","Pokémon Tundra","Pokémon Tundra","Tundra Pokémon","ツンドラポケモン","冻原宝可梦"
"699","aurorus","ツンドラポケモン",,"툰드라포켓몬","凍原寶可夢","Pokémon Toundra","Tundra-Pokémon","Pokémon Tundra","Pokémon Tundra","Tundra Pokémon","ツンドラポケモン","冻原宝可梦"
"700","sylveon","むすびつきポケモン",,"연결포켓몬","連結寶可夢","Pokémon Attachant","Bindungs-Pokémon","Pokémon Vínculo","Pokémon Legame","Intertwining Pokémon","むすびつきポケモン","连结宝可梦"
"701","hawlucha","レスリングポケモン",,"레슬링포켓몬","摔角寶可夢","Pokémon Catcheur","Wrestling-Pokémon","Pokémon Lucha Libre","Pokémon Lottalibera","Wrestling Pokémon","レスリングポケモン","摔角宝可梦"
"702","dedenne","アンテナポケモン",,"안테나포켓몬","天線寶可夢","Pokémon Antenne","Antennen-Pokémon","Pokémon Antenas","Pokémon Antenna","Antenna Pokémon","アンテナポケモン","天线宝可梦"
"703","carbink","ほうせきポケモン",,"보석포켓몬","寶石寶可夢","Pokémon Joyau","Edelstein-Pokémon","Pokémon Joya","Pokémon Gemma","Jewel Pokémon","ほうせきポケモン","宝石宝可梦"
"704","goomy","なんたいポケモン",,"연체포켓몬","軟體生物寶可夢","Pokémon Mollusque","Schneckedei-Pokémon","Pokémon Molusco","Pokémon Mollusco","Soft Tissue Pokémon","なんたいポケモン","软体生物宝可梦"
"705","sliggoo","なんたいポケモン",,"연체포켓몬","軟體生物寶可夢","Pokémon Mollusque","Schneckedei-Pokémon","Pokémon Molusco","Pokémon Mollusco","Soft Tissue Pokémon","なんたいポケモン","软体生物宝可梦"
"706","goodra","ドラゴンポケモン",,"드래곤포켓몬","龍寶可夢","Pokémon Dragon","Drachen-Pokémon","Pokémon Dragón","Pokémon Drago","Dragon Pokémon","ドラゴンポケモン","龙宝可梦"
"707","klefki","かぎたばポケモン",,"열쇠꾸러미포켓몬","鑰匙串寶可夢","Pokémon Trousseau","Schlüssel-Pokémon","Pokémon Llavero","Pokémon Portachiavi","Key Ring Pokémon","かぎたばポケモン","钥匙串宝可梦"
"708","phantump","きりかぶポケモン",,"그루터기포켓몬","樹樁寶可夢","Pokémon Souche","Baumstumpf-Pokémon","Pokémon Tocón","Pokémon Ceppo","Stump Pokémon","きりかぶポケモン","树桩宝可梦"
"709","trevenant","ろうぼくポケモン",,"고목포켓몬","老樹寶可夢","Pokémon Vieillarbre","Urgehölz-Pokémon","Pokémon Árbol Viejo","Pokémon Alberantico","Elder Tree Pokémon","ろうぼくポケモン","老树宝可梦"
"710","pumpkaboo","かぼちゃポケモン",,"호박포켓몬","南瓜寶可夢","Pokémon Citrouille","Kürbis-Pokémon","Pokémon Calabaza","Pokémon Zucca","Pumpkin Pokémon","かぼちゃポケモン","南瓜宝可梦"
"711","gourgeist","かぼちゃポケモン",,"호박포켓몬","南瓜寶可夢","Pokémon Citrouille","Kürbis-Pokémon","Pokémon Calabaza","Pokémon Zucca","Pumpkin Pokémon","かぼちゃポケモン","南瓜宝可梦"
"712","bergmite","ひょうかいポケモン",,"얼음덩이포켓몬","冰塊寶可夢","Pokémon Glaçon","Eisklumpen-Pokémon","Pokémon Témpano","Pokémon Ghiacciolo","Ice Chunk Pokémon","ひょうかいポケモン","冰块宝可梦"
"713","avalugg","ひょうざんポケモン",,"빙산포켓몬","冰山寶可夢","Pokémon Iceberg","Eisberg-Pokémon","Pokémon Iceberg","Pokémon Iceberg","Iceberg Pokémon","ひょうざんポケモン","冰山宝可梦"
"714","noibat","おんぱポケモン",,"음파포켓몬","音波寶可夢","Pokémon Ondes","Schallwellen-Pokémon","Pokémon Onda Sónica","Pokémon Ondasonora","Sound Wave Pokémon","おんぱポケモン","音波宝可梦"
"715","noivern","おんぱポケモン",,"음파포켓몬","音波寶可夢","Pokémon Ondes","Schallwellen-Pokémon","Pokémon Onda Sónica","Pokémon Ondasonora","Sound Wave Pokémon","おんぱポケモン","音波宝可梦"
"716","xerneas","せいめいポケモン",,"생명포켓몬","生命寶可夢","Pokémon Existence","Lebens-Pokémon","Pokémon Creación","Pokémon Creazione","Life Pokémon","せいめいポケモン","生命宝可梦"
"717","yveltal","はかいポケモン",,"파괴포켓몬","破壞寶可夢","Pokémon Annihilation","Zerstörungs-Pokémon","Pokémon Destrucción","Pokémon Distruzione","Destruction Pokémon","はかいポケモン","破坏宝可梦"
"718","zygarde","ちつじょポケモン",,"질서포켓몬","秩序寶可夢","Pokémon Équilibre","Ordnungs-Pokémon","Pokémon Equilibrio","Pokémon Equilibrio","Order Pokémon","ちつじょポケモン","秩序宝可梦"
"719","diancie","ほうせきポケモン",,"보석포켓몬","寶石寶可夢","Pokémon Joyau","Edelstein-Pokémon","Pokémon Joya","Pokémon Gemma","Jewel Pokémon","ほうせきポケモン","宝石宝可梦"
"720","hoopa","いたずらポケモン",,"장난포켓몬","頑童寶可夢","Pokémon Chenapan","Schabernack","Pokémon Travesura","Pokémon Birba","Mischief Pokémon","いたずらポケモン","顽童宝可梦"
"721","volcanion","スチームポケモン",,"스팀포켓몬","蒸汽寶可夢","Pokémon Vapeur","Dampf-Pokémon","Pokémon Vapor","Pokémon Vapore","Steam Pokémon","スチームポケモン","蒸汽宝可梦"
"722","rowlet","くさばねポケモン",,"풀깃포켓몬","草羽寶可夢","Pokémon Plumefeuille","Laubflügel-Pokémon","Pokémon Pluma Hoja","Pokémon Aliderba","Grass Quill Pokémon","くさばねポケモン","草羽宝可梦"
"723","dartrix","はばねポケモン",,"칼날깃포켓몬","刃羽寶可夢","Pokémon Plum’acérée","Flügelklingen-Pokémon","Pokémon Pluma Filo","Pokémon Piumaffilata","Blade Quill Pokémon","はばねポケモン","刃羽宝可梦"
"724","decidueye","やばねポケモン",,"화살깃포켓몬","箭羽寶可夢","Pokémon Plumeflèche","Pfeilflügel-Pokémon","Pokémon Pluma Flecha","Pokémon Alifreccia","Arrow Quill Pokémon","やばねポケモン","箭羽宝可梦"
"725","litten","ひねこポケモン",,"불고양이포켓몬","火貓寶可夢","Pokémon Chat Feu","Feuerkatzen-Pokémon","Pokémon Gato Fuego","Pokémon Pirofelino","Fire Cat Pokémon","ひねこポケモン","火猫宝可梦"
"726","torracat","ひねこポケモン",,"불고양이포켓몬","火貓寶可夢","Pokémon Chat Feu","Feuerkatzen-Pokémon","Pokémon Gato Fuego","Pokémon Pirofelino","Fire Cat Pokémon","ひねこポケモン","火猫宝可梦"
"727","incineroar","ヒールポケモン",,"힐포켓몬","反派寶可夢","Pokémon Vil Catcheur","Fieslings-Pokémon","Pokémon Rudo","Pokémon Colpibassi","Heel Pokémon","ヒールポケモン","反派宝可梦"
"728","popplio","あしかポケモン",,"강치포켓몬","海獅寶可夢","Pokémon Otarie","Seehund-Pokémon","Pokémon León Marino","Pokémon Otaria","Sea Lion Pokémon","あしかポケモン","海狮宝可梦"
"729","brionne","アイドルポケモン",,"아이돌포켓몬","偶像寶可夢","Pokémon Starlette","Popsternchen-Pokémon","Pokémon Fama","Pokémon Pop Star","Pop Star Pokémon","アイドルポケモン","偶像宝可梦"
"730","primarina","ソリストポケモン",,"솔리스트포켓몬","獨唱者寶可夢","Pokémon Soliste","Solisten-Pokémon","Pokémon Solista","Pokémon Solista","Soloist Pokémon","ソリストポケモン","独唱者宝可梦"
"731","pikipek","きつつきポケモン",,"딱따구리포켓몬","啄木鳥寶可夢","Pokémon Pivert","Specht","Pokémon Carpintero","Pokémon Picchio","Woodpecker Pokémon","きつつきポケモン","啄木鸟宝可梦"
"732","trumbeak","ラッパぐちポケモン",,"나팔입포켓몬","喇叭喙寶可夢","Pokémon Bec Clairon","Trompete","Pokémon Trompeta","Pokémon Trombecco","Bugle Beak Pokémon","ラッパぐちポケモン","喇叭喙宝可梦"
"733","toucannon","おおづつポケモン",,"대포포켓몬","銃炮寶可夢","Pokémon Canon","Kanone","Pokémon Cañón","Pokémon Cannone","Cannon Pokémon","おおづつポケモン","铳炮宝可梦"
"734","yungoos","うろつきポケモン",,"순회포켓몬","巡迴寶可夢","Pokémon Patrouille","Patrouille","Pokémon Patrulla","Pokémon Pattuglia","Loitering Pokémon","うろつきポケモン","巡回宝可梦"
"735","gumshoos","はりこみポケモン",,"잠복포켓몬","監視寶可夢","Pokémon Filature","Beschattung","Pokémon Vigilante","Pokémon Sorveglianza","Stakeout Pokémon","はりこみポケモン","蹲守宝可梦"
"736","grubbin","ようちゅうポケモン",,"유충포켓몬","幼蟲寶可夢","Pokémon Larve","Larven-Pokémon","Pokémon Pupa","Pokémon Coleolarva","Larva Pokémon","ようちゅうポケモン","幼虫宝可梦"
"737","charjabug","バッテリーポケモン",,"배터리포켓몬","蓄電池寶可夢","Pokémon Batterie","Batterie-Pokémon","Pokémon Batería","Pokémon Batteria","Battery Pokémon","バッテリーポケモン","蓄电池宝可梦"
"738","vikavolt","くわがたポケモン",,"뿔집게포켓몬","鍬形蟲寶可夢","Pokémon Scarabée","Kneifkäfer-Pokémon","Pokémon Escarabajo","Pokémon Cervolante","Stag Beetle Pokémon","くわがたポケモン","锹形虫宝可梦"
"739","crabrawler","けんとうポケモン",,"권투포켓몬","拳鬥寶可夢","Pokémon Boxeur","Boxkampf","Pokémon Púgil","Pokémon Pugile","Boxing Pokémon","けんとうポケモン","拳斗宝可梦"
"740","crabominable","けがにポケモン",,"털게포켓몬","毛蟹寶可夢","Pokémon Crabe Velu","Fellkrabbe","Pokémon Cangrejopelo","Pokémon Peligranchio","Woolly Crab Pokémon","けがにポケモン","毛蟹宝可梦"
"741","oricorio","ダンスポケモン",,"댄스포켓몬","舞蹈寶可夢","Pokémon Danse","Tanz","Pokémon Danza","Pokémon Danza","Dancing Pokémon","ダンスポケモン","舞蹈宝可梦"
"742","cutiefly","ツリアブポケモン",,"재니등에포켓몬","蜂虻寶可夢","Pokémon Bombyle","Hummelfliegen-Pokémon","Pokémon Mosca Abeja","Pokémon Bombilide","Bee Fly Pokémon","ツリアブポケモン","蜂虻宝可梦"
"743","ribombee","ツリアブポケモン",,"재니등에포켓몬","蜂虻寶可夢","Pokémon Bombyle","Hummelfliegen-Pokémon","Pokémon Mosca Abeja","Pokémon Bombilide","Bee Fly Pokémon","ツリアブポケモン","蜂虻宝可梦"
"744","rockruff","こいぬポケモン",,"강아지포켓몬","小狗寶可夢","Pokémon Chiot","Welpen-Pokémon","Pokémon Perrito","Pokémon Cagnolino","Puppy Pokémon","こいぬポケモン","小狗宝可梦"
"745","lycanroc","オオカミポケモン",,"늑대포켓몬","狼寶可夢","Pokémon Loup","Wolfs-Pokémon","Pokémon Lobo","Pokémon Lupo","Wolf Pokémon","オオカミポケモン","狼宝可梦"
"746","wishiwashi","こざかなポケモン",,"잔물고기포켓몬","小魚寶可夢","Pokémon Minipoisson","Kleinfisch-Pokémon","Pokémon Pececillo","Pokémon Pesciolino","Small Fry Pokémon","こざかなポケモン","小鱼宝可梦"
"747","mareanie","ヒトデナシポケモン",,"깨비사리포켓몬","非星寶可夢","Pokémon Cruel","Quäl-Stern-Pokémon","Pokémon Estrellatroz","Pokémon Stellatroce","Brutal Star Pokémon","ヒトデナシポケモン","非星宝可梦"
"748","toxapex","ヒトデナシポケモン",,"깨비사리포켓몬","非星寶可夢","Pokémon Cruel","Quäl-Stern-Pokémon","Pokémon Estrellatroz","Pokémon Stellatroce","Brutal Star Pokémon","ヒトデナシポケモン","非星宝可梦"
"749","mudbray","うさぎうまポケモン",,"당나귀포켓몬","驢寶可夢","Pokémon Âne","Packesel-Pokémon","Pokémon Asno","Pokémon Ciuconiglio","Donkey Pokémon","うさぎうまポケモン","驴宝可梦"
"750","mudsdale","ばんばポケモン",,"만마포켓몬","挽馬寶可夢","Pokémon Cheval Trait","Zugpferd-Pokémon","Pokémon Caballo Tiro","Pokémon Fortequino","Draft Horse Pokémon","ばんばポケモン","挽马宝可梦"
"751","dewpider","すいほうポケモン",,"수포포켓몬","水泡寶可夢","Pokémon Aquabulle","Wasserblasen-Pokémon","Pokémon Pompa","Pokémon Bolladacqua","Water Bubble Pokémon","すいほうポケモン","水泡宝可梦"
"752","araquanid","すいほうポケモン",,"수포포켓몬","水泡寶可夢","Pokémon Aquabulle","Wasserblasen-Pokémon","Pokémon Pompa","Pokémon Bolladacqua","Water Bubble Pokémon","すいほうポケモン","水泡宝可梦"
"753","fomantis","かまくさポケモン",,"풀사마귀포켓몬","鐮草寶可夢","Pokémon Fauch’Herbe","Grassichel-Pokémon","Pokémon Filo Hoja","Pokémon Mantiderba","Sickle Grass Pokémon","かまくさポケモン","镰草宝可梦"
"754","lurantis","はなかまポケモン",,"꽃사마귀포켓몬","花鐮寶可夢","Pokémon Fauch’Fleur","Blumensichel-Pokémon","Pokémon Filo Flor","Pokémon Mantifiore","Bloom Sickle Pokémon","はなかまポケモン","花镰宝可梦"
"755","morelull","はっこうポケモン",,"발광포켓몬","發光寶可夢","Pokémon Luminescent","Lumineszenz-Pokémon","Pokémon Luminiscente","Pokémon Luminescenza","Illuminating Pokémon","はっこうポケモン","发光宝可梦"
"756","shiinotic","はっこうポケモン",,"발광포켓몬","發光寶可夢","Pokémon Luminescent","Lumineszenz-Pokémon","Pokémon Luminiscente","Pokémon Luminescenza","Illuminating Pokémon","はっこうポケモン","发光宝可梦"
"757","salandit","どくトカゲポケモン",,"독도마뱀포켓몬","毒蜥寶可夢","Pokémon Toxilézard","Giftechsen-Pokémon","Pokémon Lagartoxina","Pokémon Lucertossina","Toxic Lizard Pokémon","どくトカゲポケモン","毒蜥宝可梦"
"758","salazzle","どくトカゲポケモン",,"독도마뱀포켓몬","毒蜥寶可夢","Pokémon Toxilézard","Giftechsen-Pokémon","Pokémon Lagartoxina","Pokémon Lucertossina","Toxic Lizard Pokémon","どくトカゲポケモン","毒蜥宝可梦"
"759","stufful","じたばたポケモン",,"바둥바둥포켓몬","抓狂寶可夢","Pokémon Gigoteur","Wildfang-Pokémon","Pokémon Rabieta","Pokémon Bizzoso","Flailing Pokémon","じたばたポケモン","抓狂宝可梦"
"760","bewear","ごうわんポケモン",,"강한완력포켓몬","強臂寶可夢","Pokémon Biscoteaux","Kraftarme-Pokémon","Pokémon Brazo Fuerte","Pokémon Fortebraccio","Strong Arm Pokémon","ごうわんポケモン","强臂宝可梦"
"761","bounsweet","フルーツポケモン",,"후르츠포켓몬","水果寶可夢","Pokémon Fruit","Obst-Pokémon","Pokémon Fruto","Pokémon Frutto","Fruit Pokémon","フルーツポケモン","水果宝可梦"
"762","steenee","フルーツポケモン",,"후르츠포켓몬","水果寶可夢","Pokémon Fruit","Obst-Pokémon","Pokémon Fruto","Pokémon Frutto","Fruit Pokémon","フルーツポケモン","水果宝可梦"
"763","tsareena","フルーツポケモン",,"후르츠포켓몬","水果寶可夢","Pokémon Fruit","Obst-Pokémon","Pokémon Fruto","Pokémon Frutto","Fruit Pokémon","フルーツポケモン","水果宝可梦"
"764","comfey","はなつみポケモン",,"꽃따기포켓몬","摘花寶可夢","Pokémon Tressefleur","Blumenkranz-Pokémon","Pokémon Recogeflores","Pokémon Ghirlanda","Posy Picker Pokémon","はなつみポケモン","摘花宝可梦"
"765","oranguru","けんじゃポケモン",,"현자포켓몬","賢者寶可夢","Pokémon Grand Sage","Weisheits-Pokémon","Pokémon Sabio","Pokémon Saggio","Sage Pokémon","けんじゃポケモン","贤者宝可梦"
"766","passimian","れんけいポケモン",,"연계포켓몬","配合寶可夢","Pokémon Coopération","Teamwork-Pokémon","Pokémon Cooperación","Pokémon Giocosquadra","Teamwork Pokémon","れんけいポケモン","配合宝可梦"
"767","wimpod","そうこうポケモン",,"주행포켓몬","疾行寶可夢","Pokémon Cavaleur","Laufschritt-Pokémon","Pokémon Huidizo","Pokémon Lestopode","Turn Tail Pokémon","そうこうポケモン","疾行宝可梦"
"768","golisopod","そうこうポケモン",,"장갑포켓몬","裝甲寶可夢","Pokémon Blindé","Rüstungs-Pokémon","Pokémon Blindaje","Pokémon Blindato","Hard Scale Pokémon","そうこうポケモン","装甲宝可梦"
"769","sandygast","すなやまポケモン",,"모래산포켓몬","沙丘寶可夢","Pokémon Pâtéd’Sable","Sandhaufen-Pokémon","Pokémon Montearena","Pokémon Montesabbia","Sand Heap Pokémon","すなやまポケモン","沙丘宝可梦"
"770","palossand","すなのしろポケモン",,"모래성포켓몬","沙堡寶可夢","Pokémon Châtod’Sable","Sandschloss-Pokémon","Pokémon Castiarena","Pokémon Castelsabbia","Sand Castle Pokémon","すなのしろポケモン","沙堡宝可梦"
"771","pyukumuku","なまこポケモン",,"해삼포켓몬","海參寶可夢","Pokémon Holothurie","Seegurken-Pokémon","Pokémon Pepino Mar","Pokémon Oloturia","Sea Cucumber Pokémon","なまこポケモン","海参宝可梦"
"772","type-null","じんこうポケモン",,"인공포켓몬","人工寶可夢","Pokémon Multigénome","Modifikations-Pokémon","Pokémon Multigénico","Pokémon Multigene","Synthetic Pokémon","じんこうポケモン","人工宝可梦"
"773","silvally","じんこうポケモン",,"인공포켓몬","人工寶可夢","Pokémon Multigénome","Modifikations-Pokémon","Pokémon Multigénico","Pokémon Multigene","Synthetic Pokémon","じんこうポケモン","人工宝可梦"
"774","minior","ながれぼしポケモン",,"유성포켓몬","流星寶可夢","Pokémon Météore","Meteor","Pokémon Meteoro","Pokémon Meteora","Meteor Pokémon","ながれぼしポケモン","流星宝可梦"
"775","komala","ゆめうつつポケモン",,"꿈결포켓몬","半夢半醒寶可夢","Pokémon Rêveur","Halbschlaf","Pokémon Duermevela","Pokémon Dormiveglia","Drowsing Pokémon","ゆめうつつポケモン","半梦半醒宝可梦"
"776","turtonator","ばくはつがめポケモン",,"폭발거북포켓몬","爆炸龜寶可夢","Pokémon Tortue Boum","Knallkröten-Pokémon","Pokémon Tortugabomba","Pokémon Tartabomba","Blast Turtle Pokémon","ばくはつがめポケモン","爆炸龟宝可梦"
"777","togedemaru","まるまりポケモン",,"동글동글포켓몬","蜷縮寶可夢","Pokémon Roulenboule","Einigler-Pokémon","Pokémon Bolita","Pokémon Ricciopalla","Roly-Poly Pokémon","まるまりポケモン","蜷缩宝可梦"
"778","mimikyu","ばけのかわポケモン",,"탈포켓몬","畫皮寶可夢","Pokémon Fantômasque","Kostümspuk-Pokémon","Pokémon Disfraz","Pokémon Fantasmanto","Disguise Pokémon","ばけのかわポケモン","画皮宝可梦"
"779","bruxish","はぎしりポケモン",,"이갈기포켓몬","磨牙寶可夢","Pokémon Grincedent","Knirschzahn","Pokémon Rechinante","Pokémon Sfregadenti","Gnash Teeth Pokémon","はぎしりポケモン","磨牙宝可梦"
"780","drampa","ゆうゆうポケモン",,"느긋누긋포켓몬","悠遊寶可夢","Pokémon Nonchalant","Gelassenheits-Pokémon","Pokémon Sosiego","Pokémon Tuttacalma","Placid Pokémon","ゆうゆうポケモン","悠游宝可梦"
"781","dhelmise","もくずポケモン",,"해초조각포켓몬","碎藻寶可夢","Pokémon Varech","Seetang-Pokémon","Pokémon Alga Ancla","Pokémon Brandellalga","Sea Creeper Pokémon","もくずポケモン","碎藻宝可梦"
"782","jangmo-o","うろこポケモン",,"비늘포켓몬","鱗片寶可夢","Pokémon Écailles","Schuppentier-Pokémon","Pokémon Escamas","Pokémon Squama","Scaly Pokémon","うろこポケモン","鳞片宝可梦"
"783","hakamo-o","うろこポケモン",,"비늘포켓몬","鱗片寶可夢","Pokémon Écailles","Schuppentier-Pokémon","Pokémon Escamas","Pokémon Squama","Scaly Pokémon","うろこポケモン","鳞片宝可梦"
"784","kommo-o","うろこポケモン",,"비늘포켓몬","鱗片寶可夢","Pokémon Écailles","Schuppentier-Pokémon","Pokémon Escamas","Pokémon Squama","Scaly Pokémon","うろこポケモン","鳞片宝可梦"
"785","tapu-koko","とちがみポケモン",,"토속신포켓몬","土地神寶可夢","Pokémon Tutélaire","Schutzpatron-Pokémon","Pokémon Dios Nativo","Pokémon Nume Locale","Land Spirit Pokémon","とちがみポケモン","土地神宝可梦"
"786","tapu-lele","とちがみポケモン",,"토속신포켓몬","土地神寶可夢","Pokémon Tutélaire","Schutzpatron-Pokémon","Pokémon Dios Nativo","Pokémon Nume Locale","Land Spirit Pokémon","とちがみポケモン","土地神宝可梦"
"787","tapu-bulu","とちがみポケモン",,"토속신포켓몬","土地神寶可夢","Pokémon Tutélaire","Schutzpatron-Pokémon","Pokémon Dios Nativo","Pokémon Nume Locale","Land Spirit Pokémon","とちがみポケモン","土地神宝可梦"
"788","tapu-fini","とちがみポケモン",,"토속신포켓몬","土地神寶可夢","Pokémon Tutélaire","Schutzpatron-Pokémon","Pokémon Dios Nativo","Pokémon Nume Locale","Land Spirit Pokémon","とちがみポケモン","土地神宝可梦"
"789","cosmog","せいうんポケモン",,"성운포켓몬","星雲寶可夢","Pokémon Nébuleuse","Nebula-Pokémon","Pokémon Nebulosa","Pokémon Nebulosa","Nebula Pokémon","せいうんポケモン","星云宝可梦"
"790","cosmoem","げんしせいポケモン",,"원시성포켓몬","原始星寶可夢","Pokémon Proto-Étoile","Urgestirns-Pokémon","Pokémon Protostrella","Pokémon Protostella","Protostar Pokémon","げんしせいポケモン","原始星宝可梦"
"791","solgaleo","にちりんポケモン",,"일륜포켓몬","日輪寶可夢","Pokémon Halo Solaire","Sonnenkreis-Pokémon","Pokémon Corona Solar","Pokémon Solare","Sunne Pokémon","にちりんポケモン","日轮宝可梦"
"792","lunala","がちりんポケモン",,"월륜포켓몬","月輪寶可夢","Pokémon Halo Lunaire","Mondscheiben-Pokémon","Pokémon Corona Lunar","Pokémon Lunare","Moone Pokémon","がちりんポケモン","月轮宝可梦"
"793","nihilego","きせいポケモン",,"기생포켓몬","寄生寶可夢","Pokémon Parasite","Parasiten-Pokémon","Pokémon Parásito","Pokémon Parassita","Parasite Pokémon","きせいポケモン","寄生宝可梦"
"794","buzzwole","ぼうちょうポケモン",,"팽창포켓몬","膨脹寶可夢","Pokémon Enflé","Ausdehnungs-Pokémon","Pokémon Hinchado","Pokémon Gonfiacorpo","Swollen Pokémon","ぼうちょうポケモン","膨胀宝可梦"
"795","pheromosa","えんびポケモン",,"염미포켓몬","美艷寶可夢","Pokémon Gracile","Eleganz-Pokémon","Pokémon Elegancia","Pokémon Leggiadria","Lissome Pokémon","えんびポケモン","美艳宝可梦"
"796","xurkitree","でんしょくポケモン",,"전기장식포켓몬","燈飾寶可夢","Pokémon Luminaire","Illuminations-Pokémon","Pokémon Luminaria","Pokémon Luminaria","Glowing Pokémon","でんしょくポケモン","灯饰宝可梦"
"797","celesteela","うちあげポケモン",,"쏴올리기포켓몬","發射寶可夢","Pokémon Décollage","Raketenstart-Pokémon","Pokémon Lanzamiento","Pokémon Decollo","Launch Pokémon","うちあげポケモン","发射宝可梦"
"798","kartana","ばっとうポケモン",,"발도포켓몬","拔刀寶可夢","Pokémon Battô","Schwertkunst-Pokémon","Pokémon Desenvaine","Pokémon Spadatratta","Drawn Sword Pokémon","ばっとうポケモン","拔刀宝可梦"
"799","guzzlord","あくじきポケモン",,"악식성포켓몬","異食寶可夢","Pokémon Bizarrovore","Gaumenfolter-Pokémon","Pokémon Tragaldabas","Pokémon Divoratutto","Junkivore Pokémon","あくじきポケモン","异食宝可梦"
"800","necrozma","プリズムポケモン",,"프리즘포켓몬","稜鏡寶可夢","Pokémon Prisme","Prisma-Pokémon","Pokémon Prisma","Pokémon Prisma","Prism Pokémon","プリズムポケモン","棱镜宝可梦"
"801","magearna","じんぞうポケモン",,"인조포켓몬","人造寶可夢","Pokémon Artificiel","Fabrikats-Pokémon","Pokémon Artificial","Pokémon Artificiale","Artificial Pokémon","じんぞうポケモン","人造宝可梦"
"802","marshadow","かげすみポケモン",,"그림자살이포켓몬","棲影寶可夢","Pokémon Ombrefuge","Dunkelwesen-Pokémon","Pokémon Morasombra","Pokémon Vivinombra","Gloomdweller Pokémon","かげすみポケモン","栖影宝可梦"
"803","poipole","どくばりポケモン",,"독침포켓몬","毒針寶可夢","Pokémon Vénépic","Giftdorn-Pokémon","Pokémon Pin Veneno","Pokémon Velenago","Poison Pin Pokémon","どくばりポケモン","毒针宝可梦"
"804","naganadel","どくばりポケモン",,"독침포켓몬","毒針寶可夢","Pokémon Vénépic","Giftdorn-Pokémon","Pokémon Pin Veneno","Pokémon Velenago","Poison Pin Pokémon","どくばりポケモン","毒针宝可梦"
"805","stakataka","いしがきポケモン",,"돌담포켓몬","石牆寶可夢","Pokémon Muraille","Steinmauer-Pokémon","Pokémon Muro","Pokémon Bastione","Rampart Pokémon","いしがきポケモン","石墙宝可梦"
"806","blacephalon","はなびポケモン",,"불꽃놀이포켓몬","煙火寶可夢","Pokémon Artificier","Feuerwerks-Pokémon","Pokémon Pirotecnia","Pokémon Pirotecnico","Fireworks Pokémon","はなびポケモン","烟火宝可梦"
"807","zeraora","じんらいポケモン",,"신뢰포켓몬","奔雷寶可夢","Pokémon Vif Éclair","Blitzsturm-Pokémon","Pokémon Fulgor","Pokémon Fulmirapido","Thunderclap Pokémon","じんらいポケモン","奔雷宝可梦"
"808","meltan","ナットポケモン",,"너트포켓몬","螺帽寶可夢","Pokémon Écrou","Mutter-Pokémon","Pokémon Tuerca","Pokémon Bullone","Hex Nut Pokémon","ナットポケモン","螺帽宝可梦"
"809","melmetal","ナットポケモン",,"너트포켓몬","螺帽寶可夢","Pokémon Écrou","Mutter-Pokémon","Pokémon Tuerca","Pokémon Bullone","Hex Nut Pokémon","ナットポケモン","螺帽宝可梦"
"810","grookey","こざるポケモン",,"꼬마원숭이포켓몬","小猴寶可夢","Pokémon Chimpanzé","Schimpansen-Pokémon","Pokémon Chimpancé","Pokémon Scimpanzé","Chimp Pokémon","こざるポケモン","小猴宝可梦"
"811","thwackey","ビートポケモン",,"비트포켓몬","節拍寶可夢","Pokémon Percussions","Beat-Pokémon","Pokémon Ritmo","Pokémon Ritmo","Beat Pokémon","ビートポケモン","节拍宝可梦"
"812","rillaboom","ドラマーポケモン",,"드러머포켓몬","鼓手寶可夢","Pokémon Batteur","Drummer-Pokémon","Pokémon Percusión","Pokémon Percussione","Drummer Pokémon","ドラマーポケモン","鼓手宝可梦"
"813","scorbunny","うさぎポケモン",,"토끼포켓몬","兔子寶可夢","Pokémon Lapin","Hasen-Pokémon","Pokémon Conejo","Pokémon Coniglio","Rabbit Pokémon","うさぎポケモン","兔子宝可梦"
"814","raboot","うさぎポケモン",,"토끼포켓몬","兔子寶可夢","Pokémon Lapin","Hasen-Pokémon","Pokémon Conejo","Pokémon Coniglio","Rabbit Pokémon","うさぎポケモン","兔子宝可梦"
"815","cinderace","ストライカーポケモン",,"스트라이커포켓몬","前鋒寶可夢","Pokémon Buteur","Torschützen-Pokémon","Pokémon Delantero","Pokémon Cannoniere","Striker Pokémon","ストライカーポケモン","前锋宝可梦"
"816","sobble","みずとかげポケモン",,"물도마뱀포켓몬","水蜥寶可夢","Pokémon Lézard’Eau","Wasserechsen-Pokémon","Pokémon Acuartija","Pokémon Acquacertola","Water Lizard Pokémon","みずとかげポケモン","水蜥宝可梦"
"817","drizzile","みずとかげポケモン",,"물도마뱀포켓몬","水蜥寶可夢","Pokémon Lézard’Eau","Wasserechsen-Pokémon","Pokémon Acuartija","Pokémon Acquacertola","Water Lizard Pokémon","みずとかげポケモン","水蜥宝可梦"
"818","inteleon","エージェントポケモン",,"에이전트포켓몬","特工寶可夢","Pokémon Agent Secret","Geheimagenten-Pokémon","Pokémon Agente","Pokémon Agente","Secret Agent Pokémon","エージェントポケモン","特工宝可梦"
"819","skwovet","ほおばりポケモン",,"볼가득포켓몬","貪吃寶可夢","Pokémon Joufflu","Raffbacken-Pokémon","Pokémon Abazón","Pokémon Guancepiene","Cheeky Pokémon","ほおばりポケモン","贪吃宝可梦"
"820","greedent","よくばりポケモン",,"욕심쟁이포켓몬","貪慾寶可夢","Pokémon Goulu","Gierschlund-Pokémon","Pokémon Avaricia","Pokémon Ingordigia","Greedy Pokémon","よくばりポケモン","贪欲宝可梦"
"821","rookidee","ことりポケモン",,"아기새포켓몬","小鳥寶可夢","Pokémon Minoiseau","Kleinvogel-Pokémon","Pokémon Pajarito","Pokémon Uccellino","Tiny Bird Pokémon","ことりポケモン","小鸟宝可梦"
"822","corvisquire","カラスポケモン",,"까마귀포켓몬","烏鴉寶可夢","Pokémon Corbeau","Krähen-Pokémon","Pokémon Cuervo","Pokémon Corvo","Raven Pokémon","カラスポケモン","乌鸦宝可梦"
"823","corviknight","カラスポケモン",,"까마귀포켓몬","烏鴉寶可夢","Pokémon Corbeau","Krähen-Pokémon","Pokémon Cuervo","Pokémon Corvo","Raven Pokémon","カラスポケモン","乌鸦宝可梦"
"824","blipbug","ようちゅうポケモン",,"유충포켓몬","幼蟲寶可夢","Pokémon Larve","Larven-Pokémon","Pokémon Pupa","Pokémon Coleolarva","Larva Pokémon","ようちゅうポケモン","幼虫宝可梦"
"825","dottler","レドームポケモン",,"레이돔포켓몬","天線罩寶可夢","Pokémon Radôme","Radarkuppel-Pokémon","Pokémon Radomo","Pokémon Radome","Radome Pokémon","レドームポケモン","天线罩宝可梦"
"826","orbeetle","ななほしポケモン",,"칠성포켓몬","七星寶可夢","Pokémon Sept Points","Siebensterne-Pokémon","Pokémon Siete Puntos","Pokémon Settepunti","Seven Spot Pokémon","ななほしポケモン","七星宝可梦"
"827","nickit","きつねポケモン",,"여우포켓몬","狐狸寶可夢","Pokémon Renard","Fuchs-Pokémon","Pokémon Zorro","Pokémon Volpe","Fox Pokémon","きつねポケモン","狐狸宝可梦"
"828","thievul","きつねポケモン",,"여우포켓몬","狐狸寶可夢","Pokémon Renard","Fuchs-Pokémon","Pokémon Zorro","Pokémon Volpe","Fox Pokémon","きつねポケモン","狐狸宝可梦"
"829","gossifleur","はなかざりポケモン",,"꽃장식포켓몬","花飾寶可夢","Pokémon Chef-Fleur","Blumenzier-Pokémon","Pokémon Adornofloral","Pokémon Fiorfronzolo","Flowering Pokémon","はなかざりポケモン","花饰宝可梦"
"830","eldegoss","わたかざりポケモン",,"솜장식포켓몬","棉飾寶可夢","Pokémon Chef-Coton","Baumwollzier-Pokémon","Pokémon Adornalgodón","Pokémon Cotofronzolo","Cotton Bloom Pokémon","わたかざりポケモン","棉饰宝可梦"
"831","wooloo","ひつじポケモン",,"양포켓몬","綿羊寶可夢","Pokémon Mouton","Schaf-Pokémon","Pokémon Oveja","Pokémon Pecora","Sheep Pokémon","ひつじポケモン","绵羊宝可梦"
"832","dubwool","ひつじポケモン",,"양포켓몬","綿羊寶可夢","Pokémon Mouton","Schaf-Pokémon","Pokémon Oveja","Pokémon Pecora","Sheep Pokémon","ひつじポケモン","绵羊宝可梦"
"833","chewtle","くいつきポケモン",,"물고늘어지기포켓몬","咬住寶可夢","Pokémon Mordillage","Schnapp-Pokémon","Pokémon Mordedura","Pokémon Mordace","Snapping Pokémon","くいつきポケモン","咬住宝可梦"
"834","drednaw","かみつきポケモン",,"물어뜯기포켓몬","緊咬寶可夢","Pokémon Morsure","Biss-Pokémon","Pokémon Mordisco","Pokémon Morso","Bite Pokémon","かみつきポケモン","紧咬宝可梦"
"835","yamper","こいぬポケモン",,"강아지포켓몬","小狗寶可夢","Pokémon Chiot","Welpen-Pokémon","Pokémon Perrito","Pokémon Cagnolino","Puppy Pokémon","こいぬポケモン","小狗宝可梦"
"836","boltund","いぬポケモン",,"개포켓몬","狗寶可夢","Pokémon Chien","Hunde-Pokémon","Pokémon Perro","Pokémon Cane","Dog Pokémon","いぬポケモン","狗宝可梦"
"837","rolycoly","せきたんポケモン",,"석탄포켓몬","煤炭寶可夢","Pokémon Charbon","Kohle-Pokémon","Pokémon Carbón","Pokémon Carbone","Coal Pokémon","せきたんポケモン","煤炭宝可梦"
"838","carkol","せきたんポケモン",,"석탄포켓몬","煤炭寶可夢","Pokémon Charbon","Kohle-Pokémon","Pokémon Carbón","Pokémon Carbone","Coal Pokémon","せきたんポケモン","煤炭宝可梦"
"839","coalossal","せきたんポケモン",,"석탄포켓몬","煤炭寶可夢","Pokémon Charbon","Kohle-Pokémon","Pokémon Carbón","Pokémon Carbone","Coal Pokémon","せきたんポケモン","煤炭宝可梦"
"840","applin","りんごぐらしポケモン",,"사과살이포켓몬","蘋果居寶可夢","Pokémon Nid Pomme","Apfelhaus-Pokémon","Pokémon Manzanido","Pokémon Pomicolo","Apple Core Pokémon","りんごぐらしポケモン","苹果居宝可梦"
"841","flapple","りんごはねポケモン",,"사과날개포켓몬","蘋果翅寶可夢","Pokémon Ailes Pomme","Apfelflügel-Pokémon","Pokémon Manzanala","Pokémon Pomivolo","Apple Wing Pokémon","りんごはねポケモン","苹果翅宝可梦"
"842","appletun","りんごじるポケモン",,"사과즙포켓몬","蘋果汁寶可夢","Pokémon Jus Pomme","Apfelnektar-Pokémon","Pokémon Manzanéctar","Pokémon Pomisucco","Apple Nectar Pokémon","りんごじるポケモン","苹果汁宝可梦"
"843","silicobra","すなへびポケモン",,"모래뱀포켓몬","沙蛇寶可夢","Pokémon Serpensable","Sandschlangen-Pokémon","Pokémon Serp. Arena","Pokémon Sabbiaserpe","Sand Snake Pokémon","すなへびポケモン","沙蛇宝可梦"
"844","sandaconda","すなへびポケモン",,"모래뱀포켓몬","沙蛇寶可夢","Pokémon Serpensable","Sandschlangen-Pokémon","Pokémon Serp. Arena","Pokémon Sabbiaserpe","Sand Snake Pokémon","すなへびポケモン","沙蛇宝可梦"
"845","cramorant","うのみポケモン",,"그대로삼키기포켓몬","一口吞寶可夢","Pokémon Avaltouron","Schling-Pokémon","Pokémon Tragón","Pokémon Inghiottone","Gulp Pokémon","うのみポケモン","一口吞宝可梦"
"846","arrokuda","とつげきポケモン",,"돌격포켓몬","突擊寶可夢","Pokémon Fonceur","Rempler-Pokémon","Pokémon Arremetida","Pokémon Carica","Rush Pokémon","とつげきポケモン","突击宝可梦"
"847","barraskewda","くしざしポケモン",,"꼬치포켓몬","穿刺寶可夢","Pokémon Transperceur","Spieß-Pokémon","Pokémon Ensarta","Pokémon Spiedo","Skewer Pokémon","くしざしポケモン","穿刺宝可梦"
"848","toxel","あかごポケモン",,"젖먹이포켓몬","嬰兒寶可夢","Pokémon Poupon","Baby-Pokémon","Pokémon Retoño","Pokémon Bebè","Baby Pokémon","あかごポケモン","婴儿宝可梦"
"849","toxtricity","パンクポケモン",,"펑크포켓몬","龐克寶可夢","Pokémon Punk","Punk-Pokémon","Pokémon Punki","Pokémon Punk","Punk Pokémon","パンクポケモン","庞克宝可梦"
"850","sizzlipede","はつねつポケモン",,"발열포켓몬","發熱寶可夢","Pokémon Calorifère","Exotherm-Pokémon","Pokémon Radiador","Pokémon Termogeno","Radiator Pokémon","はつねつポケモン","发热宝可梦"
"851","centiskorch","はつねつポケモン",,"발열포켓몬","發熱寶可夢","Pokémon Calorifère","Exotherm-Pokémon","Pokémon Radiador","Pokémon Termogeno","Radiator Pokémon","はつねつポケモン","发热宝可梦"
"852","clobbopus","だだっこポケモン",,"떼쟁이포켓몬","纏人寶可夢","Pokémon Caprice","Balg-Pokémon","Pokémon Malcriado","Pokémon Bizze","Tantrum Pokémon","だだっこポケモン","缠人宝可梦"
"853","grapploct","じゅうじゅつポケモン",,"유술포켓몬","柔術寶可夢","Pokémon Jujitsu","Jiu-Jitsu-Pokémon","Pokémon Jiu-Jitsu","Pokémon Jujitsu","Jujitsu Pokémon","じゅうじゅつポケモン","柔术宝可梦"
"854","sinistea","こうちゃポケモン",,"홍차포켓몬","紅茶寶可夢","Pokémon Thé Noir","Schwarztee-Pokémon","Pokémon Té","Pokémon Tè","Black Tea Pokémon","こうちゃポケモン","红茶宝可梦"
"855","polteageist","こうちゃポケモン",,"홍차포켓몬","紅茶寶可夢","Pokémon Thé Noir","Schwarztee-Pokémon","Pokémon Té","Pokémon Tè","Black Tea Pokémon","こうちゃポケモン","红茶宝可梦"
"856","hatenna","おだやかポケモン",,"차분포켓몬","寧靜寶可夢","Pokémon Calme","Geruhsam-Pokémon","Pokémon Calma","Pokémon Calma","Calm Pokémon","おだやかポケモン","宁静宝可梦"
"857","hattrem","せいしゅくポケモン",,"정숙포켓몬","肅靜寶可夢","Pokémon Serein","Ruhe-Pokémon","Pokémon Serenidad","Pokémon Quiete","Serene Pokémon","せいしゅくポケモン","肃静宝可梦"
"858","hatterene","せいじゃくポケモン",,"정적포켓몬","寂靜寶可夢","Pokémon Silencieux","Stille-Pokémon","Pokémon Silencio","Pokémon Silenzio","Silent Pokémon","せいじゃくポケモン","寂静宝可梦"
"859","impidimp","いじわるポケモン",,"꾀부리기포켓몬","捉弄寶可夢","Pokémon Malin","Hinterlist-Pokémon","Pokémon Astuto","Pokémon Scaltro","Wily Pokémon","いじわるポケモン","捉弄宝可梦"
"860","morgrem","しょうわるポケモン",,"성악포켓몬","壞心眼寶可夢","Pokémon Scélérat","Schelm-Pokémon","Pokémon Malicioso","Pokémon Furbizia","Devious Pokémon","しょうわるポケモン","坏心眼宝可梦"
"861","grimmsnarl","ビルドアップポケモン",,"벌크업포켓몬","健美寶可夢","Pokémon Gonflette","Muskelaufbau-Pokémon","Pokémon Voluminoso","Pokémon Granfisico","Bulk Up Pokémon","ビルドアップポケモン","健美宝可梦"
"862","obstagoon","ていしポケモン",,"정지포켓몬","停止寶可夢","Pokémon Barrage","Barrikaden-Pokémon","Pokémon Bloqueador","Pokémon Bloccaggio","Blocking Pokémon","ていしポケモン","停止宝可梦"
"863","perrserker","バイキングポケモン",,"바이킹포켓몬","維京寶可夢","Pokémon Viking","Wikinger-Pokémon","Pokémon Vikingo","Pokémon Vichingo","Viking Pokémon","バイキングポケモン","维京宝可梦"
"864","cursola","さんごポケモン",,"산호포켓몬","珊瑚寶可夢","Pokémon Corail","Korallen-Pokémon","Pokémon Coral","Pokémon Corallo","Coral Pokémon","さんごポケモン","珊瑚宝可梦"
"865","sirfetchd","かるがもポケモン",,"청둥오리포켓몬","黃嘴鴨寶可夢","Pokémon Canard Fou","Wildenten-Pokémon","Pokémon Pato Salvaje","Pokémon Selvanatra","Wild Duck Pokémon","かるがもポケモン","黄嘴鸭宝可梦"
"866","mr-rime","コメディアンポケモン",,"코미디언포켓몬","喜劇演員寶可夢","Pokémon Comédien","Komiker-Pokémon","Pokémon Cómico","Pokémon Comico","Comedian Pokémon","コメディアンポケモン","喜剧演员宝可梦"
"867","runerigus","おんねんポケモン",,"원념포켓몬","怨念寶可夢","Pokémon Rancune","Gram-Pokémon","Pokémon Resquemor","Pokémon Rancore","Grudge Pokémon","おんねんポケモン","怨念宝可梦"
"868","milcery","クリームポケモン",,"크림포켓몬","鮮奶油寶可夢","Pokémon Crème","Sahne-Pokémon","Pokémon Nata","Pokémon Pannafresca","Cream Pokémon","クリームポケモン","鲜奶油宝可梦"
"869","alcremie","クリームポケモン",,"크림포켓몬","鮮奶油寶可夢","Pokémon Crème","Sahne-Pokémon","Pokémon Nata","Pokémon Pannafresca","Cream Pokémon","クリームポケモン","鲜奶油宝可梦"
"870","falinks","じんけいポケモン",,"진형포켓몬","陣形寶可夢","Pokémon Escadron","Formations-Pokémon","Pokémon Formación","Pokémon Schieramento","Formation Pokémon","じんけいポケモン","阵形宝可梦"
"871","pincurchin","うにポケモン",,"성게포켓몬","海膽寶可夢","Pokémon Oursin","Seeigel-Pokémon","Pokémon Erizo de Mar","Pokémon Echino","Sea Urchin Pokémon","うにポケモン","海胆宝可梦"
"872","snom","いもむしポケモン",,"애벌레포켓몬","蟲寶寶寶可夢","Pokémon Ver","Wurm-Pokémon","Pokémon Gusano","Pokémon Baco","Worm Pokémon","いもむしポケモン","虫宝宝宝可梦"
"873","frosmoth","こおりがポケモン",,"얼음나방포켓몬","冰蛾寶可夢","Pokémon Mite Givre","Eismotten-Pokémon","Pokémon Polillahielo","Pokémon Gelofalena","Frost Moth Pokémon","こおりがポケモン","冰蛾宝可梦"
"874","stonjourner","きょせきポケモン",,"거석포켓몬","巨石寶可夢","Pokémon Mégalithe","Megalithen-Pokémon","Pokémon Megalito","Pokémon Megalito","Big Rock Pokémon","きょせきポケモン","巨石宝可梦"
"875","eiscue","ペンギンポケモン",,"펭귄포켓몬","企鵝寶可夢","Pokémon Pingouin","Pinguin-Pokémon","Pokémon Pingüino","Pokémon Pinguino","Penguin Pokémon","ペンギンポケモン","企鹅宝可梦"
"876","indeedee","かんじょうポケモン",,"감정포켓몬","感情寶可夢","Pokémon Émotion","Emotions-Pokémon","Pokémon Sensorio","Pokémon Emozione","Emotion Pokémon","かんじょうポケモン","感情宝可梦"
"877","morpeko","にめんポケモン",,"양면포켓몬","雙面寶可夢","Pokémon Volt Face","Alter Ego-Pokémon","Pokémon Dos Caras","Pokémon Doppiafaccia","Two-Sided Pokémon","にめんポケモン","双面宝可梦"
"878","cufant","どうぞうポケモン",,"동상포켓몬","像銅寶可夢","Pokémon Pachycuivre","Kupferfant-Pokémon","Pokémon Broncefante","Pokémon Bronzofante","Copperderm Pokémon","どうぞうポケモン","像铜宝可梦"
"879","copperajah","どうぞうポケモン",,"동상포켓몬","像銅寶可夢","Pokémon Pachycuivre","Kupferfant-Pokémon","Pokémon Broncefante","Pokémon Bronzofante","Copperderm Pokémon","どうぞうポケモン","像铜宝可梦"
"880","dracozolt","かせきポケモン",,"화석포켓몬","化石寶可夢","Pokémon Fossile","Fossil-Pokémon","Pokémon Fósil","Pokémon Fossile","Fossil Pokémon","かせきポケモン","化石宝可梦"
"881","arctozolt","かせきポケモン",,"화석포켓몬","化石寶可夢","Pokémon Fossile","Fossil-Pokémon","Pokémon Fósil","Pokémon Fossile","Fossil Pokémon","かせきポケモン","化石宝可梦"
"882","dracovish","かせきポケモン",,"화석포켓몬","化石寶可夢","Pokémon Fossile","Fossil-Pokémon","Pokémon Fósil","Pokémon Fossile","Fossil Pokémon","かせきポケモン","化石宝可梦"
"883","arctovish","かせきポケモン",,"화석포켓몬","化石寶可夢","Pokémon Fossile","Fossil-Pokémon","Pokémon Fósil","Pokémon Fossile","Fossil Pokémon","かせきポケモン","化石宝可梦"
"884","duraludon","ごうきんポケモン",,"합금포켓몬","合金寶可夢","Pokémon Alliage","Legierungs-Pokémon","Pokémon Aleación","Pokémon Metallolega","Alloy Pokémon","ごうきんポケモン","合金宝可梦"
"885","dreepy","うらめしポケモン",,"원망포켓몬","哀怨寶可夢","Pokémon Âme Errante","Missgunst-Pokémon","Pokémon Resentido","Pokémon Risentimento","Lingering Pokémon","うらめしポケモン","哀怨宝可梦"
"886","drakloak","せわやくポケモン",,"돌보미포켓몬","保姆寶可夢","Pokémon Baby-sitter","Betreuer-Pokémon","Pokémon Cuidador","Pokémon Sostegno","Caretaker Pokémon","せわやくポケモン","保姆宝可梦"
"887","dragapult","ステルスポケモン",,"스텔스포켓몬","隱形寶可夢","Pokémon Furtif","Tarnkünstler-Pokémon","Pokémon Furtivo","Pokémon Furtivo","Stealth Pokémon","ステルスポケモン","隐形宝可梦"
"888","zacian","つわものポケモン",,"강자포켓몬","強者寶可夢","Pokémon Valeureux","Krieger-Pokémon","Pokémon Guerrero","Pokémon Guerriero","Warrior Pokémon","つわものポケモン","强者宝可梦"
"889","zamazenta","つわものポケモン",,"강자포켓몬","強者寶可夢","Pokémon Valeureux","Krieger-Pokémon","Pokémon Guerrero","Pokémon Guerriero","Warrior Pokémon","つわものポケモン","强者宝可梦"
"890","eternatus","キョダイポケモン",,"거대포켓몬","超極巨寶可夢","Pokémon Giga","Giganten-Pokémon","Pokémon Gigantesco","Pokémon Gigante","Gigantic Pokémon","キョダイポケモン","超极巨宝可梦"
"891","kubfu","けんぽうポケモン",,"권법포켓몬","拳法寶可夢","Pokémon Kung-fu","Kung-Fu-Pokémon","Pokémon Kung-fu","Pokémon Kung Fu","Wushu Pokémon","けんぽうポケモン","拳法宝可梦"
"892","urshifu","けんぽうポケモン",,"권법포켓몬","拳法寶可夢","Pokémon Kung-fu","Kung-Fu-Pokémon","Pokémon Kung-fu","Pokémon Kung Fu","Wushu Pokémon","けんぽうポケモン","拳法宝可梦"
"893","zarude","わるざるポケモン",,"나쁜원숭이포켓몬","惡猿寶可夢","Pokémon Vilain Singe","Finsteraffen-Pokémon","Pokémon Simiestro","Pokémon Scimmialigna","Rogue Monkey Pokémon","わるざるポケモン","恶猿宝可梦"
"894","regieleki","エレクトロンポケモン",,"일렉트론포켓몬","電子寶可夢","Pokémon Électron","Elektronen-Pokémon","Pokémon Electrón","Pokémon Elettrone","Electron Pokémon","エレクトロンポケモン","电子宝可梦"
"895","regidrago","りゅうぎょくポケモン",,"용옥포켓몬","龍玉寶可夢","Pokémon Boule Dragon","Drachenkugel-Pokémon","Pokémon Dragosfera","Pokémon Dracosfera","Dragon Orb Pokémon","りゅうぎょくポケモン","龙玉宝可梦"
"896","glastrier","あばれうまポケモン",,"사나운말포켓몬","烈馬寶可夢","Pokémon Cheval Rétif","Wildblut-Pokémon","Pokémon Corcel Feroz","Pokémon Furiequino","Wild Horse Pokémon","あばれうまポケモン","烈马宝可梦"
"897","spectrier","しゅんばポケモン",,"빠른말포켓몬","駿馬寶可夢","Pokémon Cheval Vif","Flinkblut-Pokémon","Pokémon Corcel Veloz","Pokémon Sveltequino","Swift Horse Pokémon","しゅんばポケモン","骏马宝可梦"
"898","calyrex","キングポケモン",,"킹포켓몬","國王寶可夢","Pokémon Roi","Königs-Pokémon","Pokémon Rey","Pokémon Re","King Pokémon","キングポケモン","国王宝可梦"
"899","wyrdeer","おおツノポケモン",,"큰뿔포켓몬","大角寶可夢","Pokémon Maxi Corne","Vielender-Pokémon",,"Pokémon Grancorno","Big Horn Pokémon","おおツノポケモン","大角宝可梦"
"900","kleavor","まさかりポケモン",,"큰도끼포켓몬","斧鉞寶可夢","Pokémon Hache","Axt-Pokémon",,"Pokémon Scure","Axe Pokémon","まさかりポケモン","斧钺宝可梦"
"901","ursaluna","でいたんポケモン",,"이탄포켓몬","泥炭寶可夢","Pokémon Tourbe","Torf-Pokémon",,"Pokémon Torba","Peat Pokémon","でいたんポケモン","泥炭宝可梦"
"902","basculegion","おおうおポケモン",,"큰물고기포켓몬","大魚寶可夢","Pokémon Poissigrand","Großfisch-Pokémon",,"Pokémon Pescegrosso","Big Fish Pokémon","おおうおポケモン","大鱼宝可梦"
"903","sneasler","クライミングポケモン",,"클라이밍포켓몬","攀崖寶可夢","Pokémon Grimpeur","Kletterei-Pokémon",,"Pokémon Scalata","Free Climb Pokémon","クライミングポケモン","攀崖宝可梦"
"904","overqwil","けんざんポケモン",,"침붕포켓몬몬","劍山寶可夢","Pokémon Épineux","Tausenddorn-Pokémon",,"Pokémon Spinoso","Pin Cluster Pokémon","けんざんポケモン","剑山宝可梦"
"905","enamorus","あいぞうポケモン",,"애증포켓몬","愛憎寶可夢","Pokémon Hainamour","Hassliebe-Pokémon",,"Pokémon Amoreodio","Love-Hate Pokémon","あいぞうポケモン","爱憎宝可梦"
"906","sprigatito","くさねこポケモン",,"풀고양이포켓몬","草貓寶可夢","Chat Plante",,,,"Grass Cat Pokémon",,"草猫宝可梦"
"907","floragato","くさねこポケモン",,"풀고양이포켓몬","草貓寶可夢","Chat Plante",,,,"Grass Cat Pokémon",,"草猫宝可梦"
"908","meowscarada","マジシャンポケモン",,"매지션포켓몬","魔術師寶可夢","Magicien","Magier",,,"Magician Pokémon",,"魔术师宝可梦"
"909","fuecoco","ほのおワニポケモン",,"불꽃악어포켓몬","火鱷寶可夢","Croco Feu","Feuerkroko",,,"Fire Croc Pokémon",,"火鳄宝可梦"
"910","crocalor","ほのおワニポケモン",,"불꽃악어포켓몬","火鱷寶可夢","Croco Feu","Feuerkroko",,,"Fire Croc Pokémon",,"火鳄宝可梦"
"911","skeledirge","シンガーポケモン",,"싱어포켓몬","歌手寶可夢","Chanteur","Sänger",,,"Singer Pokémon",,"歌手宝可梦"
"912","quaxly","こがもポケモン",,"꼬마오리포켓몬","小鴨寶可夢","Caneton","Jungente",,,"Duckling Pokémon",,"小鸭宝可梦"
"913","quaxwell","レッスンポケモン",,"레슨포켓몬","習藝寶可夢","Leçon","Übung",,,"Practicing Pokémon",,"习艺宝可梦"
"914","quaquaval","ダンサーポケモン",,"댄서포켓몬","舞者寶可夢","Danseur","Tänzer",,,"Dancer Pokémon",,"舞者宝可梦"
"915","lechonk","ぶたポケモン",,"돼지포켓몬","豬寶可夢","Pourceau","Schwein",,,"Hog Pokémon",,"猪宝可梦"
"916","oinkologne","ぶたポケモン",,"돼지포켓몬","豬寶可夢","Pourceau","Schwein",,,"Hog Pokémon",,"猪宝可梦"
"917","tarountula","いとだまポケモン",,"실타래포켓몬","線球寶可夢","Boule de Fil","Fadenkugel",,,"String Ball Pokémon",,"线球宝可梦"
"918","spidops","トラップポケモン",,"트랩포켓몬","陷阱寶可夢","Piège","Falle",,,"Trap Pokémon",,"陷阱宝可梦"
"919","nymble","バッタポケモン",,"메뚜기포켓몬","蝗蟲寶可夢","Sauterelle","Heuschrecke",,,"Grasshopper Pokémon",,"蝗虫宝可梦"
"920","lokix","バッタポケモン",,"메뚜기포켓몬","蝗蟲寶可夢","Sauterelle","Heuschrecke",,,"Grasshopper Pokémon",,"蝗虫宝可梦"
"921","pawmi","ねずみポケモン",,"쥐포켓몬","鼠寶可夢","Souris","Maus",,,"Mouse Pokémon",,"鼠宝可梦"
"922","pawmo","ねずみポケモン",,"쥐포켓몬","鼠寶可夢","Souris","Maus",,,"Mouse Pokémon",,"鼠宝可梦"
"923","pawmot","てあてポケモン",,"손길포켓몬","押掌寶可夢","Pose Paume","Behandlung",,,"Hands-On Pokémon",,"押掌宝可梦"
"924","tandemaus","カップルポケモン",,"커플포켓몬","成對寶可夢","Couple","Paar",,,"Couple Pokémon",,"成对宝可梦"
"925","maushold","ファミリーポケモン",,"패밀리포켓몬","家族寶可夢","Famille","Familie",,,"Family Pokémon",,"家族宝可梦"
"926","fidough","こいぬポケモン",,"강아지포켓몬","小狗寶可夢","Chiot","Welpe",,,"Puppy Pokémon",,"小狗宝可梦"
"927","dachsbun","いぬポケモン",,"개포켓몬","狗寶可夢","Chien","Hund",,,"Dog Pokémon",,"狗宝可梦"
"928","smoliv","オリーブポケモン",,"올리브포켓몬","橄欖寶可夢","Olive","Olive",,,"Olive Pokémon",,"橄榄宝可梦"
"929","dolliv","オリーブポケモン",,"올리브포켓몬","橄欖寶可夢","Olive","Olive",,,"Olive Pokémon",,"橄榄宝可梦"
"930","arboliva","オリーブポケモン",,"올리브포켓몬","橄欖寶可夢","Olive","Olive",,,"Olive Pokémon",,"橄榄宝可梦"
"931","squawkabilly","インコポケモン",,"잉꼬포켓몬","鸚鵡寶可夢","Perroquet","Sittich",,,"Parrot Pokémon",,"鹦鹉宝可梦"
"932","nacli","がんえんポケモン",,"암염포켓몬","岩鹽寶可夢","Halite","Steinsalz",,,"Rock Salt Pokémon",,"岩盐宝可梦"
"933","naclstack","がんえんポケモン",,"암염포켓몬","岩鹽寶可夢","Halite","Steinsalz",,,"Rock Salt Pokémon",,"岩盐宝可梦"
"934","garganacl","がんえんポケモン",,"암염포켓몬","岩鹽寶可夢","Halite","Steinsalz",,,"Rock Salt Pokémon",,"岩盐宝可梦"
"935","charcadet","ひのこポケモン",,"불의아이포켓몬","小火星寶可夢","Enfant Feu","Feuerkind",,,"Fire Child Pokémon",,"小火星宝可梦"
"936","armarouge","ひのせんしポケモン",,"불의전사포켓몬","火戰士寶可夢","Feu Guerrier","Feuerrüstung",,,"Fire Warrior Pokémon",,"火战士宝可梦"
"937","ceruledge","ひのけんしポケモン",,"불의검사포켓몬","火劍士寶可夢","Feu Bretteur","Feuerklingen",,,"Fire Blades Pokémon",,"火剑士宝可梦"
"938","tadbulb","でんきおたまポケモン",,"전기올챙이포켓몬","電蝌蚪寶可夢","Électêtard","Stromquappe",,,"EleTadpole Pokémon",,"电蝌蚪宝可梦"
"939","bellibolt","でんきがえるポケモン",,"전기개구리포켓몬","電蛙寶可夢","Élecrapaud","Stromfrosch",,,"EleFrog Pokémon",,"电蛙宝可梦"
"940","wattrel","うみつばめポケモン",,"바다제비포켓몬","海燕寶可夢","Océanite","Sturmvogel",,,"Storm Petrel Pokémon",,"海燕宝可梦"
"941","kilowattrel","ぐんかんどりポケモン",,"군함조포켓몬","軍艦鳥寶可夢","Frégate","Fregattvogel",,,"Frigatebird Pokémon",,"军舰鸟宝可梦"
"942","maschiff","わかぞうポケモン",,"애송이포켓몬","小輩寶可夢","Jeunot","Halbstark",,,"Rascal Pokémon",,"小辈宝可梦"
"943","mabosstiff","おやぶんポケモン",,"두목포켓몬","大佬寶可夢","Parrain","Oberhaupt",,,"Boss Pokémon",,"大佬宝可梦"
"944","shroodle","どくねずみポケモン",,"독쥐포켓몬","毒鼠寶可夢","Souris Venin","Giftmaus",,,"Toxic Mouse Pokémon",,"毒鼠宝可梦"
"945","grafaiai","どくざるポケモン",,"독원숭이포켓몬","毒猴寶可夢","Singe Venin","Giftaffe",,,"Toxic Monkey Pokémon",,"毒猴宝可梦"
"946","bramblin","ころがりぐさポケモン",,"회전초포켓몬","滾草寶可夢","Virevoltant","Rollgras",,,"Tumbleweed Pokémon",,"滚草宝可梦"
"947","brambleghast","ころがりぐさポケモン",,"회전초포켓몬","滾草寶可夢","Virevoltant","Rollgras",,,"Tumbleweed Pokémon",,"滚草宝可梦"
"948","toedscool","きくらげポケモン",,"목이버섯포켓몬","木耳寶可夢","Champiméduse","Quallenpilz",,,"Woodear Pokémon",,"木耳宝可梦"
"949","toedscruel","きくらげポケモン",,"목이버섯포켓몬","木耳寶可夢","Champiméduse","Quallenpilz",,,"Woodear Pokémon",,"木耳宝可梦"
"950","klawf","まちぶせポケモン",,"매복포켓몬","埋伏寶可夢","Embuscade","Lauer",,,"Ambush Pokémon",,"埋伏宝可梦"
"951","capsakid","ハバネロポケモン",,"하바네로포켓몬","熱辣寶可夢","Habanero","Habanero",,,"Spicy Pepper Pokémon",,"热辣宝可梦"
"952","scovillain","ハバネロポケモン",,"하바네로포켓몬","熱辣寶可夢","Habanero","Habanero",,,"Spicy Pepper Pokémon",,"热辣宝可梦"
"953","rellor","ころがしポケモン",,"굴리기포켓몬","滾動寶可夢","Rouleur","Wälz",,,"Rolling Pokémon",,"滚动宝可梦"
"954","rabsca","ころがしポケモン",,"굴리기포켓몬","滾動寶可夢","Rouleur","Wälz",,,"Rolling Pokémon",,"滚动宝可梦"
"955","flittle","フリルポケモン",,"프릴포켓몬","褶邊寶可夢","Froufrou","Rüschen",,,"Frill Pokémon",,"褶边宝可梦"
"956","espathra","ダチョウポケモン",,"타조포켓몬","鴕鳥寶可夢","Autruche","Strauß",,,"Ostrich Pokémon",,"鸵鸟宝可梦"
"957","tinkatink","かなうちポケモン",,"대장장이포켓몬","錘鍊寶可夢","Forge","Schmied",,,"Metalsmith Pokémon",,"锤炼宝可梦"
"958","tinkatuff","ハンマーポケモン",,"해머포켓몬","錘子寶可夢","Marteau","Hammer",,,"Hammer Pokémon",,"锤子宝可梦"
"959","tinkaton","ハンマーポケモン",,"해머포켓몬","錘子寶可夢","Marteau","Hammer",,,"Hammer Pokémon",,"锤子宝可梦"
"960","wiglett","あなごポケモン",,"정원장어포켓몬","糯鰻寶可夢","Congre","Meeraal",,,"Garden Eel Pokémon",,"糯鳗宝可梦"
"961","wugtrio","あなごポケモン",,"정원장어포켓몬","糯鰻寶可夢","Congre","Meeraal",,,"Garden Eel Pokémon",,"糯鳗宝可梦"
"962","bombirdier","おとしものポケモン",,"낙하물포켓몬","掉東西寶可夢","Délesteur","Abwurf",,,"Item Drop Pokémon",,"掉东西宝可梦"
"963","finizen","イルカポケモン",,"돌고래포켓몬","海豚寶可夢","Dauphin","Delfin",,,"Dolphin Pokémon",,"海豚宝可梦"
"964","palafin","イルカポケモン",,"돌고래포켓몬","海豚寶可夢","Dauphin/Super Héros","Delfin",,,"Dolphin Pokémon",,"海豚宝可梦"
"965","varoom","たんきとうポケモン",,"단기통포켓몬","單汽缸寶可夢","Monocylindre","Einzylinder",,,"Single-Cyl Pokémon",,"单汽缸宝可梦"
"966","revavroom","たきとうポケモン",,"다기통포켓몬","多汽缸寶可夢","Polycylindre","Mehrzylinder",,,"Multi-Cyl Pokémon",,"多汽缸宝可梦"
"967","cyclizar","ライドポケモン",,"라이드포켓몬","坐騎寶可夢","Monture","Ritt",,,"Mount Pokémon",,"坐骑宝可梦"
"968","orthworm","ミミズポケモン",,"지렁이포켓몬","蚯蚓寶可夢","Ver de Terre","Regenwurm",,,"Earthworm Pokémon",,"蚯蚓宝可梦"
"969","glimmet","こうせきポケモン",,"광석포켓몬","礦石寶可夢","Minerai","Erz",,,"Ore Pokémon",,"矿石宝可梦"
"970","glimmora","こうせきポケモン",,"광석포켓몬","礦石寶可夢","Minerai","Erz",,,"Ore Pokémon",,"矿石宝可梦"
"971","greavard","おばけいぬポケモン",,"유령개포켓몬","鬼犬寶可夢","Fantôchien","Geisterhund",,,"Ghost Dog Pokémon",,"鬼犬宝可梦"
"972","houndstone","おばけいぬポケモン",,"유령개포켓몬","鬼犬寶可夢","Fantôchien","Geisterhund",,,"Ghost Dog Pokémon",,"鬼犬宝可梦"
"973","flamigo","シンクロポケモン",,"싱크로포켓몬","同步寶可夢","Synchro","Synchron",,,"Synchronize Pokémon",,"同步宝可梦"
"974","cetoddle","りくくじらポケモン",,"육지고래포켓몬","陸鯨寶可夢","Baleinapied","Landwal",,,"Terra Whale Pokémon",,"陆鲸宝可梦"
"975","cetitan","りくくじらポケモン",,"육지고래포켓몬","陸鯨寶可夢","Baleinapied","Landwal",,,"Terra Whale Pokémon",,"陆鲸宝可梦"
"976","veluza","きりはなしポケモン",,"분리포켓몬","卸除寶可夢","Décharné","Abtrennung",,,"Jettison Pokémon",,"卸除宝可梦"
"977","dondozo","おおなまずポケモン",,"큰메기포켓몬","大鯰寶可夢","Grand Silure","Großwels",,,"Big Catfish Pokémon",,"大鲶宝可梦"
"978","tatsugiri","ぎたいポケモン",,"의태포켓몬","擬態寶可夢","Mimétisme","Mimesen",,,"Mimicry Pokémon",,"拟态宝可梦"
"979","annihilape","ふんどざるポケモン",,"분노숭이포켓몬","憤怒猴寶可夢","Singe Furax","Zornaffe",,,"Rage Monkey Pokémon",,"愤怒猴宝可梦"
"980","clodsire","とげうおポケモン",,"가시물고기포켓몬","刺魚寶可夢","Poissépine","Dornfisch",,,"Spiny Fish Pokémon",,"刺鱼宝可梦"
"981","farigiraf","くびながポケモン",,"긴목포켓몬","長頸寶可夢","Long-Cou","Langhals",,,"Long Neck Pokémon",,"长颈宝可梦"
"982","dudunsparce","つちへびポケモン",,"땅뱀포켓몬","地蛇寶可夢","Serpent","Erdschlange",,,"Land Snake Pokémon",,"地蛇宝可梦"
"983","kingambit","だいとうポケモン",,"대도포켓몬","大刀寶可夢","Pourfendant","Langschwert",,,"Big Blade Pokémon",,"大刀宝可梦"
"984","great-tusk","パラドックスポケモン",,"패러독스포켓몬","悖謬寶可夢","Paradoxe","Paradox",,,"Paradox Pokémon",,"悖谬宝可梦"
"985","scream-tail","パラドックスポケモン",,"패러독스포켓몬","悖謬寶可夢","Paradoxe","Paradox",,,"Paradox Pokémon",,"悖谬宝可梦"
"986","brute-bonnet","パラドックスポケモン",,"패러독스포켓몬","悖謬寶可夢","Paradoxe","Paradox",,,"Paradox Pokémon",,"悖谬宝可梦"
"987","flutter-mane","パラドックスポケモン",,"패러독스포켓몬","悖謬寶可夢","Paradoxe","Paradox",,,"Paradox Pokémon",,"悖谬宝可梦"
"988","slither-wing","パラドックスポケモン",,"패러독스포켓몬","悖謬寶可夢","Paradoxe","Paradox",,,"Paradox Pokémon",,"悖谬宝可梦"
"989","sandy-shocks","パラドックスポケモン",,"패러독스포켓몬","悖謬寶可夢","Paradoxe","Paradox",,,"Paradox Pokémon",,"悖谬宝可梦"
"990","iron-treads","パラドックスポケモン",,"패러독스포켓몬","悖謬寶可夢","Paradoxe","Paradox",,,"Paradox Pokémon",,"悖谬宝可梦"
"991","iron-bundle","パラドックスポケモン",,"패러독스포켓몬","悖謬寶可夢","Paradoxe","Paradox",,,"Paradox Pokémon",,"悖谬宝可梦"
"992","iron-hands","パラドックスポケモン",,"패러독스포켓몬","悖謬寶可夢","Paradoxe","Paradox",,,"Paradox Pokémon",,"悖谬宝可梦"
"993","iron-jugulis","パラドックスポケモン",,"패러독스포켓몬","悖謬寶可夢","Paradoxe","Paradox",,,"Paradox Pokémon",,"悖谬宝可梦"
"994","iron-moth","パラドックスポケモン",,"패러독스포켓몬","悖謬寶可夢","Paradoxe","Paradox",,,"Paradox Pokémon",,"悖谬宝可梦"
"995","iron-thorns","パラドックスポケモン",,"패러독스포켓몬","悖謬寶可夢","Paradoxe","Paradox",,,"Paradox Pokémon",,"悖谬宝可梦"
"996","frigibax","こおりビレポケモン",,"얼음지느러미포켓몬","冰鰭寶可夢","Glaçaileron","Eisfinne",,,"Ice Fin Pokémon",,"冰鳍宝可梦"
"997","arctibax","こおりビレポケモン",,"얼음지느러미포켓몬","冰鰭寶可夢","Glaçaileron","Eisfinne",,,"Ice Fin Pokémon",,"冰鳍宝可梦"
"998","baxcalibur","ひょうりゅうポケモン",,"빙룡포켓몬","冰龍寶可夢","Dragon Glace","Eisdrache",,,"Ice Dragon Pokémon",,"冰龙宝可梦"
"999","gimmighoul","たからばこポケモン",,"보물상자포켓몬","寶箱寶可夢","Coffrotrésor/Chassotrésor","Schatztruhe",,,"Coin Chest Pokémon",,"宝箱宝可梦"
"1000","gholdengo","たからものポケモン",,"보물생명체포켓몬","寶者寶可夢","Trésor Animé","Schatzwesen",,,"Coin Entity Pokémon",,"宝者宝可梦"
"1001","wo-chien","さいやくポケモン",,"재액포켓몬","災厄寶可夢","Fléau","Unheil",,,"Ruinous Pokémon",,"灾厄宝可梦"
"1002","chien-pao","さいやくポケモン",,"재액포켓몬","災厄寶可夢","Fléau","Unheil",,,"Ruinous Pokémon",,"灾厄宝可梦"
"1003","ting-lu","さいやくポケモン",,"재액포켓몬","災厄寶可夢","Fléau","Unheil",,,"Ruinous Pokémon",,"灾厄宝可梦"
"1004","chi-yu","さいやくポケモン",,"재액포켓몬","災厄寶可夢","Fléau","Unheil",,,"Ruinous Pokémon",,"灾厄宝可梦"
"1005","roaring-moon","パラドックスポケモン",,"패러독스포켓몬","悖謬寶可夢","Paradoxe","Paradox",,,"Paradox Pokémon",,"悖谬宝可梦"
"1006","iron-valiant","パラドックスポケモン",,"패러독스포켓몬","悖謬寶可夢","Paradoxe","Paradox",,,"Paradox Pokémon",,"悖谬宝可梦"
"1007","koraidon","パラドックスポケモン",,"패러독스포켓몬","悖謬寶可夢","Paradoxe","Paradox",,,"Paradox Pokémon",,"悖谬宝可梦"
"1008","miraidon","パラドックスポケモン",,"패러독스포켓몬","悖謬寶可夢","Paradoxe","Paradox",,,"Paradox Pokémon",,"悖谬宝可梦"
"1009","walking-wake","パラドックスポケモン",,"패러독스포켓몬","悖謬寶可夢","Paradoxe","Paradox",,,"Paradox Pokémon",,"悖谬宝可梦"
"1010","iron-leaves","パラドックスポケモン",,"패러독스포켓몬","悖謬寶可夢","Paradoxe","Paradox",,,"Paradox Pokémon",,"悖谬宝可梦"
"1011","dipplin",,,"사과사탕포켓몬",,"Sirop Pomme",,,,"Candy Apple Pokémon",,
"1012","poltchageist",,,"말차포켓몬",,"Matcha",,,,"Matcha Pokémon",,
"1013","sinistcha",,,"말차포켓몬",,"Matcha",,,,"Matcha Pokémon",,
"1014","okidogi",,,"수하포켓몬",,"Serviteur",,,,"Retainer Pokémon",,
"1015","munkidori",,,"수하포켓몬",,"Serviteur",,,,"Retainer Pokémon",,
"1016","fezandipiti",,,"수하포켓몬",,"Serviteur",,,,"Retainer Pokémon",,
"1017","ogerpon",,,"가면포켓몬",,"Masque",,,,"Mask Pokémon",,
"1018","archaludon","ごうきんポケモン",,"합금포켓몬",,"Alliage",,,,"Alloy Pokémon","ごうきんポケモン",
"1019","hydrapple","りんごオロチポケモン",,"사과이무기포켓몬",,"Hydre Pomme",,,,"Apple Hydra Pokémon","りんごオロチポケモン",
"1020","gouging-fire","パラドックスポケモン",,"패러독스포켓몬",,"Paradoxe",,,,"Paradox Pokémon","パラドックスポケモン",
"1021","raging-bolt","パラドックスポケモン",,"패러독스포켓몬",,"Paradoxe",,,,"Paradox Pokémon","パラドックスポケモン",
"1022","iron-boulder","パラドックスポケモン",,"패러독스포켓몬",,"Paradoxe",,,,"Paradox Pokémon","パラドックスポケモン",
"1023","iron-crown","パラドックスポケモン",,"패러독스포켓몬",,"Paradoxe",,,,"Paradox Pokémon","パラドックスポケモン",
"1024","terapagos","テラスタルポケモン",,"테라스탈포켓몬",,"Téracristal",,,,"Tera Pokémon","テラスタルポケモン",
"1025","pecharunt","しはいポケモン",,"지배포켓몬",,"Emprise",,,,"Subjugation Pokémon","しはいポケモン",
