"pokemon_species_id","identifier","ja_hrkt","ja_roma","ko","zh_hant","fr","de","es","it","en","ja","zh_hans"
"1","bulbasaur","フシギダネ","Fushigidane","이상해씨","妙蛙種子","Bulbizarre","Bisasam","Bulbasaur","Bulbasaur","Bulbasaur","フシギダネ","妙蛙种子"
"2","ivysaur","フシギソウ","Fushigisou","이상해풀","妙蛙草","Herbizarre","Bisaknosp","Ivysaur","Ivysaur","Ivysaur","フシギソウ","妙蛙草"
"3","venusaur","フシギバナ","Fushigibana","이상해꽃","妙蛙花","Florizarre","Bisaflor","Venusaur","Venusaur","Venusaur","フシギバナ","妙蛙花"
"4","charmander","ヒトカゲ","Hitokage","파이리","小火龍","Salamèche","Glumanda","Charmander","Charmander","Charmander","ヒトカゲ","小火龙"
"5","charmeleon","リザード","Lizardo","리자드","火恐龍","Reptincel","Glutexo","Charmeleon","Charmeleon","Charmeleon","リザード","火恐龙"
"6","charizard","リザードン","Lizardon","리자몽","噴火龍","Dracaufeu","Glurak","Charizard","Charizard","Charizard","リザードン","喷火龙"
"7","squirtle","ゼニガメ","Zenigame","꼬부기","傑尼龜","Carapuce","Schiggy","Squirtle","Squirtle","Squirtle","ゼニガメ","杰尼龟"
"8","wartortle","カメール","Kameil","어니부기","卡咪龜","Carabaffe","Schillok","Wartortle","Wartortle","Wartortle","カメール","卡咪龟"
"9","blastoise","カメックス","Kamex","거북왕","水箭龜","Tortank","Turtok","Blastoise","Blastoise","Blastoise","カメックス","水箭龟"
"10","caterpie","キャタピー","Caterpie","캐터피","綠毛蟲","Chenipan","Raupy","Caterpie","Caterpie","Caterpie","キャタピー","绿毛虫"
"11","metapod","トランセル","Trancell","단데기","鐵甲蛹","Chrysacier","Safcon","Metapod","Metapod","Metapod","トランセル","铁甲蛹"
"12","butterfree","バタフリー","Butterfree","버터플","巴大蝶","Papilusion","Smettbo","Butterfree","Butterfree","Butterfree","バタフリー","巴大蝶"
"13","weedle","ビードル","Beedle","뿔충이","獨角蟲","Aspicot","Hornliu","Weedle","Weedle","Weedle","ビードル","独角虫"
"14","kakuna","コクーン","Cocoon","딱충이","鐵殼蛹","Coconfort","Kokuna","Kakuna","Kakuna","Kakuna","コクーン","铁壳蛹"
"15","beedrill","スピアー","Spear","독침붕","大針蜂","Dardargnan","Bibor","Beedrill","Beedrill","Beedrill","スピアー","大针蜂"
"16","pidgey","ポッポ","Poppo","구구","波波","Roucool","Taubsi","Pidgey","Pidgey","Pidgey","ポッポ","波波"
"17","pidgeotto","ピジョン","Pigeon","피죤","比比鳥","Roucoups","Tauboga","Pidgeotto","Pidgeotto","Pidgeotto","ピジョン","比比鸟"
"18","pidgeot","ピジョット","Pigeot","피죤투","大比鳥","Roucarnage","Tauboss","Pidgeot","Pidgeot","Pidgeot","ピジョット","大比鸟"
"19","rattata","コラッタ","Koratta","꼬렛","小拉達","Rattata","Rattfratz","Rattata","Rattata","Rattata","コラッタ","小拉达"
"20","raticate","ラッタ","Ratta","레트라","拉達","Rattatac","Rattikarl","Raticate","Raticate","Raticate","ラッタ","拉达"
"21","spearow","オニスズメ","Onisuzume","깨비참","烈雀","Piafabec","Habitak","Spearow","Spearow","Spearow","オニスズメ","烈雀"
"22","fearow","オニドリル","Onidrill","깨비드릴조","大嘴雀","Rapasdepic","Ibitak","Fearow","Fearow","Fearow","オニドリル","大嘴雀"
"23","ekans","アーボ","Arbo","아보","阿柏蛇","Abo","Rettan","Ekans","Ekans","Ekans","アーボ","阿柏蛇"
"24","arbok","アーボック","Arbok","아보크","阿柏怪","Arbok","Arbok","Arbok","Arbok","Arbok","アーボック","阿柏怪"
"25","pikachu","ピカチュウ","Pikachu","피카츄","皮卡丘","Pikachu","Pikachu","Pikachu","Pikachu","Pikachu","ピカチュウ","皮卡丘"
"26","raichu","ライチュウ","Raichu","라이츄","雷丘","Raichu","Raichu","Raichu","Raichu","Raichu","ライチュウ","雷丘"
"27","sandshrew","サンド","Sand","모래두지","穿山鼠","Sabelette","Sandan","Sandshrew","Sandshrew","Sandshrew","サンド","穿山鼠"
"28","sandslash","サンドパン","Sandpan","고지","穿山王","Sablaireau","Sandamer","Sandslash","Sandslash","Sandslash","サンドパン","穿山王"
"29","nidoran-f","ニドラン♀","Nidoran♀","니드런♀","尼多蘭","Nidoran♀","Nidoran♀","Nidoran♀","Nidoran♀","Nidoran♀","ニドラン♀","尼多兰"
"30","nidorina","ニドリーナ","Nidorina","니드리나","尼多娜","Nidorina","Nidorina","Nidorina","Nidorina","Nidorina","ニドリーナ","尼多娜"
"31","nidoqueen","ニドクイン","Nidoqueen","니드퀸","尼多后","Nidoqueen","Nidoqueen","Nidoqueen","Nidoqueen","Nidoqueen","ニドクイン","尼多后"
"32","nidoran-m","ニドラン♂","Nidoran♂","니드런♂","尼多朗","Nidoran♂","Nidoran♂","Nidoran♂","Nidoran♂","Nidoran♂","ニドラン♂","尼多朗"
"33","nidorino","ニドリーノ","Nidorino","니드리노","尼多力諾","Nidorino","Nidorino","Nidorino","Nidorino","Nidorino","ニドリーノ","尼多力诺"
"34","nidoking","ニドキング","Nidoking","니드킹","尼多王","Nidoking","Nidoking","Nidoking","Nidoking","Nidoking","ニドキング","尼多王"
"35","clefairy","ピッピ","Pippi","삐삐","皮皮","Mélofée","Piepi","Clefairy","Clefairy","Clefairy","ピッピ","皮皮"
"36","clefable","ピクシー","Pixy","픽시","皮可西","Mélodelfe","Pixi","Clefable","Clefable","Clefable","ピクシー","皮可西"
"37","vulpix","ロコン","Rokon","식스테일","六尾","Goupix","Vulpix","Vulpix","Vulpix","Vulpix","ロコン","六尾"
"38","ninetales","キュウコン","Kyukon","나인테일","九尾","Feunard","Vulnona","Ninetales","Ninetales","Ninetales","キュウコン","九尾"
"39","jigglypuff","プリン","Purin","푸린","胖丁","Rondoudou","Pummeluff","Jigglypuff","Jigglypuff","Jigglypuff","プリン","胖丁"
"40","wigglytuff","プクリン","Pukurin","푸크린","胖可丁","Grodoudou","Knuddeluff","Wigglytuff","Wigglytuff","Wigglytuff","プクリン","胖可丁"
"41","zubat","ズバット","Zubat","주뱃","超音蝠","Nosferapti","Zubat","Zubat","Zubat","Zubat","ズバット","超音蝠"
"42","golbat","ゴルバット","Golbat","골뱃","大嘴蝠","Nosferalto","Golbat","Golbat","Golbat","Golbat","ゴルバット","大嘴蝠"
"43","oddish","ナゾノクサ","Nazonokusa","뚜벅쵸","走路草","Mystherbe","Myrapla","Oddish","Oddish","Oddish","ナゾノクサ","走路草"
"44","gloom","クサイハナ","Kusaihana","냄새꼬","臭臭花","Ortide","Duflor","Gloom","Gloom","Gloom","クサイハナ","臭臭花"
"45","vileplume","ラフレシア","Ruffresia","라플레시아","霸王花","Rafflesia","Giflor","Vileplume","Vileplume","Vileplume","ラフレシア","霸王花"
"46","paras","パラス","Paras","파라스","派拉斯","Paras","Paras","Paras","Paras","Paras","パラス","派拉斯"
"47","parasect","パラセクト","Parasect","파라섹트","派拉斯特","Parasect","Parasek","Parasect","Parasect","Parasect","パラセクト","派拉斯特"
"48","venonat","コンパン","Kongpang","콘팡","毛球","Mimitoss","Bluzuk","Venonat","Venonat","Venonat","コンパン","毛球"
"49","venomoth","モルフォン","Morphon","도나리","摩魯蛾","Aéromite","Omot","Venomoth","Venomoth","Venomoth","モルフォン","摩鲁蛾"
"50","diglett","ディグダ","Digda","디그다","地鼠","Taupiqueur","Digda","Diglett","Diglett","Diglett","ディグダ","地鼠"
"51","dugtrio","ダグトリオ","Dugtrio","닥트리오","三地鼠","Triopikeur","Digdri","Dugtrio","Dugtrio","Dugtrio","ダグトリオ","三地鼠"
"52","meowth","ニャース","Nyarth","나옹","喵喵","Miaouss","Mauzi","Meowth","Meowth","Meowth","ニャース","喵喵"
"53","persian","ペルシアン","Persian","페르시온","貓老大","Persian","Snobilikat","Persian","Persian","Persian","ペルシアン","猫老大"
"54","psyduck","コダック","Koduck","고라파덕","可達鴨","Psykokwak","Enton","Psyduck","Psyduck","Psyduck","コダック","可达鸭"
"55","golduck","ゴルダック","Golduck","골덕","哥達鴨","Akwakwak","Entoron","Golduck","Golduck","Golduck","ゴルダック","哥达鸭"
"56","mankey","マンキー","Mankey","망키","猴怪","Férosinge","Menki","Mankey","Mankey","Mankey","マンキー","猴怪"
"57","primeape","オコリザル","Okorizaru","성원숭","火爆猴","Colossinge","Rasaff","Primeape","Primeape","Primeape","オコリザル","火暴猴"
"58","growlithe","ガーディ","Gardie","가디","卡蒂狗","Caninos","Fukano","Growlithe","Growlithe","Growlithe","ガーディ","卡蒂狗"
"59","arcanine","ウインディ","Windie","윈디","風速狗","Arcanin","Arkani","Arcanine","Arcanine","Arcanine","ウインディ","风速狗"
"60","poliwag","ニョロモ","Nyoromo","발챙이","蚊香蝌蚪","Ptitard","Quapsel","Poliwag","Poliwag","Poliwag","ニョロモ","蚊香蝌蚪"
"61","poliwhirl","ニョロゾ","Nyorozo","슈륙챙이","蚊香君","Têtarte","Quaputzi","Poliwhirl","Poliwhirl","Poliwhirl","ニョロゾ","蚊香君"
"62","poliwrath","ニョロボン","Nyorobon","강챙이","蚊香泳士","Tartard","Quappo","Poliwrath","Poliwrath","Poliwrath","ニョロボン","蚊香泳士"
"63","abra","ケーシィ","Casey","캐이시","凱西","Abra","Abra","Abra","Abra","Abra","ケーシィ","凯西"
"64","kadabra","ユンゲラー","Yungerer","윤겔라","勇基拉","Kadabra","Kadabra","Kadabra","Kadabra","Kadabra","ユンゲラー","勇基拉"
"65","alakazam","フーディン","Foodin","후딘","胡地","Alakazam","Simsala","Alakazam","Alakazam","Alakazam","フーディン","胡地"
"66","machop","ワンリキー","Wanriky","알통몬","腕力","Machoc","Machollo","Machop","Machop","Machop","ワンリキー","腕力"
"67","machoke","ゴーリキー","Goriky","근육몬","豪力","Machopeur","Maschock","Machoke","Machoke","Machoke","ゴーリキー","豪力"
"68","machamp","カイリキー","Kairiky","괴력몬","怪力","Mackogneur","Machomei","Machamp","Machamp","Machamp","カイリキー","怪力"
"69","bellsprout","マダツボミ","Madatsubomi","모다피","喇叭芽","Chétiflor","Knofensa","Bellsprout","Bellsprout","Bellsprout","マダツボミ","喇叭芽"
"70","weepinbell","ウツドン","Utsudon","우츠동","口呆花","Boustiflor","Ultrigaria","Weepinbell","Weepinbell","Weepinbell","ウツドン","口呆花"
"71","victreebel","ウツボット","Utsubot","우츠보트","大食花","Empiflor","Sarzenia","Victreebel","Victreebel","Victreebel","ウツボット","大食花"
"72","tentacool","メノクラゲ","Menokurage","왕눈해","瑪瑙水母","Tentacool","Tentacha","Tentacool","Tentacool","Tentacool","メノクラゲ","玛瑙水母"
"73","tentacruel","ドククラゲ","Dokukurage","독파리","毒刺水母","Tentacruel","Tentoxa","Tentacruel","Tentacruel","Tentacruel","ドククラゲ","毒刺水母"
"74","geodude","イシツブテ","Isitsubute","꼬마돌","小拳石","Racaillou","Kleinstein","Geodude","Geodude","Geodude","イシツブテ","小拳石"
"75","graveler","ゴローン","Golone","데구리","隆隆石","Gravalanch","Georok","Graveler","Graveler","Graveler","ゴローン","隆隆石"
"76","golem","ゴローニャ","Golonya","딱구리","隆隆岩","Grolem","Geowaz","Golem","Golem","Golem","ゴローニャ","隆隆岩"
"77","ponyta","ポニータ","Ponyta","포니타","小火馬","Ponyta","Ponita","Ponyta","Ponyta","Ponyta","ポニータ","小火马"
"78","rapidash","ギャロップ","Gallop","날쌩마","烈焰馬","Galopa","Gallopa","Rapidash","Rapidash","Rapidash","ギャロップ","烈焰马"
"79","slowpoke","ヤドン","Yadon","야돈","呆呆獸","Ramoloss","Flegmon","Slowpoke","Slowpoke","Slowpoke","ヤドン","呆呆兽"
"80","slowbro","ヤドラン","Yadoran","야도란","呆殼獸","Flagadoss","Lahmus","Slowbro","Slowbro","Slowbro","ヤドラン","呆壳兽"
"81","magnemite","コイル","Coil","코일","小磁怪","Magnéti","Magnetilo","Magnemite","Magnemite","Magnemite","コイル","小磁怪"
"82","magneton","レアコイル","Rarecoil","레어코일","三合一磁怪","Magnéton","Magneton","Magneton","Magneton","Magneton","レアコイル","三合一磁怪"
"83","farfetchd","カモネギ","Kamonegi","파오리","大蔥鴨","Canarticho","Porenta","Farfetch’d","Farfetch’d","Farfetch’d","カモネギ","大葱鸭"
"84","doduo","ドードー","Dodo","두두","嘟嘟","Doduo","Dodu","Doduo","Doduo","Doduo","ドードー","嘟嘟"
"85","dodrio","ドードリオ","Dodorio","두트리오","嘟嘟利","Dodrio","Dodri","Dodrio","Dodrio","Dodrio","ドードリオ","嘟嘟利"
"86","seel","パウワウ","Pawou","쥬쥬","小海獅","Otaria","Jurob","Seel","Seel","Seel","パウワウ","小海狮"
"87","dewgong","ジュゴン","Jugon","쥬레곤","白海獅","Lamantine","Jugong","Dewgong","Dewgong","Dewgong","ジュゴン","白海狮"
"88","grimer","ベトベター","Betbeter","질퍽이","臭泥","Tadmorv","Sleima","Grimer","Grimer","Grimer","ベトベター","臭泥"
"89","muk","ベトベトン","Betbeton","질뻐기","臭臭泥","Grotadmorv","Sleimok","Muk","Muk","Muk","ベトベトン","臭臭泥"
"90","shellder","シェルダー","Shellder","셀러","大舌貝","Kokiyas","Muschas","Shellder","Shellder","Shellder","シェルダー","大舌贝"
"91","cloyster","パルシェン","Parshen","파르셀","刺甲貝","Crustabri","Austos","Cloyster","Cloyster","Cloyster","パルシェン","刺甲贝"
"92","gastly","ゴース","Ghos","고오스","鬼斯","Fantominus","Nebulak","Gastly","Gastly","Gastly","ゴース","鬼斯"
"93","haunter","ゴースト","Ghost","고우스트","鬼斯通","Spectrum","Alpollo","Haunter","Haunter","Haunter","ゴースト","鬼斯通"
"94","gengar","ゲンガー","Gangar","팬텀","耿鬼","Ectoplasma","Gengar","Gengar","Gengar","Gengar","ゲンガー","耿鬼"
"95","onix","イワーク","Iwark","롱스톤","大岩蛇","Onix","Onix","Onix","Onix","Onix","イワーク","大岩蛇"
"96","drowzee","スリープ","Sleep","슬리프","催眠貘","Soporifik","Traumato","Drowzee","Drowzee","Drowzee","スリープ","催眠貘"
"97","hypno","スリーパー","Sleeper","슬리퍼","引夢貘人","Hypnomade","Hypno","Hypno","Hypno","Hypno","スリーパー","引梦貘人"
"98","krabby","クラブ","Crab","크랩","大鉗蟹","Krabby","Krabby","Krabby","Krabby","Krabby","クラブ","大钳蟹"
"99","kingler","キングラー","Kingler","킹크랩","巨鉗蟹","Krabboss","Kingler","Kingler","Kingler","Kingler","キングラー","巨钳蟹"
"100","voltorb","ビリリダマ","Biriridama","찌리리공","霹靂電球","Voltorbe","Voltobal","Voltorb","Voltorb","Voltorb","ビリリダマ","霹雳电球"
"101","electrode","マルマイン","Marumine","붐볼","頑皮雷彈","Électrode","Lektrobal","Electrode","Electrode","Electrode","マルマイン","顽皮雷弹"
"102","exeggcute","タマタマ","Tamatama","아라리","蛋蛋","Noeunoeuf","Owei","Exeggcute","Exeggcute","Exeggcute","タマタマ","蛋蛋"
"103","exeggutor","ナッシー","Nassy","나시","椰蛋樹","Noadkoko","Kokowei","Exeggutor","Exeggutor","Exeggutor","ナッシー","椰蛋树"
"104","cubone","カラカラ","Karakara","탕구리","卡拉卡拉","Osselait","Tragosso","Cubone","Cubone","Cubone","カラカラ","卡拉卡拉"
"105","marowak","ガラガラ","Garagara","텅구리","嘎啦嘎啦","Ossatueur","Knogga","Marowak","Marowak","Marowak","ガラガラ","嘎啦嘎啦"
"106","hitmonlee","サワムラー","Sawamular","시라소몬","飛腿郎","Kicklee","Kicklee","Hitmonlee","Hitmonlee","Hitmonlee","サワムラー","飞腿郎"
"107","hitmonchan","エビワラー","Ebiwalar","홍수몬","快拳郎","Tygnon","Nockchan","Hitmonchan","Hitmonchan","Hitmonchan","エビワラー","快拳郎"
"108","lickitung","ベロリンガ","Beroringa","내루미","大舌頭","Excelangue","Schlurp","Lickitung","Lickitung","Lickitung","ベロリンガ","大舌头"
"109","koffing","ドガース","Dogars","또가스","瓦斯彈","Smogo","Smogon","Koffing","Koffing","Koffing","ドガース","瓦斯弹"
"110","weezing","マタドガス","Matadogas","또도가스","雙彈瓦斯","Smogogo","Smogmog","Weezing","Weezing","Weezing","マタドガス","双弹瓦斯"
"111","rhyhorn","サイホーン","Sihorn","뿔카노","獨角犀牛","Rhinocorne","Rihorn","Rhyhorn","Rhyhorn","Rhyhorn","サイホーン","独角犀牛"
"112","rhydon","サイドン","Sidon","코뿌리","鑽角犀獸","Rhinoféros","Rizeros","Rhydon","Rhydon","Rhydon","サイドン","钻角犀兽"
"113","chansey","ラッキー","Lucky","럭키","吉利蛋","Leveinard","Chaneira","Chansey","Chansey","Chansey","ラッキー","吉利蛋"
"114","tangela","モンジャラ","Monjara","덩쿠리","蔓藤怪","Saquedeneu","Tangela","Tangela","Tangela","Tangela","モンジャラ","蔓藤怪"
"115","kangaskhan","ガルーラ","Garura","캥카","袋獸","Kangourex","Kangama","Kangaskhan","Kangaskhan","Kangaskhan","ガルーラ","袋兽"
"116","horsea","タッツー","Tattu","쏘드라","墨海馬","Hypotrempe","Seeper","Horsea","Horsea","Horsea","タッツー","墨海马"
"117","seadra","シードラ","Seadra","시드라","海刺龍","Hypocéan","Seemon","Seadra","Seadra","Seadra","シードラ","海刺龙"
"118","goldeen","トサキント","Tosakinto","콘치","角金魚","Poissirène","Goldini","Goldeen","Goldeen","Goldeen","トサキント","角金鱼"
"119","seaking","アズマオウ","Azumao","왕콘치","金魚王","Poissoroy","Golking","Seaking","Seaking","Seaking","アズマオウ","金鱼王"
"120","staryu","ヒトデマン","Hitodeman","별가사리","海星星","Stari","Sterndu","Staryu","Staryu","Staryu","ヒトデマン","海星星"
"121","starmie","スターミー","Starmie","아쿠스타","寶石海星","Staross","Starmie","Starmie","Starmie","Starmie","スターミー","宝石海星"
"122","mr-mime","バリヤード","Barrierd","마임맨","魔牆人偶","M. Mime","Pantimos","Mr. Mime","Mr. Mime","Mr. Mime","バリヤード","魔墙人偶"
"123","scyther","ストライク","Strike","스라크","飛天螳螂","Insécateur","Sichlor","Scyther","Scyther","Scyther","ストライク","飞天螳螂"
"124","jynx","ルージュラ","Rougela","루주라","迷唇姐","Lippoutou","Rossana","Jynx","Jynx","Jynx","ルージュラ","迷唇姐"
"125","electabuzz","エレブー","Eleboo","에레브","電擊獸","Élektek","Elektek","Electabuzz","Electabuzz","Electabuzz","エレブー","电击兽"
"126","magmar","ブーバー","Boober","마그마","鴨嘴火獸","Magmar","Magmar","Magmar","Magmar","Magmar","ブーバー","鸭嘴火兽"
"127","pinsir","カイロス","Kailios","쁘사이저","凱羅斯","Scarabrute","Pinsir","Pinsir","Pinsir","Pinsir","カイロス","凯罗斯"
"128","tauros","ケンタロス","Kentauros","켄타로스","肯泰羅","Tauros","Tauros","Tauros","Tauros","Tauros","ケンタロス","肯泰罗"
"129","magikarp","コイキング","Koiking","잉어킹","鯉魚王","Magicarpe","Karpador","Magikarp","Magikarp","Magikarp","コイキング","鲤鱼王"
"130","gyarados","ギャラドス","Gyarados","갸라도스","暴鯉龍","Léviator","Garados","Gyarados","Gyarados","Gyarados","ギャラドス","暴鲤龙"
"131","lapras","ラプラス","Laplace","라프라스","拉普拉斯","Lokhlass","Lapras","Lapras","Lapras","Lapras","ラプラス","拉普拉斯"
"132","ditto","メタモン","Metamon","메타몽","百變怪","Métamorph","Ditto","Ditto","Ditto","Ditto","メタモン","百变怪"
"133","eevee","イーブイ","Eievui","이브이","伊布","Évoli","Evoli","Eevee","Eevee","Eevee","イーブイ","伊布"
"134","vaporeon","シャワーズ","Showers","샤미드","水伊布","Aquali","Aquana","Vaporeon","Vaporeon","Vaporeon","シャワーズ","水伊布"
"135","jolteon","サンダース","Thunders","쥬피썬더","雷伊布","Voltali","Blitza","Jolteon","Jolteon","Jolteon","サンダース","雷伊布"
"136","flareon","ブースター","Booster","부스터","火伊布","Pyroli","Flamara","Flareon","Flareon","Flareon","ブースター","火伊布"
"137","porygon","ポリゴン","Porygon","폴리곤","多邊獸","Porygon","Porygon","Porygon","Porygon","Porygon","ポリゴン","多边兽"
"138","omanyte","オムナイト","Omnite","암나이트","菊石獸","Amonita","Amonitas","Omanyte","Omanyte","Omanyte","オムナイト","菊石兽"
"139","omastar","オムスター","Omstar","암스타","多刺菊石獸","Amonistar","Amoroso","Omastar","Omastar","Omastar","オムスター","多刺菊石兽"
"140","kabuto","カブト","Kabuto","투구","化石盔","Kabuto","Kabuto","Kabuto","Kabuto","Kabuto","カブト","化石盔"
"141","kabutops","カブトプス","Kabutops","투구푸스","鐮刀盔","Kabutops","Kabutops","Kabutops","Kabutops","Kabutops","カブトプス","镰刀盔"
"142","aerodactyl","プテラ","Ptera","프테라","化石翼龍","Ptéra","Aerodactyl","Aerodactyl","Aerodactyl","Aerodactyl","プテラ","化石翼龙"
"143","snorlax","カビゴン","Kabigon","잠만보","卡比獸","Ronflex","Relaxo","Snorlax","Snorlax","Snorlax","カビゴン","卡比兽"
"144","articuno","フリーザー","Freezer","프리져","急凍鳥","Artikodin","Arktos","Articuno","Articuno","Articuno","フリーザー","急冻鸟"
"145","zapdos","サンダー","Thunder","썬더","閃電鳥","Électhor","Zapdos","Zapdos","Zapdos","Zapdos","サンダー","闪电鸟"
"146","moltres","ファイヤー","Fire","파이어","火焰鳥","Sulfura","Lavados","Moltres","Moltres","Moltres","ファイヤー","火焰鸟"
"147","dratini","ミニリュウ","Miniryu","미뇽","迷你龍","Minidraco","Dratini","Dratini","Dratini","Dratini","ミニリュウ","迷你龙"
"148","dragonair","ハクリュー","Hakuryu","신뇽","哈克龍","Draco","Dragonir","Dragonair","Dragonair","Dragonair","ハクリュー","哈克龙"
"149","dragonite","カイリュー","Kairyu","망나뇽","快龍","Dracolosse","Dragoran","Dragonite","Dragonite","Dragonite","カイリュー","快龙"
"150","mewtwo","ミュウツー","Mewtwo","뮤츠","超夢","Mewtwo","Mewtu","Mewtwo","Mewtwo","Mewtwo","ミュウツー","超梦"
"151","mew","ミュウ","Mew","뮤","夢幻","Mew","Mew","Mew","Mew","Mew","ミュウ","梦幻"
"152","chikorita","チコリータ","Chicorita","치코리타","菊草葉","Germignon","Endivie","Chikorita","Chikorita","Chikorita","チコリータ","菊草叶"
"153","bayleef","ベイリーフ","Bayleaf","베이리프","月桂葉","Macronium","Lorblatt","Bayleef","Bayleef","Bayleef","ベイリーフ","月桂叶"
"154","meganium","メガニウム","Meganium","메가니움","大竺葵","Méganium","Meganie","Meganium","Meganium","Meganium","メガニウム","大竺葵"
"155","cyndaquil","ヒノアラシ","Hinoarashi","브케인","火球鼠","Héricendre","Feurigel","Cyndaquil","Cyndaquil","Cyndaquil","ヒノアラシ","火球鼠"
"156","quilava","マグマラシ","Magmarashi","마그케인","火岩鼠","Feurisson","Igelavar","Quilava","Quilava","Quilava","マグマラシ","火岩鼠"
"157","typhlosion","バクフーン","Bakphoon","블레이범","火爆獸","Typhlosion","Tornupto","Typhlosion","Typhlosion","Typhlosion","バクフーン","火暴兽"
"158","totodile","ワニノコ","Waninoko","리아코","小鋸鱷","Kaiminus","Karnimani","Totodile","Totodile","Totodile","ワニノコ","小锯鳄"
"159","croconaw","アリゲイツ","Alligates","엘리게이","藍鱷","Crocrodil","Tyracroc","Croconaw","Croconaw","Croconaw","アリゲイツ","蓝鳄"
"160","feraligatr","オーダイル","Ordile","장크로다일","大力鱷","Aligatueur","Impergator","Feraligatr","Feraligatr","Feraligatr","オーダイル","大力鳄"
"161","sentret","オタチ","Otachi","꼬리선","尾立","Fouinette","Wiesor","Sentret","Sentret","Sentret","オタチ","尾立"
"162","furret","オオタチ","Ootachi","다꼬리","大尾立","Fouinar","Wiesenior","Furret","Furret","Furret","オオタチ","大尾立"
"163","hoothoot","ホーホー","Hoho","부우부","咕咕","Hoothoot","Hoothoot","Hoothoot","Hoothoot","Hoothoot","ホーホー","咕咕"
"164","noctowl","ヨルノズク","Yorunozuku","야부엉","貓頭夜鷹","Noarfang","Noctuh","Noctowl","Noctowl","Noctowl","ヨルノズク","猫头夜鹰"
"165","ledyba","レディバ","Rediba","레디바","芭瓢蟲","Coxy","Ledyba","Ledyba","Ledyba","Ledyba","レディバ","芭瓢虫"
"166","ledian","レディアン","Redian","레디안","安瓢蟲","Coxyclaque","Ledian","Ledian","Ledian","Ledian","レディアン","安瓢虫"
"167","spinarak","イトマル","Itomaru","페이검","圓絲蛛","Mimigal","Webarak","Spinarak","Spinarak","Spinarak","イトマル","圆丝蛛"
"168","ariados","アリアドス","Ariados","아리아도스","阿利多斯","Migalos","Ariados","Ariados","Ariados","Ariados","アリアドス","阿利多斯"
"169","crobat","クロバット","Crobat","크로뱃","叉字蝠","Nostenfer","Iksbat","Crobat","Crobat","Crobat","クロバット","叉字蝠"
"170","chinchou","チョンチー","Chonchie","초라기","燈籠魚","Loupio","Lampi","Chinchou","Chinchou","Chinchou","チョンチー","灯笼鱼"
"171","lanturn","ランターン","Lantern","랜턴","電燈怪","Lanturn","Lanturn","Lanturn","Lanturn","Lanturn","ランターン","电灯怪"
"172","pichu","ピチュー","Pichu","피츄","皮丘","Pichu","Pichu","Pichu","Pichu","Pichu","ピチュー","皮丘"
"173","cleffa","ピィ","Py","삐","皮寶寶","Mélo","Pii","Cleffa","Cleffa","Cleffa","ピィ","皮宝宝"
"174","igglybuff","ププリン","Pupurin","푸푸린","寶寶丁","Toudoudou","Fluffeluff","Igglybuff","Igglybuff","Igglybuff","ププリン","宝宝丁"
"175","togepi","トゲピー","Togepy","토게피","波克比","Togepi","Togepi","Togepi","Togepi","Togepi","トゲピー","波克比"
"176","togetic","トゲチック","Togechick","토게틱","波克基古","Togetic","Togetic","Togetic","Togetic","Togetic","トゲチック","波克基古"
"177","natu","ネイティ","Naty","네이티","天然雀","Natu","Natu","Natu","Natu","Natu","ネイティ","天然雀"
"178","xatu","ネイティオ","Natio","네이티오","天然鳥","Xatu","Xatu","Xatu","Xatu","Xatu","ネイティオ","天然鸟"
"179","mareep","メリープ","Merriep","메리프","咩利羊","Wattouat","Voltilamm","Mareep","Mareep","Mareep","メリープ","咩利羊"
"180","flaaffy","モココ","Mokoko","보송송","茸茸羊","Lainergie","Waaty","Flaaffy","Flaaffy","Flaaffy","モココ","茸茸羊"
"181","ampharos","デンリュウ","Denryu","전룡","電龍","Pharamp","Ampharos","Ampharos","Ampharos","Ampharos","デンリュウ","电龙"
"182","bellossom","キレイハナ","Kireihana","아르코","美麗花","Joliflor","Blubella","Bellossom","Bellossom","Bellossom","キレイハナ","美丽花"
"183","marill","マリル","Maril","마릴","瑪力露","Marill","Marill","Marill","Marill","Marill","マリル","玛力露"
"184","azumarill","マリルリ","Marilli","마릴리","瑪力露麗","Azumarill","Azumarill","Azumarill","Azumarill","Azumarill","マリルリ","玛力露丽"
"185","sudowoodo","ウソッキー","Usokkie","꼬지모","樹才怪","Simularbre","Mogelbaum","Sudowoodo","Sudowoodo","Sudowoodo","ウソッキー","树才怪"
"186","politoed","ニョロトノ","Nyorotono","왕구리","蚊香蛙皇","Tarpaud","Quaxo","Politoed","Politoed","Politoed","ニョロトノ","蚊香蛙皇"
"187","hoppip","ハネッコ","Hanecco","통통코","毽子草","Granivol","Hoppspross","Hoppip","Hoppip","Hoppip","ハネッコ","毽子草"
"188","skiploom","ポポッコ","Popocco","두코","毽子花","Floravol","Hubelupf","Skiploom","Skiploom","Skiploom","ポポッコ","毽子花"
"189","jumpluff","ワタッコ","Watacco","솜솜코","毽子棉","Cotovol","Papungha","Jumpluff","Jumpluff","Jumpluff","ワタッコ","毽子棉"
"190","aipom","エイパム","Eipam","에이팜","長尾怪手","Capumain","Griffel","Aipom","Aipom","Aipom","エイパム","长尾怪手"
"191","sunkern","ヒマナッツ","Himanuts","해너츠","向日種子","Tournegrin","Sonnkern","Sunkern","Sunkern","Sunkern","ヒマナッツ","向日种子"
"192","sunflora","キマワリ","Kimawari","해루미","向日花怪","Héliatronc","Sonnflora","Sunflora","Sunflora","Sunflora","キマワリ","向日花怪"
"193","yanma","ヤンヤンマ","Yanyanma","왕자리","蜻蜻蜓","Yanma","Yanma","Yanma","Yanma","Yanma","ヤンヤンマ","蜻蜻蜓"
"194","wooper","ウパー","Upah","우파","烏波","Axoloto","Felino","Wooper","Wooper","Wooper","ウパー","乌波"
"195","quagsire","ヌオー","Nuoh","누오","沼王","Maraiste","Morlord","Quagsire","Quagsire","Quagsire","ヌオー","沼王"
"196","espeon","エーフィ","Eifie","에브이","太陽伊布","Mentali","Psiana","Espeon","Espeon","Espeon","エーフィ","太阳伊布"
"197","umbreon","ブラッキー","Blacky","블래키","月亮伊布","Noctali","Nachtara","Umbreon","Umbreon","Umbreon","ブラッキー","月亮伊布"
"198","murkrow","ヤミカラス","Yamikarasu","니로우","黑暗鴉","Cornèbre","Kramurx","Murkrow","Murkrow","Murkrow","ヤミカラス","黑暗鸦"
"199","slowking","ヤドキング","Yadoking","야도킹","呆呆王","Roigada","Laschoking","Slowking","Slowking","Slowking","ヤドキング","呆呆王"
"200","misdreavus","ムウマ","Muma","무우마","夢妖","Feuforêve","Traunfugil","Misdreavus","Misdreavus","Misdreavus","ムウマ","梦妖"
"201","unown","アンノーン","Unknown","안농","未知圖騰","Zarbi","Icognito","Unown","Unown","Unown","アンノーン","未知图腾"
"202","wobbuffet","ソーナンス","Sonans","마자용","果然翁","Qulbutoké","Woingenau","Wobbuffet","Wobbuffet","Wobbuffet","ソーナンス","果然翁"
"203","girafarig","キリンリキ","Kirinriki","키링키","麒麟奇","Girafarig","Girafarig","Girafarig","Girafarig","Girafarig","キリンリキ","麒麟奇"
"204","pineco","クヌギダマ","Kunugidama","피콘","榛果球","Pomdepik","Tannza","Pineco","Pineco","Pineco","クヌギダマ","榛果球"
"205","forretress","フォレトス","Foretos","쏘콘","佛烈托斯","Foretress","Forstellka","Forretress","Forretress","Forretress","フォレトス","佛烈托斯"
"206","dunsparce","ノコッチ","Nokocchi","노고치","土龍弟弟","Insolourdo","Dummisel","Dunsparce","Dunsparce","Dunsparce","ノコッチ","土龙弟弟"
"207","gligar","グライガー","Gliger","글라이거","天蠍","Scorplane","Skorgla","Gligar","Gligar","Gligar","グライガー","天蝎"
"208","steelix","ハガネール","Haganeil","강철톤","大鋼蛇","Steelix","Stahlos","Steelix","Steelix","Steelix","ハガネール","大钢蛇"
"209","snubbull","ブルー","Bulu","블루","布魯","Snubbull","Snubbull","Snubbull","Snubbull","Snubbull","ブルー","布鲁"
"210","granbull","グランブル","Granbulu","그랑블루","布魯皇","Granbull","Granbull","Granbull","Granbull","Granbull","グランブル","布鲁皇"
"211","qwilfish","ハリーセン","Harysen","침바루","千針魚","Qwilfish","Baldorfish","Qwilfish","Qwilfish","Qwilfish","ハリーセン","千针鱼"
"212","scizor","ハッサム","Hassam","핫삼","巨鉗螳螂","Cizayox","Scherox","Scizor","Scizor","Scizor","ハッサム","巨钳螳螂"
"213","shuckle","ツボツボ","Tsubotsubo","단단지","壺壺","Caratroc","Pottrott","Shuckle","Shuckle","Shuckle","ツボツボ","壶壶"
"214","heracross","ヘラクロス","Heracros","헤라크로스","赫拉克羅斯","Scarhino","Skaraborn","Heracross","Heracross","Heracross","ヘラクロス","赫拉克罗斯"
"215","sneasel","ニューラ","Nyula","포푸니","狃拉","Farfuret","Sniebel","Sneasel","Sneasel","Sneasel","ニューラ","狃拉"
"216","teddiursa","ヒメグマ","Himeguma","깜지곰","熊寶寶","Teddiursa","Teddiursa","Teddiursa","Teddiursa","Teddiursa","ヒメグマ","熊宝宝"
"217","ursaring","リングマ","Ringuma","링곰","圈圈熊","Ursaring","Ursaring","Ursaring","Ursaring","Ursaring","リングマ","圈圈熊"
"218","slugma","マグマッグ","Magmag","마그마그","熔岩蟲","Limagma","Schneckmag","Slugma","Slugma","Slugma","マグマッグ","熔岩虫"
"219","magcargo","マグカルゴ","Magcargot","마그카르고","熔岩蝸牛","Volcaropod","Magcargo","Magcargo","Magcargo","Magcargo","マグカルゴ","熔岩蜗牛"
"220","swinub","ウリムー","Urimoo","꾸꾸리","小山豬","Marcacrin","Quiekel","Swinub","Swinub","Swinub","ウリムー","小山猪"
"221","piloswine","イノムー","Inomoo","메꾸리","長毛豬","Cochignon","Keifel","Piloswine","Piloswine","Piloswine","イノムー","长毛猪"
"222","corsola","サニーゴ","Sunnygo","코산호","太陽珊瑚","Corayon","Corasonn","Corsola","Corsola","Corsola","サニーゴ","太阳珊瑚"
"223","remoraid","テッポウオ","Teppouo","총어","鐵炮魚","Rémoraid","Remoraid","Remoraid","Remoraid","Remoraid","テッポウオ","铁炮鱼"
"224","octillery","オクタン","Okutank","대포무노","章魚桶","Octillery","Octillery","Octillery","Octillery","Octillery","オクタン","章鱼桶"
"225","delibird","デリバード","Delibird","딜리버드","信使鳥","Cadoizo","Botogel","Delibird","Delibird","Delibird","デリバード","信使鸟"
"226","mantine","マンタイン","Mantain","만타인","巨翅飛魚","Démanta","Mantax","Mantine","Mantine","Mantine","マンタイン","巨翅飞鱼"
"227","skarmory","エアームド","Airmd","무장조","盔甲鳥","Airmure","Panzaeron","Skarmory","Skarmory","Skarmory","エアームド","盔甲鸟"
"228","houndour","デルビル","Delvil","델빌","戴魯比","Malosse","Hunduster","Houndour","Houndour","Houndour","デルビル","戴鲁比"
"229","houndoom","ヘルガー","Hellgar","헬가","黑魯加","Démolosse","Hundemon","Houndoom","Houndoom","Houndoom","ヘルガー","黑鲁加"
"230","kingdra","キングドラ","Kingdra","킹드라","刺龍王","Hyporoi","Seedraking","Kingdra","Kingdra","Kingdra","キングドラ","刺龙王"
"231","phanpy","ゴマゾウ","Gomazou","코코리","小小象","Phanpy","Phanpy","Phanpy","Phanpy","Phanpy","ゴマゾウ","小小象"
"232","donphan","ドンファン","Donfan","코리갑","頓甲","Donphan","Donphan","Donphan","Donphan","Donphan","ドンファン","顿甲"
"233","porygon2","ポリゴン２","Porygon2","폴리곤2","多邊獸Ⅱ","Porygon2","Porygon2","Porygon2","Porygon2","Porygon2","ポリゴン２","多边兽２型"
"234","stantler","オドシシ","Odoshishi","노라키","驚角鹿","Cerfrousse","Damhirplex","Stantler","Stantler","Stantler","オドシシ","惊角鹿"
"235","smeargle","ドーブル","Doble","루브도","圖圖犬","Queulorior","Farbeagle","Smeargle","Smeargle","Smeargle","ドーブル","图图犬"
"236","tyrogue","バルキー","Balkie","배루키","無畏小子","Debugant","Rabauz","Tyrogue","Tyrogue","Tyrogue","バルキー","无畏小子"
"237","hitmontop","カポエラー","Kapoerer","카포에라","戰舞郎","Kapoera","Kapoera","Hitmontop","Hitmontop","Hitmontop","カポエラー","战舞郎"
"238","smoochum","ムチュール","Muchul","뽀뽀라","迷唇娃","Lippouti","Kussilla","Smoochum","Smoochum","Smoochum","ムチュール","迷唇娃"
"239","elekid","エレキッド","Elekid","에레키드","電擊怪","Élekid","Elekid","Elekid","Elekid","Elekid","エレキッド","电击怪"
"240","magby","ブビィ","Buby","마그비","鴨嘴寶寶","Magby","Magby","Magby","Magby","Magby","ブビィ","鸭嘴宝宝"
"241","miltank","ミルタンク","Miltank","밀탱크","大奶罐","Écrémeuh","Miltank","Miltank","Miltank","Miltank","ミルタンク","大奶罐"
"242","blissey","ハピナス","Happinas","해피너스","幸福蛋","Leuphorie","Heiteira","Blissey","Blissey","Blissey","ハピナス","幸福蛋"
"243","raikou","ライコウ","Raikou","라이코","雷公","Raikou","Raikou","Raikou","Raikou","Raikou","ライコウ","雷公"
"244","entei","エンテイ","Entei","앤테이","炎帝","Entei","Entei","Entei","Entei","Entei","エンテイ","炎帝"
"245","suicune","スイクン","Suikun","스이쿤","水君","Suicune","Suicune","Suicune","Suicune","Suicune","スイクン","水君"
"246","larvitar","ヨーギラス","Yogiras","애버라스","幼基拉斯","Embrylex","Larvitar","Larvitar","Larvitar","Larvitar","ヨーギラス","幼基拉斯"
"247","pupitar","サナギラス","Sanagiras","데기라스","沙基拉斯","Ymphect","Pupitar","Pupitar","Pupitar","Pupitar","サナギラス","沙基拉斯"
"248","tyranitar","バンギラス","Bangiras","마기라스","班基拉斯","Tyranocif","Despotar","Tyranitar","Tyranitar","Tyranitar","バンギラス","班基拉斯"
"249","lugia","ルギア","Lugia","루기아","洛奇亞","Lugia","Lugia","Lugia","Lugia","Lugia","ルギア","洛奇亚"
"250","ho-oh","ホウオウ","Houou","칠색조","鳳王","Ho-Oh","Ho-Oh","Ho-Oh","Ho-Oh","Ho-Oh","ホウオウ","凤王"
"251","celebi","セレビィ","Celebi","세레비","時拉比","Celebi","Celebi","Celebi","Celebi","Celebi","セレビィ","时拉比"
"252","treecko","キモリ","Kimori","나무지기","木守宮","Arcko","Geckarbor","Treecko","Treecko","Treecko","キモリ","木守宫"
"253","grovyle","ジュプトル","Juptile","나무돌이","森林蜥蜴","Massko","Reptain","Grovyle","Grovyle","Grovyle","ジュプトル","森林蜥蜴"
"254","sceptile","ジュカイン","Jukain","나무킹","蜥蜴王","Jungko","Gewaldro","Sceptile","Sceptile","Sceptile","ジュカイン","蜥蜴王"
"255","torchic","アチャモ","Achamo","아차모","火稚雞","Poussifeu","Flemmli","Torchic","Torchic","Torchic","アチャモ","火稚鸡"
"256","combusken","ワカシャモ","Wakasyamo","영치코","力壯雞","Galifeu","Jungglut","Combusken","Combusken","Combusken","ワカシャモ","力壮鸡"
"257","blaziken","バシャーモ","Bursyamo","번치코","火焰雞","Braségali","Lohgock","Blaziken","Blaziken","Blaziken","バシャーモ","火焰鸡"
"258","mudkip","ミズゴロウ","Mizugorou","물짱이","水躍魚","Gobou","Hydropi","Mudkip","Mudkip","Mudkip","ミズゴロウ","水跃鱼"
"259","marshtomp","ヌマクロー","Numacraw","늪짱이","沼躍魚","Flobio","Moorabbel","Marshtomp","Marshtomp","Marshtomp","ヌマクロー","沼跃鱼"
"260","swampert","ラグラージ","Laglarge","대짱이","巨沼怪","Laggron","Sumpex","Swampert","Swampert","Swampert","ラグラージ","巨沼怪"
"261","poochyena","ポチエナ","Pochiena","포챠나","土狼犬","Medhyèna","Fiffyen","Poochyena","Poochyena","Poochyena","ポチエナ","土狼犬"
"262","mightyena","グラエナ","Guraena","그라에나","大狼犬","Grahyèna","Magnayen","Mightyena","Mightyena","Mightyena","グラエナ","大狼犬"
"263","zigzagoon","ジグザグマ","Ziguzaguma","지그제구리","蛇紋熊","Zigzaton","Zigzachs","Zigzagoon","Zigzagoon","Zigzagoon","ジグザグマ","蛇纹熊"
"264","linoone","マッスグマ","Massuguma","직구리","直衝熊","Linéon","Geradaks","Linoone","Linoone","Linoone","マッスグマ","直冲熊"
"265","wurmple","ケムッソ","Kemusso","개무소","刺尾蟲","Chenipotte","Waumpel","Wurmple","Wurmple","Wurmple","ケムッソ","刺尾虫"
"266","silcoon","カラサリス","Karasalis","실쿤","甲殼繭","Armulys","Schaloko","Silcoon","Silcoon","Silcoon","カラサリス","甲壳茧"
"267","beautifly","アゲハント","Agehunt","뷰티플라이","狩獵鳳蝶","Charmillon","Papinella","Beautifly","Beautifly","Beautifly","アゲハント","狩猎凤蝶"
"268","cascoon","マユルド","Mayuld","카스쿤","盾甲繭","Blindalys","Panekon","Cascoon","Cascoon","Cascoon","マユルド","盾甲茧"
"269","dustox","ドクケイル","Dokucale","독케일","毒粉蛾","Papinox","Pudox","Dustox","Dustox","Dustox","ドクケイル","毒粉蛾"
"270","lotad","ハスボー","Hassboh","연꽃몬","蓮葉童子","Nénupiot","Loturzel","Lotad","Lotad","Lotad","ハスボー","莲叶童子"
"271","lombre","ハスブレロ","Hasubrero","로토스","蓮帽小童","Lombre","Lombrero","Lombre","Lombre","Lombre","ハスブレロ","莲帽小童"
"272","ludicolo","ルンパッパ","Runpappa","로파파","樂天河童","Ludicolo","Kappalores","Ludicolo","Ludicolo","Ludicolo","ルンパッパ","乐天河童"
"273","seedot","タネボー","Taneboh","도토링","橡實果","Grainipiot","Samurzel","Seedot","Seedot","Seedot","タネボー","橡实果"
"274","nuzleaf","コノハナ","Konohana","잎새코","長鼻葉","Pifeuil","Blanas","Nuzleaf","Nuzleaf","Nuzleaf","コノハナ","长鼻叶"
"275","shiftry","ダーテング","Dirteng","다탱구","狡猾天狗","Tengalice","Tengulist","Shiftry","Shiftry","Shiftry","ダーテング","狡猾天狗"
"276","taillow","スバメ","Subame","테일로","傲骨燕","Nirondelle","Schwalbini","Taillow","Taillow","Taillow","スバメ","傲骨燕"
"277","swellow","オオスバメ","Ohsubame","스왈로","大王燕","Hélédelle","Schwalboss","Swellow","Swellow","Swellow","オオスバメ","大王燕"
"278","wingull","キャモメ","Camome","갈모매","長翅鷗","Goélise","Wingull","Wingull","Wingull","Wingull","キャモメ","长翅鸥"
"279","pelipper","ペリッパー","Pelipper","패리퍼","大嘴鷗","Bekipan","Pelipper","Pelipper","Pelipper","Pelipper","ペリッパー","大嘴鸥"
"280","ralts","ラルトス","Ralts","랄토스","拉魯拉絲","Tarsal","Trasla","Ralts","Ralts","Ralts","ラルトス","拉鲁拉丝"
"281","kirlia","キルリア","Kirlia","킬리아","奇魯莉安","Kirlia","Kirlia","Kirlia","Kirlia","Kirlia","キルリア","奇鲁莉安"
"282","gardevoir","サーナイト","Sirnight","가디안","沙奈朵","Gardevoir","Guardevoir","Gardevoir","Gardevoir","Gardevoir","サーナイト","沙奈朵"
"283","surskit","アメタマ","Ametama","비구술","溜溜糖球","Arakdo","Gehweiher","Surskit","Surskit","Surskit","アメタマ","溜溜糖球"
"284","masquerain","アメモース","Amemoth","비나방","雨翅蛾","Maskadra","Maskeregen","Masquerain","Masquerain","Masquerain","アメモース","雨翅蛾"
"285","shroomish","キノココ","Kinococo","버섯꼬","蘑蘑菇","Balignon","Knilz","Shroomish","Shroomish","Shroomish","キノココ","蘑蘑菇"
"286","breloom","キノガッサ","Kinogassa","버섯모","斗笠菇","Chapignon","Kapilz","Breloom","Breloom","Breloom","キノガッサ","斗笠菇"
"287","slakoth","ナマケロ","Namakero","게을로","懶人獺","Parecool","Bummelz","Slakoth","Slakoth","Slakoth","ナマケロ","懒人獭"
"288","vigoroth","ヤルキモノ","Yarukimono","발바로","過動猿","Vigoroth","Muntier","Vigoroth","Vigoroth","Vigoroth","ヤルキモノ","过动猿"
"289","slaking","ケッキング","Kekking","게을킹","請假王","Monaflèmit","Letarking","Slaking","Slaking","Slaking","ケッキング","请假王"
"290","nincada","ツチニン","Tutinin","토중몬","土居忍士","Ningale","Nincada","Nincada","Nincada","Nincada","ツチニン","土居忍士"
"291","ninjask","テッカニン","Tekkanin","아이스크","鐵面忍者","Ninjask","Ninjask","Ninjask","Ninjask","Ninjask","テッカニン","铁面忍者"
"292","shedinja","ヌケニン","Nukenin","껍질몬","脫殼忍者","Munja","Ninjatom","Shedinja","Shedinja","Shedinja","ヌケニン","脱壳忍者"
"293","whismur","ゴニョニョ","Gonyonyo","소곤룡","咕妞妞","Chuchmur","Flurmel","Whismur","Whismur","Whismur","ゴニョニョ","咕妞妞"
"294","loudred","ドゴーム","Dogohmb","노공룡","吼爆彈","Ramboum","Krakeelo","Loudred","Loudred","Loudred","ドゴーム","吼爆弹"
"295","exploud","バクオング","Bakuong","폭음룡","爆音怪","Brouhabam","Krawumms","Exploud","Exploud","Exploud","バクオング","爆音怪"
"296","makuhita","マクノシタ","Makunoshita","마크탕","幕下力士","Makuhita","Makuhita","Makuhita","Makuhita","Makuhita","マクノシタ","幕下力士"
"297","hariyama","ハリテヤマ","Hariteyama","하리뭉","鐵掌力士","Hariyama","Hariyama","Hariyama","Hariyama","Hariyama","ハリテヤマ","铁掌力士"
"298","azurill","ルリリ","Ruriri","루리리","露力麗","Azurill","Azurill","Azurill","Azurill","Azurill","ルリリ","露力丽"
"299","nosepass","ノズパス","Nosepass","코코파스","朝北鼻","Tarinor","Nasgnet","Nosepass","Nosepass","Nosepass","ノズパス","朝北鼻"
"300","skitty","エネコ","Eneco","에나비","向尾喵","Skitty","Eneco","Skitty","Skitty","Skitty","エネコ","向尾喵"
"301","delcatty","エネコロロ","Enekororo","델케티","優雅貓","Delcatty","Enekoro","Delcatty","Delcatty","Delcatty","エネコロロ","优雅猫"
"302","sableye","ヤミラミ","Yamirami","깜까미","勾魂眼","Ténéfix","Zobiris","Sableye","Sableye","Sableye","ヤミラミ","勾魂眼"
"303","mawile","クチート","Kucheat","입치트","大嘴娃","Mysdibule","Flunkifer","Mawile","Mawile","Mawile","クチート","大嘴娃"
"304","aron","ココドラ","Cokodora","가보리","可可多拉","Galekid","Stollunior","Aron","Aron","Aron","ココドラ","可可多拉"
"305","lairon","コドラ","Kodora","갱도라","可多拉","Galegon","Stollrak","Lairon","Lairon","Lairon","コドラ","可多拉"
"306","aggron","ボスゴドラ","Bossgodora","보스로라","波士可多拉","Galeking","Stolloss","Aggron","Aggron","Aggron","ボスゴドラ","波士可多拉"
"307","meditite","アサナン","Asanan","요가랑","瑪沙那","Méditikka","Meditie","Meditite","Meditite","Meditite","アサナン","玛沙那"
"308","medicham","チャーレム","Charem","요가램","恰雷姆","Charmina","Meditalis","Medicham","Medicham","Medicham","チャーレム","恰雷姆"
"309","electrike","ラクライ","Rakurai","썬더라이","落雷獸","Dynavolt","Frizelbliz","Electrike","Electrike","Electrike","ラクライ","落雷兽"
"310","manectric","ライボルト","Livolt","썬더볼트","雷電獸","Élecsprint","Voltenso","Manectric","Manectric","Manectric","ライボルト","雷电兽"
"311","plusle","プラスル","Prasle","플러시","正電拍拍","Posipi","Plusle","Plusle","Plusle","Plusle","プラスル","正电拍拍"
"312","minun","マイナン","Minun","마이농","負電拍拍","Négapi","Minun","Minun","Minun","Minun","マイナン","負电拍拍"
"313","volbeat","バルビート","Barubeat","볼비트","電螢蟲","Muciole","Volbeat","Volbeat","Volbeat","Volbeat","バルビート","电萤虫"
"314","illumise","イルミーゼ","Illumise","네오비트","甜甜螢","Lumivole","Illumise","Illumise","Illumise","Illumise","イルミーゼ","甜甜萤"
"315","roselia","ロゼリア","Roselia","로젤리아","毒薔薇","Rosélia","Roselia","Roselia","Roselia","Roselia","ロゼリア","毒蔷薇"
"316","gulpin","ゴクリン","Gokulin","꼴깍몬","溶食獸","Gloupti","Schluppuck","Gulpin","Gulpin","Gulpin","ゴクリン","溶食兽"
"317","swalot","マルノーム","Marunoom","꿀꺽몬","吞食獸","Avaltout","Schlukwech","Swalot","Swalot","Swalot","マルノーム","吞食兽"
"318","carvanha","キバニア","Kibanha","샤프니아","利牙魚","Carvanha","Kanivanha","Carvanha","Carvanha","Carvanha","キバニア","利牙鱼"
"319","sharpedo","サメハダー","Samehader","샤크니아","巨牙鯊","Sharpedo","Tohaido","Sharpedo","Sharpedo","Sharpedo","サメハダー","巨牙鲨"
"320","wailmer","ホエルコ","Whalko","고래왕자","吼吼鯨","Wailmer","Wailmer","Wailmer","Wailmer","Wailmer","ホエルコ","吼吼鲸"
"321","wailord","ホエルオー","Whaloh","고래왕","吼鯨王","Wailord","Wailord","Wailord","Wailord","Wailord","ホエルオー","吼鲸王"
"322","numel","ドンメル","Donmel","둔타","呆火駝","Chamallot","Camaub","Numel","Numel","Numel","ドンメル","呆火驼"
"323","camerupt","バクーダ","Bakuuda","폭타","噴火駝","Camérupt","Camerupt","Camerupt","Camerupt","Camerupt","バクーダ","喷火驼"
"324","torkoal","コータス","Cotoise","코터스","煤炭龜","Chartor","Qurtel","Torkoal","Torkoal","Torkoal","コータス","煤炭龟"
"325","spoink","バネブー","Baneboo","피그점프","跳跳豬","Spoink","Spoink","Spoink","Spoink","Spoink","バネブー","跳跳猪"
"326","grumpig","ブーピッグ","Boopig","피그킹","噗噗豬","Groret","Groink","Grumpig","Grumpig","Grumpig","ブーピッグ","噗噗猪"
"327","spinda","パッチール","Patcheel","얼루기","晃晃斑","Spinda","Pandir","Spinda","Spinda","Spinda","パッチール","晃晃斑"
"328","trapinch","ナックラー","Nuckrar","톱치","大顎蟻","Kraknoix","Knacklion","Trapinch","Trapinch","Trapinch","ナックラー","大颚蚁"
"329","vibrava","ビブラーバ","Vibrava","비브라바","超音波幼蟲","Vibraninf","Vibrava","Vibrava","Vibrava","Vibrava","ビブラーバ","超音波幼虫"
"330","flygon","フライゴン","Frygon","플라이곤","沙漠蜻蜓","Libégon","Libelldra","Flygon","Flygon","Flygon","フライゴン","沙漠蜻蜓"
"331","cacnea","サボネア","Sabonea","선인왕","刺球仙人掌","Cacnea","Tuska","Cacnea","Cacnea","Cacnea","サボネア","刺球仙人掌"
"332","cacturne","ノクタス","Noctus","밤선인","夢歌仙人掌","Cacturne","Noktuska","Cacturne","Cacturne","Cacturne","ノクタス","梦歌仙人掌"
"333","swablu","チルット","Tyltto","파비코","青綿鳥","Tylton","Wablu","Swablu","Swablu","Swablu","チルット","青绵鸟"
"334","altaria","チルタリス","Tyltalis","파비코리","七夕青鳥","Altaria","Altaria","Altaria","Altaria","Altaria","チルタリス","七夕青鸟"
"335","zangoose","ザングース","Zangoose","쟝고","貓鼬斬","Mangriff","Sengo","Zangoose","Zangoose","Zangoose","ザングース","猫鼬斩"
"336","seviper","ハブネーク","Habunake","세비퍼","飯匙蛇","Séviper","Vipitis","Seviper","Seviper","Seviper","ハブネーク","饭匙蛇"
"337","lunatone","ルナトーン","Lunatone","루나톤","月石","Séléroc","Lunastein","Lunatone","Lunatone","Lunatone","ルナトーン","月石"
"338","solrock","ソルロック","Solrock","솔록","太陽岩","Solaroc","Sonnfel","Solrock","Solrock","Solrock","ソルロック","太阳岩"
"339","barboach","ドジョッチ","Dojoach","미꾸리","泥泥鰍","Barloche","Schmerbe","Barboach","Barboach","Barboach","ドジョッチ","泥泥鳅"
"340","whiscash","ナマズン","Namazun","메깅","鯰魚王","Barbicha","Welsar","Whiscash","Whiscash","Whiscash","ナマズン","鲶鱼王"
"341","corphish","ヘイガニ","Heigani","가재군","龍蝦小兵","Écrapince","Krebscorps","Corphish","Corphish","Corphish","ヘイガニ","龙虾小兵"
"342","crawdaunt","シザリガー","Shizariger","가재장군","鐵螯龍蝦","Colhomard","Krebutack","Crawdaunt","Crawdaunt","Crawdaunt","シザリガー","铁螯龙虾"
"343","baltoy","ヤジロン","Yajilon","오뚝군","天秤偶","Balbuto","Puppance","Baltoy","Baltoy","Baltoy","ヤジロン","天秤偶"
"344","claydol","ネンドール","Nendoll","점토도리","念力土偶","Kaorine","Lepumentas","Claydol","Claydol","Claydol","ネンドール","念力土偶"
"345","lileep","リリーラ","Lilyla","릴링","觸手百合","Lilia","Liliep","Lileep","Lileep","Lileep","リリーラ","触手百合"
"346","cradily","ユレイドル","Yuradle","릴리요","搖籃百合","Vacilys","Wielie","Cradily","Cradily","Cradily","ユレイドル","摇篮百合"
"347","anorith","アノプス","Anopth","아노딥스","太古羽蟲","Anorith","Anorith","Anorith","Anorith","Anorith","アノプス","太古羽虫"
"348","armaldo","アーマルド","Armaldo","아말도","太古盔甲","Armaldo","Armaldo","Armaldo","Armaldo","Armaldo","アーマルド","太古盔甲"
"349","feebas","ヒンバス","Hinbass","빈티나","醜醜魚","Barpau","Barschwa","Feebas","Feebas","Feebas","ヒンバス","丑丑鱼"
"350","milotic","ミロカロス","Milokaross","밀로틱","美納斯","Milobellus","Milotic","Milotic","Milotic","Milotic","ミロカロス","美纳斯"
"351","castform","ポワルン","Powalen","캐스퐁","飄浮泡泡","Morphéo","Formeo","Castform","Castform","Castform","ポワルン","飘浮泡泡"
"352","kecleon","カクレオン","Kakureon","켈리몬","變隱龍","Kecleon","Kecleon","Kecleon","Kecleon","Kecleon","カクレオン","变隐龙"
"353","shuppet","カゲボウズ","Kagebouzu","어둠대신","怨影娃娃","Polichombr","Shuppet","Shuppet","Shuppet","Shuppet","カゲボウズ","怨影娃娃"
"354","banette","ジュペッタ","Juppeta","다크펫","詛咒娃娃","Branette","Banette","Banette","Banette","Banette","ジュペッタ","诅咒娃娃"
"355","duskull","ヨマワル","Yomawaru","해골몽","夜巡靈","Skelénox","Zwirrlicht","Duskull","Duskull","Duskull","ヨマワル","夜巡灵"
"356","dusclops","サマヨール","Samayouru","미라몽","彷徨夜靈","Téraclope","Zwirrklop","Dusclops","Dusclops","Dusclops","サマヨール","彷徨夜灵"
"357","tropius","トロピウス","Tropius","트로피우스","熱帶龍","Tropius","Tropius","Tropius","Tropius","Tropius","トロピウス","热带龙"
"358","chimecho","チリーン","Chirean","치렁","風鈴鈴","Éoko","Palimpalim","Chimecho","Chimecho","Chimecho","チリーン","风铃铃"
"359","absol","アブソル","Absol","앱솔","阿勃梭魯","Absol","Absol","Absol","Absol","Absol","アブソル","阿勃梭鲁"
"360","wynaut","ソーナノ","Sohnano","마자","小果然","Okéoké","Isso","Wynaut","Wynaut","Wynaut","ソーナノ","小果然"
"361","snorunt","ユキワラシ","Yukiwarashi","눈꼬마","雪童子","Stalgamin","Schneppke","Snorunt","Snorunt","Snorunt","ユキワラシ","雪童子"
"362","glalie","オニゴーリ","Onigohri","얼음귀신","冰鬼護","Oniglali","Firnontor","Glalie","Glalie","Glalie","オニゴーリ","冰鬼护"
"363","spheal","タマザラシ","Tamazarashi","대굴레오","海豹球","Obalie","Seemops","Spheal","Spheal","Spheal","タマザラシ","海豹球"
"364","sealeo","トドグラー","Todoggler","씨레오","海魔獅","Phogleur","Seejong","Sealeo","Sealeo","Sealeo","トドグラー","海魔狮"
"365","walrein","トドゼルガ","Todoseruga","씨카이저","帝牙海獅","Kaimorse","Walraisa","Walrein","Walrein","Walrein","トドゼルガ","帝牙海狮"
"366","clamperl","パールル","Pearlulu","진주몽","珍珠貝","Coquiperl","Perlu","Clamperl","Clamperl","Clamperl","パールル","珍珠贝"
"367","huntail","ハンテール","Huntail","헌테일","獵斑魚","Serpang","Aalabyss","Huntail","Huntail","Huntail","ハンテール","猎斑鱼"
"368","gorebyss","サクラビス","Sakurabyss","분홍장이","櫻花魚","Rosabyss","Saganabyss","Gorebyss","Gorebyss","Gorebyss","サクラビス","樱花鱼"
"369","relicanth","ジーランス","Glanth","시라칸","古空棘魚","Relicanth","Relicanth","Relicanth","Relicanth","Relicanth","ジーランス","古空棘鱼"
"370","luvdisc","ラブカス","Lovecus","사랑동이","愛心魚","Lovdisc","Liebiskus","Luvdisc","Luvdisc","Luvdisc","ラブカス","爱心鱼"
"371","bagon","タツベイ","Tatsubay","아공이","寶貝龍","Draby","Kindwurm","Bagon","Bagon","Bagon","タツベイ","宝贝龙"
"372","shelgon","コモルー","Komoruu","쉘곤","甲殼龍","Drackhaus","Draschel","Shelgon","Shelgon","Shelgon","コモルー","甲壳龙"
"373","salamence","ボーマンダ","Bohmander","보만다","暴飛龍","Drattak","Brutalanda","Salamence","Salamence","Salamence","ボーマンダ","暴飞龙"
"374","beldum","ダンバル","Dumbber","메탕","鐵啞鈴","Terhal","Tanhel","Beldum","Beldum","Beldum","ダンバル","铁哑铃"
"375","metang","メタング","Metang","메탕구","金屬怪","Métang","Metang","Metang","Metang","Metang","メタング","金属怪"
"376","metagross","メタグロス","Metagross","메타그로스","巨金怪","Métalosse","Metagross","Metagross","Metagross","Metagross","メタグロス","巨金怪"
"377","regirock","レジロック","Regirock","레지락","雷吉洛克","Regirock","Regirock","Regirock","Regirock","Regirock","レジロック","雷吉洛克"
"378","regice","レジアイス","Regice","레지아이스","雷吉艾斯","Regice","Regice","Regice","Regice","Regice","レジアイス","雷吉艾斯"
"379","registeel","レジスチル","Registeel","레지스틸","雷吉斯奇魯","Registeel","Registeel","Registeel","Registeel","Registeel","レジスチル","雷吉斯奇鲁"
"380","latias","ラティアス","Latias","라티아스","拉帝亞斯","Latias","Latias","Latias","Latias","Latias","ラティアス","拉帝亚斯"
"381","latios","ラティオス","Latios","라티오스","拉帝歐斯","Latios","Latios","Latios","Latios","Latios","ラティオス","拉帝欧斯"
"382","kyogre","カイオーガ","Kyogre","가이오가","蓋歐卡","Kyogre","Kyogre","Kyogre","Kyogre","Kyogre","カイオーガ","盖欧卡"
"383","groudon","グラードン","Groudon","그란돈","固拉多","Groudon","Groudon","Groudon","Groudon","Groudon","グラードン","固拉多"
"384","rayquaza","レックウザ","Rayquaza","레쿠쟈","烈空坐","Rayquaza","Rayquaza","Rayquaza","Rayquaza","Rayquaza","レックウザ","烈空坐"
"385","jirachi","ジラーチ","Jirachi","지라치","基拉祈","Jirachi","Jirachi","Jirachi","Jirachi","Jirachi","ジラーチ","基拉祈"
"386","deoxys","デオキシス","Deoxys","테오키스","代歐奇希斯","Deoxys","Deoxys","Deoxys","Deoxys","Deoxys","デオキシス","代欧奇希斯"
"387","turtwig","ナエトル","Naetle","모부기","草苗龜","Tortipouss","Chelast","Turtwig","Turtwig","Turtwig","ナエトル","草苗龟"
"388","grotle","ハヤシガメ","Hayashigame","수풀부기","樹林龜","Boskara","Chelcarain","Grotle","Grotle","Grotle","ハヤシガメ","树林龟"
"389","torterra","ドダイトス","Dodaitose","토대부기","土台龜","Torterra","Chelterrar","Torterra","Torterra","Torterra","ドダイトス","土台龟"
"390","chimchar","ヒコザル","Hikozaru","불꽃숭이","小火焰猴","Ouisticram","Panflam","Chimchar","Chimchar","Chimchar","ヒコザル","小火焰猴"
"391","monferno","モウカザル","Mōkazaru","파이숭이","猛火猴","Chimpenfeu","Panpyro","Monferno","Monferno","Monferno","モウカザル","猛火猴"
"392","infernape","ゴウカザル","Gōkazaru","초염몽","烈焰猴","Simiabraz","Panferno","Infernape","Infernape","Infernape","ゴウカザル","烈焰猴"
"393","piplup","ポッチャマ","Pochama","팽도리","波加曼","Tiplouf","Plinfa","Piplup","Piplup","Piplup","ポッチャマ","波加曼"
"394","prinplup","ポッタイシ","Pottaishi","팽태자","波皇子","Prinplouf","Pliprin","Prinplup","Prinplup","Prinplup","ポッタイシ","波皇子"
"395","empoleon","エンペルト","Emperte","엠페르트","帝王拿波","Pingoléon","Impoleon","Empoleon","Empoleon","Empoleon","エンペルト","帝王拿波"
"396","starly","ムックル","Mukkuru","찌르꼬","姆克兒","Étourmi","Staralili","Starly","Starly","Starly","ムックル","姆克儿"
"397","staravia","ムクバード","Mukubird","찌르버드","姆克鳥","Étourvol","Staravia","Staravia","Staravia","Staravia","ムクバード","姆克鸟"
"398","staraptor","ムクホーク","Mukuhawk","찌르호크","姆克鷹","Étouraptor","Staraptor","Staraptor","Staraptor","Staraptor","ムクホーク","姆克鹰"
"399","bidoof","ビッパ","Bipper","비버니","大牙狸","Keunotor","Bidiza","Bidoof","Bidoof","Bidoof","ビッパ","大牙狸"
"400","bibarel","ビーダル","Beadull","비버통","大尾狸","Castorno","Bidifas","Bibarel","Bibarel","Bibarel","ビーダル","大尾狸"
"401","kricketot","コロボーシ","Korobohshi","귀뚤뚜기","圓法師","Crikzik","Zirpurze","Kricketot","Kricketot","Kricketot","コロボーシ","圆法师"
"402","kricketune","コロトック","Korotok","귀뚤톡크","音箱蟀","Mélokrik","Zirpeise","Kricketune","Kricketune","Kricketune","コロトック","音箱蟀"
"403","shinx","コリンク","Kolink","꼬링크","小貓怪","Lixy","Sheinux","Shinx","Shinx","Shinx","コリンク","小猫怪"
"404","luxio","ルクシオ","Luxio","럭시오","勒克貓","Luxio","Luxio","Luxio","Luxio","Luxio","ルクシオ","勒克猫"
"405","luxray","レントラー","Rentorar","렌트라","倫琴貓","Luxray","Luxtra","Luxray","Luxray","Luxray","レントラー","伦琴猫"
"406","budew","スボミー","Subomie","꼬몽울","含羞苞","Rozbouton","Knospi","Budew","Budew","Budew","スボミー","含羞苞"
"407","roserade","ロズレイド","Roserade","로즈레이드","羅絲雷朵","Roserade","Roserade","Roserade","Roserade","Roserade","ロズレイド","罗丝雷朵"
"408","cranidos","ズガイドス","Zugaidos","두개도스","頭蓋龍","Kranidos","Koknodon","Cranidos","Cranidos","Cranidos","ズガイドス","头盖龙"
"409","rampardos","ラムパルド","Rampard","램펄드","戰槌龍","Charkos","Rameidon","Rampardos","Rampardos","Rampardos","ラムパルド","战槌龙"
"410","shieldon","タテトプス","Tatetops","방패톱스","盾甲龍","Dinoclier","Schilterus","Shieldon","Shieldon","Shieldon","タテトプス","盾甲龙"
"411","bastiodon","トリデプス","Trideps","바리톱스","護城龍","Bastiodon","Bollterus","Bastiodon","Bastiodon","Bastiodon","トリデプス","护城龙"
"412","burmy","ミノムッチ","Minomucchi","도롱충이","結草兒","Cheniti","Burmy","Burmy","Burmy","Burmy","ミノムッチ","结草儿"
"413","wormadam","ミノマダム","Minomadam","도롱마담","結草貴婦","Cheniselle","Burmadame","Wormadam","Wormadam","Wormadam","ミノマダム","结草贵妇"
"414","mothim","ガーメイル","Garmeil","나메일","紳士蛾","Papilord","Moterpel","Mothim","Mothim","Mothim","ガーメイル","绅士蛾"
"415","combee","ミツハニー","Mitsuhoney","세꿀버리","三蜜蜂","Apitrini","Wadribie","Combee","Combee","Combee","ミツハニー","三蜜蜂"
"416","vespiquen","ビークイン","Beequeen","비퀸","蜂女王","Apireine","Honweisel","Vespiquen","Vespiquen","Vespiquen","ビークイン","蜂女王"
"417","pachirisu","パチリス","Pachirisu","파치리스","帕奇利茲","Pachirisu","Pachirisu","Pachirisu","Pachirisu","Pachirisu","パチリス","帕奇利兹"
"418","buizel","ブイゼル","Buoysel","브이젤","泳圈鼬","Mustébouée","Bamelin","Buizel","Buizel","Buizel","ブイゼル","泳圈鼬"
"419","floatzel","フローゼル","Flowsel","플로젤","浮潛鼬","Mustéflott","Bojelin","Floatzel","Floatzel","Floatzel","フローゼル","浮潜鼬"
"420","cherubi","チェリンボ","Cherinbo","체리버","櫻花寶","Ceribou","Kikugi","Cherubi","Cherubi","Cherubi","チェリンボ","樱花宝"
"421","cherrim","チェリム","Cherrim","체리꼬","櫻花兒","Ceriflor","Kinoso","Cherrim","Cherrim","Cherrim","チェリム","樱花儿"
"422","shellos","カラナクシ","Karanakushi","깝질무","無殼海兔","Sancoki","Schalellos","Shellos","Shellos","Shellos","カラナクシ","无壳海兔"
"423","gastrodon","トリトドン","Toritodon","트리토돈","海兔獸","Tritosor","Gastrodon","Gastrodon","Gastrodon","Gastrodon","トリトドン","海兔兽"
"424","ambipom","エテボース","Eteboth","겟핸보숭","雙尾怪手","Capidextre","Ambidiffel","Ambipom","Ambipom","Ambipom","エテボース","双尾怪手"
"425","drifloon","フワンテ","Fuwante","흔들풍손","飄飄球","Baudrive","Driftlon","Drifloon","Drifloon","Drifloon","フワンテ","飘飘球"
"426","drifblim","フワライド","Fuwaride","둥실라이드","隨風球","Grodrive","Drifzepeli","Drifblim","Drifblim","Drifblim","フワライド","随风球"
"427","buneary","ミミロル","Mimirol","이어롤","捲捲耳","Laporeille","Haspiror","Buneary","Buneary","Buneary","ミミロル","卷卷耳"
"428","lopunny","ミミロップ","Mimilop","이어롭","長耳兔","Lockpin","Schlapor","Lopunny","Lopunny","Lopunny","ミミロップ","长耳兔"
"429","mismagius","ムウマージ","Mumage","무우마직","夢妖魔","Magirêve","Traunmagil","Mismagius","Mismagius","Mismagius","ムウマージ","梦妖魔"
"430","honchkrow","ドンカラス","Donkarasu","돈크로우","烏鴉頭頭","Corboss","Kramshef","Honchkrow","Honchkrow","Honchkrow","ドンカラス","乌鸦头头"
"431","glameow","ニャルマー","Nyarmar","나옹마","魅力喵","Chaglam","Charmian","Glameow","Glameow","Glameow","ニャルマー","魅力喵"
"432","purugly","ブニャット","Bunyat","몬냥이","東施喵","Chaffreux","Shnurgarst","Purugly","Purugly","Purugly","ブニャット","东施喵"
"433","chingling","リーシャン","Lisyan","랑딸랑","鈴鐺響","Korillon","Klingplim","Chingling","Chingling","Chingling","リーシャン","铃铛响"
"434","stunky","スカンプー","Skunpoo","스컹뿡","臭鼬噗","Moufouette","Skunkapuh","Stunky","Stunky","Stunky","スカンプー","臭鼬噗"
"435","skuntank","スカタンク","Skutank","스컹탱크","坦克臭鼬","Moufflair","Skuntank","Skuntank","Skuntank","Skuntank","スカタンク","坦克臭鼬"
"436","bronzor","ドーミラー","Domirror","동미러","銅鏡怪","Archéomire","Bronzel","Bronzor","Bronzor","Bronzor","ドーミラー","铜镜怪"
"437","bronzong","ドータクン","Dotakun","동탁군","青銅鐘","Archéodong","Bronzong","Bronzong","Bronzong","Bronzong","ドータクン","青铜钟"
"438","bonsly","ウソハチ","Usohachi","꼬지지","盆才怪","Manzaï","Mobai","Bonsly","Bonsly","Bonsly","ウソハチ","盆才怪"
"439","mime-jr","マネネ","Manene","흉내내","魔尼尼","Mime Jr.","Pantimimi","Mime Jr.","Mime Jr.","Mime Jr.","マネネ","魔尼尼"
"440","happiny","ピンプク","Pinpuku","핑복","小福蛋","Ptiravi","Wonneira","Happiny","Happiny","Happiny","ピンプク","小福蛋"
"441","chatot","ペラップ","Perap","페라페","聒噪鳥","Pijako","Plaudagei","Chatot","Chatot","Chatot","ペラップ","聒噪鸟"
"442","spiritomb","ミカルゲ","Mikaruge","화강돌","花岩怪","Spiritomb","Kryppuk","Spiritomb","Spiritomb","Spiritomb","ミカルゲ","花岩怪"
"443","gible","フカマル","Fukamaru","딥상어동","圓陸鯊","Griknot","Kaumalat","Gible","Gible","Gible","フカマル","圆陆鲨"
"444","gabite","ガバイト","Gabite","한바이트","尖牙陸鯊","Carmache","Knarksel","Gabite","Gabite","Gabite","ガバイト","尖牙陆鲨"
"445","garchomp","ガブリアス","Gablias","한카리아스","烈咬陸鯊","Carchacrok","Knakrack","Garchomp","Garchomp","Garchomp","ガブリアス","烈咬陆鲨"
"446","munchlax","ゴンベ","Gonbe","먹고자","小卡比獸","Goinfrex","Mampfaxo","Munchlax","Munchlax","Munchlax","ゴンベ","小卡比兽"
"447","riolu","リオル","Riolu","리오르","利歐路","Riolu","Riolu","Riolu","Riolu","Riolu","リオル","利欧路"
"448","lucario","ルカリオ","Lucario","루카리오","路卡利歐","Lucario","Lucario","Lucario","Lucario","Lucario","ルカリオ","路卡利欧"
"449","hippopotas","ヒポポタス","Hipopotas","히포포타스","沙河馬","Hippopotas","Hippopotas","Hippopotas","Hippopotas","Hippopotas","ヒポポタス","沙河马"
"450","hippowdon","カバルドン","Kabarudon","하마돈","河馬獸","Hippodocus","Hippoterus","Hippowdon","Hippowdon","Hippowdon","カバルドン","河马兽"
"451","skorupi","スコルピ","Scorpi","스콜피","鉗尾蠍","Rapion","Pionskora","Skorupi","Skorupi","Skorupi","スコルピ","钳尾蝎"
"452","drapion","ドラピオン","Dorapion","드래피온","龍王蠍","Drascore","Piondragi","Drapion","Drapion","Drapion","ドラピオン","龙王蝎"
"453","croagunk","グレッグル","Gureggru","삐딱구리","不良蛙","Cradopaud","Glibunkel","Croagunk","Croagunk","Croagunk","グレッグル","不良蛙"
"454","toxicroak","ドクロッグ","Dokurog","독개굴","毒骷蛙","Coatox","Toxiquak","Toxicroak","Toxicroak","Toxicroak","ドクロッグ","毒骷蛙"
"455","carnivine","マスキッパ","Muskippa","무스틈니","尖牙籠","Vortente","Venuflibis","Carnivine","Carnivine","Carnivine","マスキッパ","尖牙笼"
"456","finneon","ケイコウオ","Keikouo","형광어","螢光魚","Écayon","Finneon","Finneon","Finneon","Finneon","ケイコウオ","荧光鱼"
"457","lumineon","ネオラント","Neolant","네오라이트","霓虹魚","Luminéon","Lumineon","Lumineon","Lumineon","Lumineon","ネオラント","霓虹鱼"
"458","mantyke","タマンタ","Tamanta","타만타","小球飛魚","Babimanta","Mantirps","Mantyke","Mantyke","Mantyke","タマンタ","小球飞鱼"
"459","snover","ユキカブリ","Yukikaburi","눈쓰개","雪笠怪","Blizzi","Shnebedeck","Snover","Snover","Snover","ユキカブリ","雪笠怪"
"460","abomasnow","ユキノオー","Yukinooh","눈설왕","暴雪王","Blizzaroi","Rexblisar","Abomasnow","Abomasnow","Abomasnow","ユキノオー","暴雪王"
"461","weavile","マニューラ","Manyula","포푸니라","瑪狃拉","Dimoret","Snibunna","Weavile","Weavile","Weavile","マニューラ","玛狃拉"
"462","magnezone","ジバコイル","Jibacoil","자포코일","自爆磁怪","Magnézone","Magnezone","Magnezone","Magnezone","Magnezone","ジバコイル","自爆磁怪"
"463","lickilicky","ベロベルト","Beroberto","내룸벨트","大舌舔","Coudlangue","Schlurplek","Lickilicky","Lickilicky","Lickilicky","ベロベルト","大舌舔"
"464","rhyperior","ドサイドン","Dosydon","거대코뿌리","超甲狂犀","Rhinastoc","Rihornior","Rhyperior","Rhyperior","Rhyperior","ドサイドン","超甲狂犀"
"465","tangrowth","モジャンボ","Mojumbo","덩쿠림보","巨蔓藤","Bouldeneu","Tangoloss","Tangrowth","Tangrowth","Tangrowth","モジャンボ","巨蔓藤"
"466","electivire","エレキブル","Elekible","에레키블","電擊魔獸","Élekable","Elevoltek","Electivire","Electivire","Electivire","エレキブル","电击魔兽"
"467","magmortar","ブーバーン","Booburn","마그마번","鴨嘴炎獸","Maganon","Magbrant","Magmortar","Magmortar","Magmortar","ブーバーン","鸭嘴炎兽"
"468","togekiss","トゲキッス","Togekiss","토게키스","波克基斯","Togekiss","Togekiss","Togekiss","Togekiss","Togekiss","トゲキッス","波克基斯"
"469","yanmega","メガヤンマ","Megayanma","메가자리","遠古巨蜓","Yanmega","Yanmega","Yanmega","Yanmega","Yanmega","メガヤンマ","远古巨蜓"
"470","leafeon","リーフィア","Leafia","리피아","葉伊布","Phyllali","Folipurba","Leafeon","Leafeon","Leafeon","リーフィア","叶伊布"
"471","glaceon","グレイシア","Glacia","글레이시아","冰伊布","Givrali","Glaziola","Glaceon","Glaceon","Glaceon","グレイシア","冰伊布"
"472","gliscor","グライオン","Glion","글라이온","天蠍王","Scorvol","Skorgro","Gliscor","Gliscor","Gliscor","グライオン","天蝎王"
"473","mamoswine","マンムー","Mammoo","맘모꾸리","象牙豬","Mammochon","Mamutel","Mamoswine","Mamoswine","Mamoswine","マンムー","象牙猪"
"474","porygon-z","ポリゴンＺ","PorygonZ","폴리곤Z","多邊獸Ｚ","Porygon-Z","Porygon-Z","Porygon-Z","Porygon-Z","Porygon-Z","ポリゴンＺ","多边兽乙型"
"475","gallade","エルレイド","Erlade","엘레이드","艾路雷朵","Gallame","Galagladi","Gallade","Gallade","Gallade","エルレイド","艾路雷朵"
"476","probopass","ダイノーズ","Dainose","대코파스","大朝北鼻","Tarinorme","Voluminas","Probopass","Probopass","Probopass","ダイノーズ","大朝北鼻"
"477","dusknoir","ヨノワール","Yonoir","야느와르몽","黑夜魔靈","Noctunoir","Zwirrfinst","Dusknoir","Dusknoir","Dusknoir","ヨノワール","黑夜魔灵"
"478","froslass","ユキメノコ","Yukimenoko","눈여아","雪妖女","Momartik","Frosdedje","Froslass","Froslass","Froslass","ユキメノコ","雪妖女"
"479","rotom","ロトム","Rotom","로토무","洛托姆","Motisma","Rotom","Rotom","Rotom","Rotom","ロトム","洛托姆"
"480","uxie","ユクシー","Yuxie","유크시","由克希","Créhelf","Selfe","Uxie","Uxie","Uxie","ユクシー","由克希"
"481","mesprit","エムリット","Emrit","엠라이트","艾姆利多","Créfollet","Vesprit","Mesprit","Mesprit","Mesprit","エムリット","艾姆利多"
"482","azelf","アグノム","Agnome","아그놈","亞克諾姆","Créfadet","Tobutz","Azelf","Azelf","Azelf","アグノム","亚克诺姆"
"483","dialga","ディアルガ","Dialga","디아루가","帝牙盧卡","Dialga","Dialga","Dialga","Dialga","Dialga","ディアルガ","帝牙卢卡"
"484","palkia","パルキア","Palkia","펄기아","帕路奇亞","Palkia","Palkia","Palkia","Palkia","Palkia","パルキア","帕路奇亚"
"485","heatran","ヒードラン","Heatran","히드런","席多藍恩","Heatran","Heatran","Heatran","Heatran","Heatran","ヒードラン","席多蓝恩"
"486","regigigas","レジギガス","Regigigas","레지기가스","雷吉奇卡斯","Regigigas","Regigigas","Regigigas","Regigigas","Regigigas","レジギガス","雷吉奇卡斯"
"487","giratina","ギラティナ","Giratina","기라티나","騎拉帝納","Giratina","Giratina","Giratina","Giratina","Giratina","ギラティナ","骑拉帝纳"
"488","cresselia","クレセリア","Crecelia","크레세리아","克雷色利亞","Cresselia","Cresselia","Cresselia","Cresselia","Cresselia","クレセリア","克雷色利亚"
"489","phione","フィオネ","Phione","피오네","霏歐納","Phione","Phione","Phione","Phione","Phione","フィオネ","霏欧纳"
"490","manaphy","マナフィ","Manaphy","마나피","瑪納霏","Manaphy","Manaphy","Manaphy","Manaphy","Manaphy","マナフィ","玛纳霏"
"491","darkrai","ダークライ","Darkrai","다크라이","達克萊伊","Darkrai","Darkrai","Darkrai","Darkrai","Darkrai","ダークライ","达克莱伊"
"492","shaymin","シェイミ","Shaymin","쉐이미","謝米","Shaymin","Shaymin","Shaymin","Shaymin","Shaymin","シェイミ","谢米"
"493","arceus","アルセウス","Arceus","아르세우스","阿爾宙斯","Arceus","Arceus","Arceus","Arceus","Arceus","アルセウス","阿尔宙斯"
"494","victini","ビクティニ","Victini","비크티니","比克提尼","Victini","Victini","Victini","Victini","Victini","ビクティニ","比克提尼"
"495","snivy","ツタージャ","Tsutarja","주리비얀","藤藤蛇","Vipélierre","Serpifeu","Snivy","Snivy","Snivy","ツタージャ","藤藤蛇"
"496","servine","ジャノビー","Janovy","샤비","青藤蛇","Lianaja","Efoserp","Servine","Servine","Servine","ジャノビー","青藤蛇"
"497","serperior","ジャローダ","Jalorda","샤로다","君主蛇","Majaspic","Serpiroyal","Serperior","Serperior","Serperior","ジャローダ","君主蛇"
"498","tepig","ポカブ","Pokabu","뚜꾸리","暖暖豬","Gruikui","Floink","Tepig","Tepig","Tepig","ポカブ","暖暖猪"
"499","pignite","チャオブー","Chaoboo","차오꿀","炒炒豬","Grotichon","Ferkokel","Pignite","Pignite","Pignite","チャオブー","炒炒猪"
"500","emboar","エンブオー","Enbuoh","염무왕","炎武王","Roitiflam","Flambirex","Emboar","Emboar","Emboar","エンブオー","炎武王"
"501","oshawott","ミジュマル","Mijumaru","수댕이","水水獺","Moustillon","Ottaro","Oshawott","Oshawott","Oshawott","ミジュマル","水水獭"
"502","dewott","フタチマル","Futachimaru","쌍검자비","雙刃丸","Mateloutre","Zwottronin","Dewott","Dewott","Dewott","フタチマル","双刃丸"
"503","samurott","ダイケンキ","Daikenki","대검귀","大劍鬼","Clamiral","Admurai","Samurott","Samurott","Samurott","ダイケンキ","大剑鬼"
"504","patrat","ミネズミ","Minezumi","보르쥐","探探鼠","Ratentif","Nagelotz","Patrat","Patrat","Patrat","ミネズミ","探探鼠"
"505","watchog","ミルホッグ","Miruhog","보르그","步哨鼠","Miradar","Kukmarda","Watchog","Watchog","Watchog","ミルホッグ","步哨鼠"
"506","lillipup","ヨーテリー","Yorterrie","요테리","小約克","Ponchiot","Yorkleff","Lillipup","Lillipup","Lillipup","ヨーテリー","小约克"
"507","herdier","ハーデリア","Herderrie","하데리어","哈約克","Ponchien","Terribark","Herdier","Herdier","Herdier","ハーデリア","哈约克"
"508","stoutland","ムーランド","Mooland","바랜드","長毛狗","Mastouffe","Bissbark","Stoutland","Stoutland","Stoutland","ムーランド","长毛狗"
"509","purrloin","チョロネコ","Choroneko","쌔비냥","扒手貓","Chacripan","Felilou","Purrloin","Purrloin","Purrloin","チョロネコ","扒手猫"
"510","liepard","レパルダス","Lepardas","레파르다스","酷豹","Léopardus","Kleoparda","Liepard","Liepard","Liepard","レパルダス","酷豹"
"511","pansage","ヤナップ","Yanappu","야나프","花椰猴","Feuillajou","Vegimak","Pansage","Pansage","Pansage","ヤナップ","花椰猴"
"512","simisage","ヤナッキー","Yanakkie","야나키","花椰猿","Feuiloutan","Vegichita","Simisage","Simisage","Simisage","ヤナッキー","花椰猿"
"513","pansear","バオップ","Baoppu","바오프","爆香猴","Flamajou","Grillmak","Pansear","Pansear","Pansear","バオップ","爆香猴"
"514","simisear","バオッキー","Baokkie","바오키","爆香猿","Flamoutan","Grillchita","Simisear","Simisear","Simisear","バオッキー","爆香猿"
"515","panpour","ヒヤップ","Hiyappu","앗차프","冷水猴","Flotajou","Sodamak","Panpour","Panpour","Panpour","ヒヤップ","冷水猴"
"516","simipour","ヒヤッキー","Hiyakkie","앗차키","冷水猿","Flotoutan","Sodachita","Simipour","Simipour","Simipour","ヒヤッキー","冷水猿"
"517","munna","ムンナ","Munna","몽나","食夢夢","Munna","Somniam","Munna","Munna","Munna","ムンナ","食梦梦"
"518","musharna","ムシャーナ","Musharna","몽얌나","夢夢蝕","Mushana","Somnivora","Musharna","Musharna","Musharna","ムシャーナ","梦梦蚀"
"519","pidove","マメパト","Mamepato","콩둘기","豆豆鴿","Poichigeon","Dusselgurr","Pidove","Pidove","Pidove","マメパト","豆豆鸽"
"520","tranquill","ハトーボー","Hatoboh","유토브","咕咕鴿","Colombeau","Navitaub","Tranquill","Tranquill","Tranquill","ハトーボー","咕咕鸽"
"521","unfezant","ケンホロウ","Kenhallow","켄호로우","高傲雉雞","Déflaisan","Fasasnob","Unfezant","Unfezant","Unfezant","ケンホロウ","高傲雉鸡"
"522","blitzle","シママ","Shimama","줄뮤마","斑斑馬","Zébibron","Elezeba","Blitzle","Blitzle","Blitzle","シママ","斑斑马"
"523","zebstrika","ゼブライカ","Zebraika","제브라이카","雷電斑馬","Zéblitz","Zebritz","Zebstrika","Zebstrika","Zebstrika","ゼブライカ","雷电斑马"
"524","roggenrola","ダンゴロ","Dangoro","단굴","石丸子","Nodulithe","Kiesling","Roggenrola","Roggenrola","Roggenrola","ダンゴロ","石丸子"
"525","boldore","ガントル","Gantle","암트르","地幔岩","Géolithe","Sedimantur","Boldore","Boldore","Boldore","ガントル","地幔岩"
"526","gigalith","ギガイアス","Gigaiath","기가이어스","龐岩怪","Gigalithe","Brockoloss","Gigalith","Gigalith","Gigalith","ギガイアス","庞岩怪"
"527","woobat","コロモリ","Koromori","또르박쥐","滾滾蝙蝠","Chovsourir","Fleknoil","Woobat","Woobat","Woobat","コロモリ","滚滚蝙蝠"
"528","swoobat","ココロモリ","Kokoromori","맘박쥐","心蝙蝠","Rhinolove","Fletiamo","Swoobat","Swoobat","Swoobat","ココロモリ","心蝙蝠"
"529","drilbur","モグリュー","Mogurew","두더류","螺釘地鼠","Rototaupe","Rotomurf","Drilbur","Drilbur","Drilbur","モグリュー","螺钉地鼠"
"530","excadrill","ドリュウズ","Doryuzu","몰드류","龍頭地鼠","Minotaupe","Stalobor","Excadrill","Excadrill","Excadrill","ドリュウズ","龙头地鼠"
"531","audino","タブンネ","Tabunne","다부니","差不多娃娃","Nanméouïe","Ohrdoch","Audino","Audino","Audino","タブンネ","差不多娃娃"
"532","timburr","ドッコラー","Dokkorer","으랏차","搬運小匠","Charpenti","Praktibalk","Timburr","Timburr","Timburr","ドッコラー","搬运小匠"
"533","gurdurr","ドテッコツ","Dotekkotsu","토쇠골","鐵骨土人","Ouvrifier","Strepoli","Gurdurr","Gurdurr","Gurdurr","ドテッコツ","铁骨土人"
"534","conkeldurr","ローブシン","Roubushin","노보청","修建老匠","Bétochef","Meistagrif","Conkeldurr","Conkeldurr","Conkeldurr","ローブシン","修建老匠"
"535","tympole","オタマロ","Otamaro","동챙이","圓蝌蚪","Tritonde","Schallquap","Tympole","Tympole","Tympole","オタマロ","圆蝌蚪"
"536","palpitoad","ガマガル","Gamagaru","두까비","藍蟾蜍","Batracné","Mebrana","Palpitoad","Palpitoad","Palpitoad","ガマガル","蓝蟾蜍"
"537","seismitoad","ガマゲロゲ","Gamageroge","두빅굴","蟾蜍王","Crapustule","Branawarz","Seismitoad","Seismitoad","Seismitoad","ガマゲロゲ","蟾蜍王"
"538","throh","ナゲキ","Nageki","던지미","投摔鬼","Judokrak","Jiutesto","Throh","Throh","Throh","ナゲキ","投摔鬼"
"539","sawk","ダゲキ","Dageki","타격귀","打擊鬼","Karaclée","Karadonis","Sawk","Sawk","Sawk","ダゲキ","打击鬼"
"540","sewaddle","クルミル","Kurumiru","두르보","蟲寶包","Larveyette","Strawickl","Sewaddle","Sewaddle","Sewaddle","クルミル","虫宝包"
"541","swadloon","クルマユ","Kurumayu","두르쿤","寶包繭","Couverdure","Folikon","Swadloon","Swadloon","Swadloon","クルマユ","宝包茧"
"542","leavanny","ハハコモリ","Hahakomori","모아머","保母蟲","Manternel","Matrifol","Leavanny","Leavanny","Leavanny","ハハコモリ","保姆虫"
"543","venipede","フシデ","Fushide","마디네","百足蜈蚣","Venipatte","Toxiped","Venipede","Venipede","Venipede","フシデ","百足蜈蚣"
"544","whirlipede","ホイーガ","Wheega","휠구","車輪毬","Scobolide","Rollum","Whirlipede","Whirlipede","Whirlipede","ホイーガ","车轮球"
"545","scolipede","ペンドラー","Pendror","펜드라","蜈蚣王","Brutapode","Cerapendra","Scolipede","Scolipede","Scolipede","ペンドラー","蜈蚣王"
"546","cottonee","モンメン","Monmen","소미안","木棉球","Doudouvet","Waumboll","Cottonee","Cottonee","Cottonee","モンメン","木棉球"
"547","whimsicott","エルフーン","Elfuun","엘풍","風妖精","Farfaduvet","Elfun","Whimsicott","Whimsicott","Whimsicott","エルフーン","风妖精"
"548","petilil","チュリネ","Churine","치릴리","百合根娃娃","Chlorobule","Lilminip","Petilil","Petilil","Petilil","チュリネ","百合根娃娃"
"549","lilligant","ドレディア","Dredear","드레디어","裙兒小姐","Fragilady","Dressella","Lilligant","Lilligant","Lilligant","ドレディア","裙儿小姐"
"550","basculin","バスラオ","Bassrao","배쓰나이","野蠻鱸魚","Bargantua","Barschuft","Basculin","Basculin","Basculin","バスラオ","野蛮鲈鱼"
"551","sandile","メグロコ","Meguroco","깜눈크","黑眼鱷","Mascaïman","Ganovil","Sandile","Sandile","Sandile","メグロコ","黑眼鳄"
"552","krokorok","ワルビル","Waruvile","악비르","混混鱷","Escroco","Rokkaiman","Krokorok","Krokorok","Krokorok","ワルビル","混混鳄"
"553","krookodile","ワルビアル","Waruvial","악비아르","流氓鱷","Crocorible","Rabigator","Krookodile","Krookodile","Krookodile","ワルビアル","流氓鳄"
"554","darumaka","ダルマッカ","Darumakka","달막화","火紅不倒翁","Darumarond","Flampion","Darumaka","Darumaka","Darumaka","ダルマッカ","火红不倒翁"
"555","darmanitan","ヒヒダルマ","Hihidaruma","불비달마","達摩狒狒","Darumacho","Flampivian","Darmanitan","Darmanitan","Darmanitan","ヒヒダルマ","达摩狒狒"
"556","maractus","マラカッチ","Maracacchi","마라카치","沙鈴仙人掌","Maracachi","Maracamba","Maractus","Maractus","Maractus","マラカッチ","沙铃仙人掌"
"557","dwebble","イシズマイ","Ishizumai","돌살이","石居蟹","Crabicoque","Lithomith","Dwebble","Dwebble","Dwebble","イシズマイ","石居蟹"
"558","crustle","イワパレス","Iwapalace","암팰리스","岩殿居蟹","Crabaraque","Castellith","Crustle","Crustle","Crustle","イワパレス","岩殿居蟹"
"559","scraggy","ズルッグ","Zuruggu","곤율랭","滑滑小子","Baggiguane","Zurrokex","Scraggy","Scraggy","Scraggy","ズルッグ","滑滑小子"
"560","scrafty","ズルズキン","Zuruzukin","곤율거니","頭巾混混","Baggaïd","Irokex","Scrafty","Scrafty","Scrafty","ズルズキン","头巾混混"
"561","sigilyph","シンボラー","Symboler","심보러","象徵鳥","Cryptéro","Symvolara","Sigilyph","Sigilyph","Sigilyph","シンボラー","象征鸟"
"562","yamask","デスマス","Desumasu","데스마스","哭哭面具","Tutafeh","Makabaja","Yamask","Yamask","Yamask","デスマス","哭哭面具"
"563","cofagrigus","デスカーン","Desukarn","데스니칸","死神棺","Tutankafer","Echnatoll","Cofagrigus","Cofagrigus","Cofagrigus","デスカーン","迭失棺"
"564","tirtouga","プロトーガ","Protoga","프로토가","原蓋海龜","Carapagos","Galapaflos","Tirtouga","Tirtouga","Tirtouga","プロトーガ","原盖海龟"
"565","carracosta","アバゴーラ","Abagoura","늑골라","肋骨海龜","Mégapagos","Karippas","Carracosta","Carracosta","Carracosta","アバゴーラ","肋骨海龟"
"566","archen","アーケン","Archen","아켄","始祖小鳥","Arkéapti","Flapteryx","Archen","Archen","Archen","アーケン","始祖小鸟"
"567","archeops","アーケオス","Archeos","아케오스","始祖大鳥","Aéroptéryx","Aeropteryx","Archeops","Archeops","Archeops","アーケオス","始祖大鸟"
"568","trubbish","ヤブクロン","Yabukuron","깨봉이","破破袋","Miamiasme","Unratütox","Trubbish","Trubbish","Trubbish","ヤブクロン","破破袋"
"569","garbodor","ダストダス","Dustdas","더스트나","灰塵山","Miasmax","Deponitox","Garbodor","Garbodor","Garbodor","ダストダス","灰尘山"
"570","zorua","ゾロア","Zorua","조로아","索羅亞","Zorua","Zorua","Zorua","Zorua","Zorua","ゾロア","索罗亚"
"571","zoroark","ゾロアーク","Zoroark","조로아크","索羅亞克","Zoroark","Zoroark","Zoroark","Zoroark","Zoroark","ゾロアーク","索罗亚克"
"572","minccino","チラーミィ","Chillarmy","치라미","泡沫栗鼠","Chinchidou","Picochilla","Minccino","Minccino","Minccino","チラーミィ","泡沫栗鼠"
"573","cinccino","チラチーノ","Chillaccino","치라치노","奇諾栗鼠","Pashmilla","Chillabell","Cinccino","Cinccino","Cinccino","チラチーノ","奇诺栗鼠"
"574","gothita","ゴチム","Gothimu","고디탱","哥德寶寶","Scrutella","Mollimorba","Gothita","Gothita","Gothita","ゴチム","哥德宝宝"
"575","gothorita","ゴチミル","Gothimiru","고디보미","哥德小童","Mesmérella","Hypnomorba","Gothorita","Gothorita","Gothorita","ゴチミル","哥德小童"
"576","gothitelle","ゴチルゼル","Gothiruselle","고디모아젤","哥德小姐","Sidérella","Morbitesse","Gothitelle","Gothitelle","Gothitelle","ゴチルゼル","哥德小姐"
"577","solosis","ユニラン","Uniran","유니란","單卵細胞球","Nucléos","Monozyto","Solosis","Solosis","Solosis","ユニラン","单卵细胞球"
"578","duosion","ダブラン","Doublan","듀란","雙卵細胞球","Méios","Mitodos","Duosion","Duosion","Duosion","ダブラン","双卵细胞球"
"579","reuniclus","ランクルス","Lanculus","란쿨루스","人造細胞卵","Symbios","Zytomega","Reuniclus","Reuniclus","Reuniclus","ランクルス","人造细胞卵"
"580","ducklett","コアルヒー","Koaruhie","꼬지보리","鴨寶寶","Couaneton","Piccolente","Ducklett","Ducklett","Ducklett","コアルヒー","鸭宝宝"
"581","swanna","スワンナ","Swanna","스완나","舞天鵝","Lakmécygne","Swaroness","Swanna","Swanna","Swanna","スワンナ","舞天鹅"
"582","vanillite","バニプッチ","Vanipeti","바닐프티","迷你冰","Sorbébé","Gelatini","Vanillite","Vanillite","Vanillite","バニプッチ","迷你冰"
"583","vanillish","バニリッチ","Vanirich","바닐리치","多多冰","Sorboul","Gelatroppo","Vanillish","Vanillish","Vanillish","バニリッチ","多多冰"
"584","vanilluxe","バイバニラ","Baivanilla","배바닐라","雙倍多多冰","Sorbouboul","Gelatwino","Vanilluxe","Vanilluxe","Vanilluxe","バイバニラ","双倍多多冰"
"585","deerling","シキジカ","Shikijika","사철록","四季鹿","Vivaldaim","Sesokitz","Deerling","Deerling","Deerling","シキジカ","四季鹿"
"586","sawsbuck","メブキジカ","Mebukijika","바라철록","萌芽鹿","Haydaim","Kronjuwild","Sawsbuck","Sawsbuck","Sawsbuck","メブキジカ","萌芽鹿"
"587","emolga","エモンガ","Emonga","에몽가","電飛鼠","Emolga","Emolga","Emolga","Emolga","Emolga","エモンガ","电飞鼠"
"588","karrablast","カブルモ","Kaburumo","딱정곤","蓋蓋蟲","Carabing","Laukaps","Karrablast","Karrablast","Karrablast","カブルモ","盖盖虫"
"589","escavalier","シュバルゴ","Chevargo","슈바르고","騎士蝸牛","Lançargot","Cavalanzas","Escavalier","Escavalier","Escavalier","シュバルゴ","骑士蜗牛"
"590","foongus","タマゲタケ","Tamagetake","깜놀버슬","哎呀球菇","Trompignon","Tarnpignon","Foongus","Foongus","Foongus","タマゲタケ","哎呀球菇"
"591","amoonguss","モロバレル","Morobareru","뽀록나","敗露球菇","Gaulet","Hutsassa","Amoonguss","Amoonguss","Amoonguss","モロバレル","败露球菇"
"592","frillish","プルリル","Pururill","탱그릴","輕飄飄","Viskuse","Quabbel","Frillish","Frillish","Frillish","プルリル","轻飘飘"
"593","jellicent","ブルンゲル","Burungel","탱탱겔","胖嘟嘟","Moyade","Apoquallyp","Jellicent","Jellicent","Jellicent","ブルンゲル","胖嘟嘟"
"594","alomomola","ママンボウ","Mamanbou","맘복치","保母曼波","Mamanbo","Mamolida","Alomomola","Alomomola","Alomomola","ママンボウ","保姆曼波"
"595","joltik","バチュル","Bachuru","파쪼옥","電電蟲","Statitik","Wattzapf","Joltik","Joltik","Joltik","バチュル","电电虫"
"596","galvantula","デンチュラ","Dentula","전툴라","電蜘蛛","Mygavolt","Voltula","Galvantula","Galvantula","Galvantula","デンチュラ","电蜘蛛"
"597","ferroseed","テッシード","Tesseed","철시드","種子鐵球","Grindur","Kastadur","Ferroseed","Ferroseed","Ferroseed","テッシード","种子铁球"
"598","ferrothorn","ナットレイ","Nutrey","너트령","堅果啞鈴","Noacier","Tentantel","Ferrothorn","Ferrothorn","Ferrothorn","ナットレイ","坚果哑铃"
"599","klink","ギアル","Giaru","기어르","齒輪兒","Tic","Klikk","Klink","Klink","Klink","ギアル","齿轮儿"
"600","klang","ギギアル","Gigiaru","기기어르","齒輪組","Clic","Kliklak","Klang","Klang","Klang","ギギアル","齿轮组"
"601","klinklang","ギギギアル","Gigigiaru","기기기어르","齒輪怪","Cliticlic","Klikdiklak","Klinklang","Klinklang","Klinklang","ギギギアル","齿轮怪"
"602","tynamo","シビシラス","Shibishirasu","저리어","麻麻小魚","Anchwatt","Zapplardin","Tynamo","Tynamo","Tynamo","シビシラス","麻麻小鱼"
"603","eelektrik","シビビール","Shibibeel","저리릴","麻麻鰻","Lampéroie","Zapplalek","Eelektrik","Eelektrik","Eelektrik","シビビール","麻麻鳗"
"604","eelektross","シビルドン","Shibirudon","저리더프","麻麻鰻魚王","Ohmassacre","Zapplarang","Eelektross","Eelektross","Eelektross","シビルドン","麻麻鳗鱼王"
"605","elgyem","リグレー","Ligray","리그레","小灰怪","Lewsor","Pygraulon","Elgyem","Elgyem","Elgyem","リグレー","小灰怪"
"606","beheeyem","オーベム","Ohbem","벰크","大宇怪","Neitram","Megalon","Beheeyem","Beheeyem","Beheeyem","オーベム","大宇怪"
"607","litwick","ヒトモシ","Hitomoshi","불켜미","燭光靈","Funécire","Lichtel","Litwick","Litwick","Litwick","ヒトモシ","烛光灵"
"608","lampent","ランプラー","Lampler","램프라","燈火幽靈","Mélancolux","Laternecto","Lampent","Lampent","Lampent","ランプラー","灯火幽灵"
"609","chandelure","シャンデラ","Chandela","샹델라","水晶燈火靈","Lugulabre","Skelabra","Chandelure","Chandelure","Chandelure","シャンデラ","水晶灯火灵"
"610","axew","キバゴ","Kibago","터검니","牙牙","Coupenotte","Milza","Axew","Axew","Axew","キバゴ","牙牙"
"611","fraxure","オノンド","Onondo","액슨도","斧牙龍","Incisache","Sharfax","Fraxure","Fraxure","Fraxure","オノンド","斧牙龙"
"612","haxorus","オノノクス","Ononokus","액스라이즈","雙斧戰龍","Tranchodon","Maxax","Haxorus","Haxorus","Haxorus","オノノクス","双斧战龙"
"613","cubchoo","クマシュン","Kumasyun","코고미","噴嚏熊","Polarhume","Petznief","Cubchoo","Cubchoo","Cubchoo","クマシュン","喷嚏熊"
"614","beartic","ツンベアー","Tunbear","툰베어","凍原熊","Polagriffe","Siberio","Beartic","Beartic","Beartic","ツンベアー","冻原熊"
"615","cryogonal","フリージオ","Freegeo","프리지오","幾何雪花","Hexagel","Frigometri","Cryogonal","Cryogonal","Cryogonal","フリージオ","几何雪花"
"616","shelmet","チョボマキ","Chobomaki","쪼마리","小嘴蝸","Escargaume","Schnuthelm","Shelmet","Shelmet","Shelmet","チョボマキ","小嘴蜗"
"617","accelgor","アギルダー","Agilder","어지리더","敏捷蟲","Limaspeed","Hydragil","Accelgor","Accelgor","Accelgor","アギルダー","敏捷虫"
"618","stunfisk","マッギョ","Maggyo","메더","泥巴魚","Limonde","Flunschlik","Stunfisk","Stunfisk","Stunfisk","マッギョ","泥巴鱼"
"619","mienfoo","コジョフー","Kojofu","비조푸","功夫鼬","Kungfouine","Lin-Fu","Mienfoo","Mienfoo","Mienfoo","コジョフー","功夫鼬"
"620","mienshao","コジョンド","Kojondo","비조도","師父鼬","Shaofouine","Wie-Shu","Mienshao","Mienshao","Mienshao","コジョンド","师父鼬"
"621","druddigon","クリムガン","Crimgan","크리만","赤面龍","Drakkarmin","Shardrago","Druddigon","Druddigon","Druddigon","クリムガン","赤面龙"
"622","golett","ゴビット","Gobit","골비람","泥偶小人","Gringolem","Golbit","Golett","Golett","Golett","ゴビット","泥偶小人"
"623","golurk","ゴルーグ","Goloog","골루그","泥偶巨人","Golemastoc","Golgantes","Golurk","Golurk","Golurk","ゴルーグ","泥偶巨人"
"624","pawniard","コマタナ","Komatana","자망칼","駒刀小兵","Scalpion","Gladiantri","Pawniard","Pawniard","Pawniard","コマタナ","驹刀小兵"
"625","bisharp","キリキザン","Kirikizan","절각참","劈斬司令","Scalproie","Caesurio","Bisharp","Bisharp","Bisharp","キリキザン","劈斩司令"
"626","bouffalant","バッフロン","Buffron","버프론","爆炸頭水牛","Frison","Bisofank","Bouffalant","Bouffalant","Bouffalant","バッフロン","爆炸头水牛"
"627","rufflet","ワシボン","Washibon","수리둥보","毛頭小鷹","Furaiglon","Geronimatz","Rufflet","Rufflet","Rufflet","ワシボン","毛头小鹰"
"628","braviary","ウォーグル","Warrgle","워글","勇士雄鷹","Gueriaigle","Washakwil","Braviary","Braviary","Braviary","ウォーグル","勇士雄鹰"
"629","vullaby","バルチャイ","Valchai","벌차이","禿鷹丫頭","Vostourno","Skallyk","Vullaby","Vullaby","Vullaby","バルチャイ","秃鹰丫头"
"630","mandibuzz","バルジーナ","Vulgina","버랜지나","禿鷹娜","Vaututrice","Grypheldis","Mandibuzz","Mandibuzz","Mandibuzz","バルジーナ","秃鹰娜"
"631","heatmor","クイタラン","Kuitaran","앤티골","熔蟻獸","Aflamanoir","Furnifraß","Heatmor","Heatmor","Heatmor","クイタラン","熔蚁兽"
"632","durant","アイアント","Aiant","아이앤트","鐵蟻","Fermite","Fermicula","Durant","Durant","Durant","アイアント","铁蚁"
"633","deino","モノズ","Monozu","모노두","單首龍","Solochi","Kapuno","Deino","Deino","Deino","モノズ","单首龙"
"634","zweilous","ジヘッド","Dihead","디헤드","雙首暴龍","Diamat","Duodino","Zweilous","Zweilous","Zweilous","ジヘッド","双首暴龙"
"635","hydreigon","サザンドラ","Sazandora","삼삼드래","三首惡龍","Trioxhydre","Trikephalo","Hydreigon","Hydreigon","Hydreigon","サザンドラ","三首恶龙"
"636","larvesta","メラルバ","Merlarva","활화르바","燃燒蟲","Pyronille","Ignivor","Larvesta","Larvesta","Larvesta","メラルバ","燃烧虫"
"637","volcarona","ウルガモス","Ulgamoth","불카모스","火神蛾","Pyrax","Ramoth","Volcarona","Volcarona","Volcarona","ウルガモス","火神蛾"
"638","cobalion","コバルオン","Cobalon","코바르온","勾帕路翁","Cobaltium","Kobalium","Cobalion","Cobalion","Cobalion","コバルオン","勾帕路翁"
"639","terrakion","テラキオン","Terrakion","테라키온","代拉基翁","Terrakium","Terrakium","Terrakion","Terrakion","Terrakion","テラキオン","代拉基翁"
"640","virizion","ビリジオン","Virizion","비리디온","畢力吉翁","Viridium","Viridium","Virizion","Virizion","Virizion","ビリジオン","毕力吉翁"
"641","tornadus","トルネロス","Tornelos","토네로스","龍捲雲","Boréas","Boreos","Tornadus","Tornadus","Tornadus","トルネロス","龙卷云"
"642","thundurus","ボルトロス","Voltolos","볼트로스","雷電雲","Fulguris","Voltolos","Thundurus","Thundurus","Thundurus","ボルトロス","雷电云"
"643","reshiram","レシラム","Reshiram","레시라무","萊希拉姆","Reshiram","Reshiram","Reshiram","Reshiram","Reshiram","レシラム","莱希拉姆"
"644","zekrom","ゼクロム","Zekrom","제크로무","捷克羅姆","Zekrom","Zekrom","Zekrom","Zekrom","Zekrom","ゼクロム","捷克罗姆"
"645","landorus","ランドロス","Landlos","랜드로스","土地雲","Démétéros","Demeteros","Landorus","Landorus","Landorus","ランドロス","土地云"
"646","kyurem","キュレム","Kyurem","큐레무","酋雷姆","Kyurem","Kyurem","Kyurem","Kyurem","Kyurem","キュレム","酋雷姆"
"647","keldeo","ケルディオ","Keldeo","케르디오","凱路迪歐","Keldeo","Keldeo","Keldeo","Keldeo","Keldeo","ケルディオ","凯路迪欧"
"648","meloetta","メロエッタ","Meloetta","메로엣타","美洛耶塔","Meloetta","Meloetta","Meloetta","Meloetta","Meloetta","メロエッタ","美洛耶塔"
"649","genesect","ゲノセクト","Genesect","게노세크트","蓋諾賽克特","Genesect","Genesect","Genesect","Genesect","Genesect","ゲノセクト","盖诺赛克特"
"650","chespin","ハリマロン","Harimaron","도치마론","哈力栗","Marisson","Igamaro","Chespin","Chespin","Chespin","ハリマロン","哈力栗"
"651","quilladin","ハリボーグ","Hariborg","도치보구","胖胖哈力","Boguérisse","Igastarnish","Quilladin","Quilladin","Quilladin","ハリボーグ","胖胖哈力"
"652","chesnaught","ブリガロン","Brigarron","브리가론","布里卡隆","Blindépique","Brigaron","Chesnaught","Chesnaught","Chesnaught","ブリガロン","布里卡隆"
"653","fennekin","フォッコ","Fokko","푸호꼬","火狐狸","Feunnec","Fynx","Fennekin","Fennekin","Fennekin","フォッコ","火狐狸"
"654","braixen","テールナー","Tairenar","테르나","長尾火狐","Roussil","Rutena","Braixen","Braixen","Braixen","テールナー","长尾火狐"
"655","delphox","マフォクシー","Mahoxy","마폭시","妖火紅狐","Goupelin","Fennexis","Delphox","Delphox","Delphox","マフォクシー","妖火红狐"
"656","froakie","ケロマツ","Keromatsu","개구마르","呱呱泡蛙","Grenousse","Froxy","Froakie","Froakie","Froakie","ケロマツ","呱呱泡蛙"
"657","frogadier","ゲコガシラ","Gekogashira","개굴반장","呱頭蛙","Croâporal","Amphizel","Frogadier","Frogadier","Frogadier","ゲコガシラ","呱头蛙"
"658","greninja","ゲッコウガ","Gekkouga","개굴닌자","甲賀忍蛙","Amphinobi","Quajutsu","Greninja","Greninja","Greninja","ゲッコウガ","甲贺忍蛙"
"659","bunnelby","ホルビー","Horubee","파르빗","掘掘兔","Sapereau","Scoppel","Bunnelby","Bunnelby","Bunnelby","ホルビー","掘掘兔"
"660","diggersby","ホルード","Horudo","파르토","掘地兔","Excavarenne","Grebbit","Diggersby","Diggersby","Diggersby","ホルード","掘地兔"
"661","fletchling","ヤヤコマ","Yayakoma","화살꼬빈","小箭雀","Passerouge","Dartiri","Fletchling","Fletchling","Fletchling","ヤヤコマ","小箭雀"
"662","fletchinder","ヒノヤコマ","Hinoyakoma","불화살빈","火箭雀","Braisillon","Dartignis","Fletchinder","Fletchinder","Fletchinder","ヒノヤコマ","火箭雀"
"663","talonflame","ファイアロー","Fiarrow","파이어로","烈箭鷹","Flambusard","Fiaro","Talonflame","Talonflame","Talonflame","ファイアロー","烈箭鹰"
"664","scatterbug","コフキムシ","Kofukimushi","분이벌레","粉蝶蟲","Lépidonille","Purmel","Scatterbug","Scatterbug","Scatterbug","コフキムシ","粉蝶虫"
"665","spewpa","コフーライ","Kofuurai","분떠도리","粉蝶蛹","Pérégrain","Puponcho","Spewpa","Spewpa","Spewpa","コフーライ","粉蝶蛹"
"666","vivillon","ビビヨン","Viviyon","비비용","彩粉蝶","Prismillon","Vivillon","Vivillon","Vivillon","Vivillon","ビビヨン","彩粉蝶"
"667","litleo","シシコ","Shishiko","레오꼬","小獅獅","Hélionceau","Leufeo","Litleo","Litleo","Litleo","シシコ","小狮狮"
"668","pyroar","カエンジシ","Kaenjishi","화염레오","火炎獅","Némélios","Pyroleo","Pyroar","Pyroar","Pyroar","カエンジシ","火炎狮"
"669","flabebe","フラベベ","Flabebe","플라베베","花蓓蓓","Flabébé","Flabébé","Flabébé","Flabébé","Flabébé","フラベベ","花蓓蓓"
"670","floette","フラエッテ","Floette","플라엣테","花葉蒂","Floette","Floette","Floette","Floette","Floette","フラエッテ","花叶蒂"
"671","florges","フラージェス","Florges","플라제스","花潔夫人","Florges","Florges","Florges","Florges","Florges","フラージェス","花洁夫人"
"672","skiddo","メェークル","Meecle","메이클","坐騎小羊","Cabriolaine","Mähikel","Skiddo","Skiddo","Skiddo","メェークル","坐骑小羊"
"673","gogoat","ゴーゴート","Gogoat","고고트","坐騎山羊","Chevroum","Chevrumm","Gogoat","Gogoat","Gogoat","ゴーゴート","坐骑山羊"
"674","pancham","ヤンチャム","Yancham","판짱","頑皮熊貓","Pandespiègle","Pam-Pam","Pancham","Pancham","Pancham","ヤンチャム","顽皮熊猫"
"675","pangoro","ゴロンダ","Goronda","부란다","流氓熊貓","Pandarbare","Pandagro","Pangoro","Pangoro","Pangoro","ゴロンダ","霸道熊猫"
"676","furfrou","トリミアン","Trimmien","트리미앙","多麗米亞","Couafarel","Coiffwaff","Furfrou","Furfrou","Furfrou","トリミアン","多丽米亚"
"677","espurr","ニャスパー","Nyasper","냐스퍼","妙喵","Psystigri","Psiau","Espurr","Espurr","Espurr","ニャスパー","妙喵"
"678","meowstic","ニャオニクス","Nyaonix","냐오닉스","超能妙喵","Mistigrix","Psiaugon","Meowstic","Meowstic","Meowstic","ニャオニクス","超能妙喵"
"679","honedge","ヒトツキ","Hitotsuki","단칼빙","獨劍鞘","Monorpale","Gramokles","Honedge","Honedge","Honedge","ヒトツキ","独剑鞘"
"680","doublade","ニダンギル","Nidangill","쌍검킬","雙劍鞘","Dimoclès","Duokles","Doublade","Doublade","Doublade","ニダンギル","双剑鞘"
"681","aegislash","ギルガルド","Gillgard","킬가르도","堅盾劍怪","Exagide","Durengard","Aegislash","Aegislash","Aegislash","ギルガルド","坚盾剑怪"
"682","spritzee","シュシュプ","Shushupu","슈쁘","粉香香","Fluvetin","Parfi","Spritzee","Spritzee","Spritzee","シュシュプ","粉香香"
"683","aromatisse","フレフワン","Frefuwan","프레프티르","芳香精","Cocotine","Parfinesse","Aromatisse","Aromatisse","Aromatisse","フレフワン","芳香精"
"684","swirlix","ペロッパフ","Peroppafu","나룸퍼프","綿綿泡芙","Sucroquin","Flauschling","Swirlix","Swirlix","Swirlix","ペロッパフ","绵绵泡芙"
"685","slurpuff","ペロリーム","Peroream","나루림","胖甜妮","Cupcanaille","Sabbaione","Slurpuff","Slurpuff","Slurpuff","ペロリーム","胖甜妮"
"686","inkay","マーイーカ","Maaiika","오케이징","好啦魷","Sepiatop","Iscalar","Inkay","Inkay","Inkay","マーイーカ","好啦鱿"
"687","malamar","カラマネロ","Calamanero","칼라마네로","烏賊王","Sepiatroce","Calamanero","Malamar","Malamar","Malamar","カラマネロ","乌贼王"
"688","binacle","カメテテ","Kametete","거북손손","龜腳腳","Opermine","Bithora","Binacle","Binacle","Binacle","カメテテ","龟脚脚"
"689","barbaracle","ガメノデス","Gamenodes","거북손데스","龜足巨鎧","Golgopathe","Thanathora","Barbaracle","Barbaracle","Barbaracle","ガメノデス","龟足巨铠"
"690","skrelp","クズモー","Kuzumo","수레기","垃垃藻","Venalgue","Algitt","Skrelp","Skrelp","Skrelp","クズモー","垃垃藻"
"691","dragalge","ドラミドロ","Dramidoro","드래캄","毒藻龍","Kravarech","Tandrak","Dragalge","Dragalge","Dragalge","ドラミドロ","毒藻龙"
"692","clauncher","ウデッポウ","Udeppou","완철포","鐵臂槍蝦","Flingouste","Scampisto","Clauncher","Clauncher","Clauncher","ウデッポウ","铁臂枪虾"
"693","clawitzer","ブロスター","Bloster","블로스터","鋼炮臂蝦","Gamblast","Wummer","Clawitzer","Clawitzer","Clawitzer","ブロスター","钢炮臂虾"
"694","helioptile","エリキテル","Erikiteru","목도리키텔","傘電蜥","Galvaran","Eguana","Helioptile","Helioptile","Helioptile","エリキテル","伞电蜥"
"695","heliolisk","エレザード","Elezard","일레도리자드","光電傘蜥","Iguolta","Elezard","Heliolisk","Heliolisk","Heliolisk","エレザード","光电伞蜥"
"696","tyrunt","チゴラス","Chigoras","티고라스","寶寶暴龍","Ptyranidur","Balgoras","Tyrunt","Tyrunt","Tyrunt","チゴラス","宝宝暴龙"
"697","tyrantrum","ガチゴラス","Gachigoras","견고라스","怪顎龍","Rexillius","Monargoras","Tyrantrum","Tyrantrum","Tyrantrum","ガチゴラス","怪颚龙"
"698","amaura","アマルス","Amarus","아마루스","冰雪龍","Amagara","Amarino","Amaura","Amaura","Amaura","アマルス","冰雪龙"
"699","aurorus","アマルルガ","Amaruruga","아마루르가","冰雪巨龍","Dragmara","Amagarga","Aurorus","Aurorus","Aurorus","アマルルガ","冰雪巨龙"
"700","sylveon","ニンフィア","Nymphia","님피아","仙子伊布","Nymphali","Feelinara","Sylveon","Sylveon","Sylveon","ニンフィア","仙子伊布"
"701","hawlucha","ルチャブル","Luchabull","루차불","摔角鷹人","Brutalibré","Resladero","Hawlucha","Hawlucha","Hawlucha","ルチャブル","摔角鹰人"
"702","dedenne","デデンネ","Dedenne","데덴네","咚咚鼠","Dedenne","Dedenne","Dedenne","Dedenne","Dedenne","デデンネ","咚咚鼠"
"703","carbink","メレシー","Melecie","멜리시","小碎鑽","Strassie","Rocara","Carbink","Carbink","Carbink","メレシー","小碎钻"
"704","goomy","ヌメラ","Numera","미끄메라","黏黏寶","Mucuscule","Viscora","Goomy","Goomy","Goomy","ヌメラ","黏黏宝"
"705","sliggoo","ヌメイル","Numeil","미끄네일","黏美兒","Colimucus","Viscargot","Sliggoo","Sliggoo","Sliggoo","ヌメイル","黏美儿"
"706","goodra","ヌメルゴン","Numelgon","미끄래곤","黏美龍","Muplodocus","Viscogon","Goodra","Goodra","Goodra","ヌメルゴン","黏美龙"
"707","klefki","クレッフィ","Cleffy","클레피","鑰圈兒","Trousselin","Clavion","Klefki","Klefki","Klefki","クレッフィ","钥圈儿"
"708","phantump","ボクレー","Bokurei","나목령","小木靈","Brocélôme","Paragoni","Phantump","Phantump","Phantump","ボクレー","小木灵"
"709","trevenant","オーロット","Ohrot","대로트","朽木妖","Desséliande","Trombork","Trevenant","Trevenant","Trevenant","オーロット","朽木妖"
"710","pumpkaboo","バケッチャ","Bakeccha","호바귀","南瓜精","Pitrouille","Irrbis","Pumpkaboo","Pumpkaboo","Pumpkaboo","バケッチャ","南瓜精"
"711","gourgeist","パンプジン","Pumpjin","펌킨인","南瓜怪人","Banshitrouye","Pumpdjinn","Gourgeist","Gourgeist","Gourgeist","パンプジン","南瓜怪人"
"712","bergmite","カチコール","Kachikohru","꽁어름","冰寶","Grelaçon","Arktip","Bergmite","Bergmite","Bergmite","カチコール","冰宝"
"713","avalugg","クレベース","Crebase","크레베이스","冰岩怪","Séracrawl","Arktilas","Avalugg","Avalugg","Avalugg","クレベース","冰岩怪"
"714","noibat","オンバット","Onbat","음뱃","嗡蝠","Sonistrelle","eF-eM","Noibat","Noibat","Noibat","オンバット","嗡蝠"
"715","noivern","オンバーン","Onvern","음번","音波龍","Bruyverne","UHaFnir","Noivern","Noivern","Noivern","オンバーン","音波龙"
"716","xerneas","ゼルネアス","Xerneas","제르네아스","哲爾尼亞斯","Xerneas","Xerneas","Xerneas","Xerneas","Xerneas","ゼルネアス","哲尔尼亚斯"
"717","yveltal","イベルタル","Yveltal","이벨타르","伊裴爾塔爾","Yveltal","Yveltal","Yveltal","Yveltal","Yveltal","イベルタル","伊裴尔塔尔"
"718","zygarde","ジガルデ","Zygarde","지가르데","基格爾德","Zygarde","Zygarde","Zygarde","Zygarde","Zygarde","ジガルデ","基格尔德"
"719","diancie","ディアンシー","Diancie","디안시","蒂安希","Diancie","Diancie","Diancie","Diancie","Diancie","ディアンシー","蒂安希"
"720","hoopa","フーパ","Hoopa","후파","胡帕","Hoopa","Hoopa","Hoopa","Hoopa","Hoopa","フーパ","胡帕"
"721","volcanion","ボルケニオン","Volcanion","볼케니온","波爾凱尼恩","Volcanion","Volcanion","Volcanion","Volcanion","Volcanion","ボルケニオン","波尔凯尼恩"
"722","rowlet","モクロー","Mokuroh","나몰빼미","木木梟","Brindibou","Bauz","Rowlet","Rowlet","Rowlet","モクロー","木木枭"
"723","dartrix","フクスロー","Fukuthrow","빼미스로우","投羽梟","Efflèche","Arboretoss","Dartrix","Dartrix","Dartrix","フクスロー","投羽枭"
"724","decidueye","ジュナイパー","Junaiper","모크나이퍼","狙射樹梟","Archéduc","Silvarro","Decidueye","Decidueye","Decidueye","ジュナイパー","狙射树枭"
"725","litten","ニャビー","Nyabby","냐오불","火斑喵","Flamiaou","Flamiau","Litten","Litten","Litten","ニャビー","火斑喵"
"726","torracat","ニャヒート","Nyaheat","냐오히트","炎熱喵","Matoufeu","Miezunder","Torracat","Torracat","Torracat","ニャヒート","炎热喵"
"727","incineroar","ガオガエン","Gaogaen","어흥염","熾焰咆哮虎","Félinferno","Fuegro","Incineroar","Incineroar","Incineroar","ガオガエン","炽焰咆哮虎"
"728","popplio","アシマリ","Ashimari","누리공","球球海獅","Otaquin","Robball","Popplio","Popplio","Popplio","アシマリ","球球海狮"
"729","brionne","オシャマリ","Osyamari","키요공","花漾海獅","Otarlette","Marikeck","Brionne","Brionne","Brionne","オシャマリ","花漾海狮"
"730","primarina","アシレーヌ","Ashirene","누리레느","西獅海壬","Oratoria","Primarene","Primarina","Primarina","Primarina","アシレーヌ","西狮海壬"
"731","pikipek","ツツケラ","Tsutsukera","콕코구리","小篤兒","Picassaut","Peppeck","Pikipek","Pikipek","Pikipek","ツツケラ","小笃儿"
"732","trumbeak","ケララッパ","Kerarappa","크라파","喇叭啄鳥","Piclairon","Trompeck","Trumbeak","Trumbeak","Trumbeak","ケララッパ","喇叭啄鸟"
"733","toucannon","ドデカバシ","Dodekabashi","왕큰부리","銃嘴大鳥","Bazoucan","Tukanon","Toucannon","Toucannon","Toucannon","ドデカバシ","铳嘴大鸟"
"734","yungoos","ヤングース","Youngoose","영구스","貓鼬少","Manglouton","Mangunior","Yungoos","Yungoos","Yungoos","ヤングース","猫鼬少"
"735","gumshoos","デカグース","Dekagoose","형사구스","貓鼬探長","Argouste","Manguspektor","Gumshoos","Gumshoos","Gumshoos","デカグース","猫鼬探长"
"736","grubbin","アゴジムシ","Agojimushi","턱지충이","強顎雞母蟲","Larvibule","Mabula","Grubbin","Grubbin","Grubbin","アゴジムシ","强颚鸡母虫"
"737","charjabug","デンヂムシ","Dendimushi","전지충이","蟲電寶","Chrysapile","Akkup","Charjabug","Charjabug","Charjabug","デンヂムシ","虫电宝"
"738","vikavolt","クワガノン","Kuwagannon","투구뿌논","鍬農炮蟲","Lucanon","Donarion","Vikavolt","Vikavolt","Vikavolt","クワガノン","锹农炮虫"
"739","crabrawler","マケンカニ","Makenkani","오기지게","好勝蟹","Crabagarre","Krabbox","Crabrawler","Crabrawler","Crabrawler","マケンカニ","好胜蟹"
"740","crabominable","ケケンカニ","Kekenkani","모단단게","好勝毛蟹","Crabominable","Krawell","Crabominable","Crabominable","Crabominable","ケケンカニ","好胜毛蟹"
"741","oricorio","オドリドリ","Odoridori","춤추새","花舞鳥","Plumeline","Choreogel","Oricorio","Oricorio","Oricorio","オドリドリ","花舞鸟"
"742","cutiefly","アブリー","Abuly","에블리","萌虻","Bombydou","Wommel","Cutiefly","Cutiefly","Cutiefly","アブリー","萌虻"
"743","ribombee","アブリボン","Aburibbon","에리본","蝶結萌虻","Rubombelle","Bandelby","Ribombee","Ribombee","Ribombee","アブリボン","蝶结萌虻"
"744","rockruff","イワンコ","Iwanko","암멍이","岩狗狗","Rocabot","Wuffels","Rockruff","Rockruff","Rockruff","イワンコ","岩狗狗"
"745","lycanroc","ルガルガン","Lugarugan","루가루암","鬃岩狼人","Lougaroc","Wolwerock","Lycanroc","Lycanroc","Lycanroc","ルガルガン","鬃岩狼人"
"746","wishiwashi","ヨワシ","Yowashi","약어리","弱丁魚","Froussardine","Lusardin","Wishiwashi","Wishiwashi","Wishiwashi","ヨワシ","弱丁鱼"
"747","mareanie","ヒドイデ","Hidoide","시마사리","好壞星","Vorastérie","Garstella","Mareanie","Mareanie","Mareanie","ヒドイデ","好坏星"
"748","toxapex","ドヒドイデ","Dohidoide","더시마사리","超壞星","Prédastérie","Aggrostella","Toxapex","Toxapex","Toxapex","ドヒドイデ","超坏星"
"749","mudbray","ドロバンコ","Dorobanko","머드나기","泥驢仔","Tiboudet","Pampuli","Mudbray","Mudbray","Mudbray","ドロバンコ","泥驴仔"
"750","mudsdale","バンバドロ","Banbadoro","만마드","重泥挽馬","Bourrinos","Pampross","Mudsdale","Mudsdale","Mudsdale","バンバドロ","重泥挽马"
"751","dewpider","シズクモ","Shizukumo","물거미","滴蛛","Araqua","Araqua","Dewpider","Dewpider","Dewpider","シズクモ","滴蛛"
"752","araquanid","オニシズクモ","Onishizukumo","깨비물거미","滴蛛霸","Tarenbulle","Aranestro","Araquanid","Araquanid","Araquanid","オニシズクモ","滴蛛霸"
"753","fomantis","カリキリ","Karikiri","짜랑랑","偽螳草","Mimantis","Imantis","Fomantis","Fomantis","Fomantis","カリキリ","伪螳草"
"754","lurantis","ラランテス","Lalantes","라란티스","蘭螳花","Floramantis","Mantidea","Lurantis","Lurantis","Lurantis","ラランテス","兰螳花"
"755","morelull","ネマシュ","Nemasyu","자마슈","睡睡菇","Spododo","Bubungus","Morelull","Morelull","Morelull","ネマシュ","睡睡菇"
"756","shiinotic","マシェード","Mashade","마셰이드","燈罩夜菇","Lampignon","Lamellux","Shiinotic","Shiinotic","Shiinotic","マシェード","灯罩夜菇"
"757","salandit","ヤトウモリ","Yatoumori","야도뇽","夜盜火蜥","Tritox","Molunk","Salandit","Salandit","Salandit","ヤトウモリ","夜盗火蜥"
"758","salazzle","エンニュート","Ennewt","염뉴트","焰后蜥","Malamandre","Amfira","Salazzle","Salazzle","Salazzle","エンニュート","焰后蜥"
"759","stufful","ヌイコグマ","Nuikoguma","포곰곰","童偶熊","Nounourson","Velursi","Stufful","Stufful","Stufful","ヌイコグマ","童偶熊"
"760","bewear","キテルグマ","Kiteruguma","이븐곰","穿著熊","Chelours","Kosturso","Bewear","Bewear","Bewear","キテルグマ","穿着熊"
"761","bounsweet","アマカジ","Amakaji","달콤아","甜竹竹","Croquine","Frubberl","Bounsweet","Bounsweet","Bounsweet","アマカジ","甜竹竹"
"762","steenee","アママイコ","Amamaiko","달무리나","甜舞妮","Candine","Frubaila","Steenee","Steenee","Steenee","アママイコ","甜舞妮"
"763","tsareena","アマージョ","Amajo","달코퀸","甜冷美后","Sucreine","Fruyal","Tsareena","Tsareena","Tsareena","アマージョ","甜冷美后"
"764","comfey","キュワワー","Cuwawa","큐아링","花療環環","Guérilande","Curelei","Comfey","Comfey","Comfey","キュワワー","花疗环环"
"765","oranguru","ヤレユータン","Yareyuutan","하랑우탄","智揮猩","Gouroutan","Kommandutan","Oranguru","Oranguru","Oranguru","ヤレユータン","智挥猩"
"766","passimian","ナゲツケサル","Nagetukesaru","내던숭이","投擲猴","Quartermac","Quartermak","Passimian","Passimian","Passimian","ナゲツケサル","投掷猴"
"767","wimpod","コソクムシ","Kosokumushi","꼬시레","膽小蟲","Sovkipou","Reißlaus","Wimpod","Wimpod","Wimpod","コソクムシ","胆小虫"
"768","golisopod","グソクムシャ","Gusokumusha","갑주무사","具甲武者","Sarmuraï","Tectass","Golisopod","Golisopod","Golisopod","グソクムシャ","具甲武者"
"769","sandygast","スナバァ","Sunaba","모래꿍","沙丘娃","Bacabouh","Sankabuh","Sandygast","Sandygast","Sandygast","スナバァ","沙丘娃"
"770","palossand","シロデスナ","Sirodethna","모래성이당","噬沙堡爺","Trépassable","Colossand","Palossand","Palossand","Palossand","シロデスナ","噬沙堡爷"
"771","pyukumuku","ナマコブシ","Namakobushi","해무기","拳海參","Concombaffe","Gufa","Pyukumuku","Pyukumuku","Pyukumuku","ナマコブシ","拳海参"
"772","type-null","タイプ：ヌル","Null","타입:널","屬性：空","Type:0","Typ:Null","Código Cero","Tipo Zero","Type: Null","タイプ：ヌル","属性：空"
"773","silvally","シルヴァディ","Silvady","실버디","銀伴戰獸","Silvallié","Amigento","Silvally","Silvally","Silvally","シルヴァディ","银伴战兽"
"774","minior","メテノ","Meteno","메테노","小隕星","Météno","Meteno","Minior","Minior","Minior","メテノ","小陨星"
"775","komala","ネッコアラ","Nekkoara","자말라","樹枕尾熊","Dodoala","Koalelu","Komala","Komala","Komala","ネッコアラ","树枕尾熊"
"776","turtonator","バクガメス","Bakugames","폭거북스","爆焰龜獸","Boumata","Tortunator","Turtonator","Turtonator","Turtonator","バクガメス","爆焰龟兽"
"777","togedemaru","トゲデマル","Togedemaru","토게데마루","托戈德瑪爾","Togedemaru","Togedemaru","Togedemaru","Togedemaru","Togedemaru","トゲデマル","托戈德玛尔"
"778","mimikyu","ミミッキュ","Mimikkyu","따라큐","謎擬Ｑ","Mimiqui","Mimigma","Mimikyu","Mimikyu","Mimikyu","ミミッキュ","谜拟丘"
"779","bruxish","ハギギシリ","Hagigishiri","치갈기","磨牙彩皮魚","Denticrisse","Knirfish","Bruxish","Bruxish","Bruxish","ハギギシリ","磨牙彩皮鱼"
"780","drampa","ジジーロン","Jijilong","할비롱","老翁龍","Draïeul","Sen-Long","Drampa","Drampa","Drampa","ジジーロン","老翁龙"
"781","dhelmise","ダダリン","Dadarin","타타륜","破破舵輪","Sinistrail","Moruda","Dhelmise","Dhelmise","Dhelmise","ダダリン","破破舵轮"
"782","jangmo-o","ジャラコ","Jyarako","짜랑꼬","心鱗寶","Bébécaille","Miniras","Jangmo-o","Jangmo-o","Jangmo-o","ジャラコ","心鳞宝"
"783","hakamo-o","ジャランゴ","Jyarango","짜랑고우","鱗甲龍","Écaïd","Mediras","Hakamo-o","Hakamo-o","Hakamo-o","ジャランゴ","鳞甲龙"
"784","kommo-o","ジャラランガ","Jyararanga","짜랑고우거","杖尾鱗甲龍","Ékaïser","Grandiras","Kommo-o","Kommo-o","Kommo-o","ジャラランガ","杖尾鳞甲龙"
"785","tapu-koko","カプ・コケコ","Kokeko","카푸꼬꼬꼭","卡璞・鳴鳴","Tokorico","Kapu-Riki","Tapu Koko","Tapu Koko","Tapu Koko","カプ・コケコ","卡璞・鸣鸣"
"786","tapu-lele","カプ・テテフ","Tetefu","카푸나비나","卡璞・蝶蝶","Tokopiyon","Kapu-Fala","Tapu Lele","Tapu Lele","Tapu Lele","カプ・テテフ","卡璞・蝶蝶"
"787","tapu-bulu","カプ・ブルル","Bulul","카푸브루루","卡璞・哞哞","Tokotoro","Kapu-Toro","Tapu Bulu","Tapu Bulu","Tapu Bulu","カプ・ブルル","卡璞・哞哞"
"788","tapu-fini","カプ・レヒレ","Rehire","카푸느지느","卡璞・鰭鰭","Tokopisco","Kapu-Kime","Tapu Fini","Tapu Fini","Tapu Fini","カプ・レヒレ","卡璞・鳍鳍"
"789","cosmog","コスモッグ","Cosmog","코스모그","科斯莫古","Cosmog","Cosmog","Cosmog","Cosmog","Cosmog","コスモッグ","科斯莫古"
"790","cosmoem","コスモウム","Cosmovum","코스모움","科斯莫姆","Cosmovum","Cosmovum","Cosmoem","Cosmoem","Cosmoem","コスモウム","科斯莫姆"
"791","solgaleo","ソルガレオ","Solgaleo","솔가레오","索爾迦雷歐","Solgaleo","Solgaleo","Solgaleo","Solgaleo","Solgaleo","ソルガレオ","索尔迦雷欧"
"792","lunala","ルナアーラ","Lunala","루나아라","露奈雅拉","Lunala","Lunala","Lunala","Lunala","Lunala","ルナアーラ","露奈雅拉"
"793","nihilego","ウツロイド","Uturoid","텅비드","虛吾伊德","Zéroïd","Anego","Nihilego","Nihilego","Nihilego","ウツロイド","虚吾伊德"
"794","buzzwole","マッシブーン","Massivoon","매시붕","爆肌蚊","Mouscoto","Masskito","Buzzwole","Buzzwole","Buzzwole","マッシブーン","爆肌蚊"
"795","pheromosa","フェローチェ","Pheroache","페로코체","費洛美螂","Cancrelove","Schabelle","Pheromosa","Pheromosa","Pheromosa","フェローチェ","费洛美螂"
"796","xurkitree","デンジュモク","Denjyumoku","전수목","電束木","Câblifère","Voltriant","Xurkitree","Xurkitree","Xurkitree","デンジュモク","电束木"
"797","celesteela","テッカグヤ","Tekkaguya","철화구야","鐵火輝夜","Bamboiselle","Kaguron","Celesteela","Celesteela","Celesteela","テッカグヤ","铁火辉夜"
"798","kartana","カミツルギ","Kamiturugi","종이신도","紙御劍","Katagami","Katagami","Kartana","Kartana","Kartana","カミツルギ","纸御剑"
"799","guzzlord","アクジキング","Akuziking","악식킹","惡食大王","Engloutyran","Schlingking","Guzzlord","Guzzlord","Guzzlord","アクジキング","恶食大王"
"800","necrozma","ネクロズマ","Necrozma","네크로즈마","奈克洛茲瑪","Necrozma","Necrozma","Necrozma","Necrozma","Necrozma","ネクロズマ","奈克洛兹玛"
"801","magearna","マギアナ","Magearna","마기아나","瑪機雅娜","Magearna","Magearna","Magearna","Magearna","Magearna","マギアナ","玛机雅娜"
"802","marshadow","マーシャドー","Marshadow","마샤도","瑪夏多","Marshadow","Marshadow","Marshadow","Marshadow","Marshadow","マーシャドー","玛夏多"
"803","poipole","ベベノム","Bevenom","베베놈","毒貝比","Vémini","Venicro","Poipole","Poipole","Poipole","ベベノム","毒贝比"
"804","naganadel","アーゴヨン","Agoyon","아고용","四顎針龍","Mandrillon","Agoyon","Naganadel","Naganadel","Naganadel","アーゴヨン","四颚针龙"
"805","stakataka","ツンデツンデ","Tundetunde","차곡차곡","壘磊石","Ama-Ama","Muramura","Stakataka","Stakataka","Stakataka","ツンデツンデ","垒磊石"
"806","blacephalon","ズガドーン","Zugadoon","두파팡","砰頭小丑","Pierroteknik","Kopplosio","Blacephalon","Blacephalon","Blacephalon","ズガドーン","砰头小丑"
"807","zeraora","ゼラオラ","Zeraora","제라오라","捷拉奧拉","Zeraora","Zeraora","Zeraora","Zeraora","Zeraora","ゼラオラ","捷拉奥拉"
"808","meltan","メルタン","Meltan","멜탄","美錄坦","Meltan","Meltan","Meltan","Meltan","Meltan","メルタン","美录坦"
"809","melmetal","メルメタル","Melmetal","멜메탈","美錄梅塔","Melmetal","Melmetal","Melmetal","Melmetal","Melmetal","メルメタル","美录梅塔"
"810","grookey","サルノリ","Sarunori","흥나숭","敲音猴","Ouistempo","Chimpep","Grookey","Grookey","Grookey","サルノリ","敲音猴"
"811","thwackey","バチンキー","Bachinkey","채키몽","啪咚猴","Badabouin","Chimstix","Thwackey","Thwackey","Thwackey","バチンキー","啪咚猴"
"812","rillaboom","ゴリランダー","Gorirander","고릴타","轟擂金剛猩","Gorythmic","Gortrom","Rillaboom","Rillaboom","Rillaboom","ゴリランダー","轰擂金刚猩"
"813","scorbunny","ヒバニー","Hibanny","염버니","炎兔兒","Flambino","Hopplo","Scorbunny","Scorbunny","Scorbunny","ヒバニー","炎兔儿"
"814","raboot","ラビフット","Rabbifuto","래비풋","騰蹴小將","Lapyro","Kickerlo","Raboot","Raboot","Raboot","ラビフット","腾蹴小将"
"815","cinderace","エースバーン","Aceburn","에이스번","閃焰王牌","Pyrobut","Liberlo","Cinderace","Cinderace","Cinderace","エースバーン","闪焰王牌"
"816","sobble","メッソン","Messon","울머기","淚眼蜥","Larméléon","Memmeon","Sobble","Sobble","Sobble","メッソン","泪眼蜥"
"817","drizzile","ジメレオン","Jimereon","누겔레온","變澀蜥","Arrozard","Phlegleon","Drizzile","Drizzile","Drizzile","ジメレオン","变涩蜥"
"818","inteleon","インテレオン","Intereon","인텔리레온","千面避役","Lézargus","Intelleon","Inteleon","Inteleon","Inteleon","インテレオン","千面避役"
"819","skwovet","ホシガリス","Hoshigarisu","탐리스","貪心栗鼠","Rongourmand","Raffel","Skwovet","Skwovet","Skwovet","ホシガリス","贪心栗鼠"
"820","greedent","ヨクバリス","Yokubarisu","요씽리스","藏飽栗鼠","Rongrigou","Schlaraffel","Greedent","Greedent","Greedent","ヨクバリス","藏饱栗鼠"
"821","rookidee","ココガラ","Kokogara","파라꼬","稚山雀","Minisange","Meikro","Rookidee","Rookidee","Rookidee","ココガラ","稚山雀"
"822","corvisquire","アオガラス","Aogarasu","파크로우","藍鴉","Bleuseille","Kranoviz","Corvisquire","Corvisquire","Corvisquire","アオガラス","蓝鸦"
"823","corviknight","アーマーガア","Armorga","아머까오","鋼鎧鴉","Corvaillus","Krarmor","Corviknight","Corviknight","Corviknight","アーマーガア","钢铠鸦"
"824","blipbug","サッチムシ","Sacchimushi","두루지벌레","索偵蟲","Larvadar","Sensect","Blipbug","Blipbug","Blipbug","サッチムシ","索侦虫"
"825","dottler","レドームシ","Redomushi","레돔벌레","天罩蟲","Coléodôme","Keradar","Dottler","Dottler","Dottler","レドームシ","天罩虫"
"826","orbeetle","イオルブ","Eolb","이올브","以歐路普","Astronelle","Maritellit","Orbeetle","Orbeetle","Orbeetle","イオルブ","以欧路普"
"827","nickit","クスネ","Kusune","훔처우","偷兒狐","Goupilou","Kleptifux","Nickit","Nickit","Nickit","クスネ","狡小狐"
"828","thievul","フォクスライ","Foxly","폭슬라이","狐大盜","Roublenard","Gaunux","Thievul","Thievul","Thievul","フォクスライ","猾大狐"
"829","gossifleur","ヒメンカ","Himenka","꼬모카","幼棉棉","Tournicoton","Cottini","Gossifleur","Gossifleur","Gossifleur","ヒメンカ","幼棉棉"
"830","eldegoss","ワタシラガ","Watashiraga","백솜모카","白蓬蓬","Blancoton","Cottomi","Eldegoss","Eldegoss","Eldegoss","ワタシラガ","白蓬蓬"
"831","wooloo","ウールー","Wooluu","우르","毛辮羊","Moumouton","Wolly","Wooloo","Wooloo","Wooloo","ウールー","毛辫羊"
"832","dubwool","バイウールー","Baiwooluu","배우르","毛毛角羊","Moumouflon","Zwollock","Dubwool","Dubwool","Dubwool","バイウールー","毛毛角羊"
"833","chewtle","カムカメ","Kamukame","깨물부기","咬咬龜","Khélocrok","Kamehaps","Chewtle","Chewtle","Chewtle","カムカメ","咬咬龟"
"834","drednaw","カジリガメ","Kajirigame","갈가부기","暴噬龜","Torgamord","Kamalm","Drednaw","Drednaw","Drednaw","カジリガメ","暴噬龟"
"835","yamper","ワンパチ","Wanpachi","멍파치","來電汪","Voltoutou","Voldi","Yamper","Yamper","Yamper","ワンパチ","来电汪"
"836","boltund","パルスワン","Pulsewan","펄스멍","逐電犬","Fulgudog","Bellektro","Boltund","Boltund","Boltund","パルスワン","逐电犬"
"837","rolycoly","タンドン","Tandon","탄동","小炭仔","Charbi","Klonkett","Rolycoly","Rolycoly","Rolycoly","タンドン","小炭仔"
"838","carkol","トロッゴン","Toroggon","탄차곤","大炭車","Wagomine","Wagong","Carkol","Carkol","Carkol","トロッゴン","大炭车"
"839","coalossal","セキタンザン","Sekitanzan","석탄산","巨炭山","Monthracite","Montecarbo","Coalossal","Coalossal","Coalossal","セキタンザン","巨炭山"
"840","applin","カジッチュ","Kajicchu","과사삭벌레","啃果蟲","Verpom","Knapfel","Applin","Applin","Applin","カジッチュ","啃果虫"
"841","flapple","アップリュー","Appryu","애프룡","蘋裹龍","Pomdrapi","Drapfel","Flapple","Flapple","Flapple","アップリュー","苹裹龙"
"842","appletun","タルップル","Tarupple","단지래플","豐蜜龍","Dratatin","Schlapfel","Appletun","Appletun","Appletun","タルップル","丰蜜龙"
"843","silicobra","スナヘビ","Sunahebi","모래뱀","沙包蛇","Dunaja","Salanga","Silicobra","Silicobra","Silicobra","スナヘビ","沙包蛇"
"844","sandaconda","サダイジャ","Sadaija","사다이사","沙螺蟒","Dunaconda","Sanaconda","Sandaconda","Sandaconda","Sandaconda","サダイジャ","沙螺蟒"
"845","cramorant","ウッウ","Uu","윽우지","古月鳥","Nigosier","Urgl","Cramorant","Cramorant","Cramorant","ウッウ","古月鸟"
"846","arrokuda","サシカマス","Sasikamasu","찌로꼬치","刺梭魚","Embrochet","Pikuda","Arrokuda","Arrokuda","Arrokuda","サシカマス","刺梭鱼"
"847","barraskewda","カマスジョー","Kamasujaw","꼬치조","戽斗尖梭","Hastacuda","Barrakiefa","Barraskewda","Barraskewda","Barraskewda","カマスジョー","戽斗尖梭"
"848","toxel","エレズン","Eleson","일레즌","毒電嬰","Toxizap","Toxel","Toxel","Toxel","Toxel","エレズン","电音婴"
"849","toxtricity","ストリンダー","Strinder","스트린더","顫弦蠑螈","Salarsen","Riffex","Toxtricity","Toxtricity","Toxtricity","ストリンダー","颤弦蝾螈"
"850","sizzlipede","ヤクデ","Yakude","태우지네","燒火蚣","Grillepattes","Thermopod","Sizzlipede","Sizzlipede","Sizzlipede","ヤクデ","烧火蚣"
"851","centiskorch","マルヤクデ","Maruyakude","다태우지네","焚焰蚣","Scolocendre","Infernopod","Centiskorch","Centiskorch","Centiskorch","マルヤクデ","焚焰蚣"
"852","clobbopus","タタッコ","Tatakko","때때무노","拳拳蛸","Poulpaf","Klopptopus","Clobbopus","Clobbopus","Clobbopus","タタッコ","拳拳蛸"
"853","grapploct","オトスパス","Otosupus","케오퍼스","八爪武師","Krakos","Kaocto","Grapploct","Grapploct","Grapploct","オトスパス","八爪武师"
"854","sinistea","ヤバチャ","Yabacha","데인차","來悲茶","Théffroi","Fatalitee","Sinistea","Sinistea","Sinistea","ヤバチャ","来悲茶"
"855","polteageist","ポットデス","Potdeath","포트데스","怖思壺","Polthégeist","Mortipot","Polteageist","Polteageist","Polteageist","ポットデス","怖思壶"
"856","hatenna","ミブリム","Mibrim","몸지브림","迷布莉姆","Bibichut","Brimova","Hatenna","Hatenna","Hatenna","ミブリム","迷布莉姆"
"857","hattrem","テブリム","Tebrim","손지브림","提布莉姆","Chapotus","Brimano","Hattrem","Hattrem","Hattrem","テブリム","提布莉姆"
"858","hatterene","ブリムオン","Brimuon","브리무음","布莉姆溫","Sorcilence","Silembrim","Hatterene","Hatterene","Hatterene","ブリムオン","布莉姆温"
"859","impidimp","ベロバー","Beroba","메롱꿍","搗蛋小妖","Grimalin","Bähmon","Impidimp","Impidimp","Impidimp","ベロバー","捣蛋小妖"
"860","morgrem","ギモー","Gimoh","쏘겨모","詐唬魔","Fourbelin","Pelzebub","Morgrem","Morgrem","Morgrem","ギモー","诈唬魔"
"861","grimmsnarl","オーロンゲ","Ohlonge","오롱털","長毛巨魔","Angoliath","Olangaar","Grimmsnarl","Grimmsnarl","Grimmsnarl","オーロンゲ","长毛巨魔"
"862","obstagoon","タチフサグマ","Tachifusaguma","가로막구리","堵攔熊","Ixon","Barrikadax","Obstagoon","Obstagoon","Obstagoon","タチフサグマ","堵拦熊"
"863","perrserker","ニャイキング","Nyaiking","나이킹","喵頭目","Berserkatt","Mauzinger","Perrserker","Perrserker","Perrserker","ニャイキング","喵头目"
"864","cursola","サニゴーン","Sunigoon","산호르곤","魔靈珊瑚","Corayôme","Gorgasonn","Cursola","Cursola","Cursola","サニゴーン","魔灵珊瑚"
"865","sirfetchd","ネギガナイト","Negigaknight","창파나이트","蔥遊兵","Palarticho","Lauchzelot","Sirfetch’d","Sirfetch’d","Sirfetch’d","ネギガナイト","葱游兵"
"866","mr-rime","バリコオル","Barrikohru","마임꽁꽁","踏冰人偶","M. Glaquette","Pantifrost","Mr. Rime","Mr. Rime","Mr. Rime","バリコオル","踏冰人偶"
"867","runerigus","デスバーン","Deathbarn","데스판","死神板","Tutétékri","Oghnatoll","Runerigus","Runerigus","Runerigus","デスバーン","迭失板"
"868","milcery","マホミル","Mahomil","마빌크","小仙奶","Crèmy","Hokumil","Milcery","Milcery","Milcery","マホミル","小仙奶"
"869","alcremie","マホイップ","Mawhip","마휘핑","霜奶仙","Charmilly","Pokusan","Alcremie","Alcremie","Alcremie","マホイップ","霜奶仙"
"870","falinks","タイレーツ","Tairetsu","대여르","列陣兵","Hexadron","Legios","Falinks","Falinks","Falinks","タイレーツ","列阵兵"
"871","pincurchin","バチンウニ","Bachinuni","찌르성게","啪嚓海膽","Wattapik","Britzigel","Pincurchin","Pincurchin","Pincurchin","バチンウニ","啪嚓海胆"
"872","snom","ユキハミ","Yukihami","누니머기","雪吞蟲","Frissonille","Snomnom","Snom","Snom","Snom","ユキハミ","雪吞虫"
"873","frosmoth","モスノウ","Mothnow","모스노우","雪絨蛾","Beldeneige","Mottineva","Frosmoth","Frosmoth","Frosmoth","モスノウ","雪绒蛾"
"874","stonjourner","イシヘンジン","Ishihengin","돌헨진","巨石丁","Dolman","Humanolith","Stonjourner","Stonjourner","Stonjourner","イシヘンジン","巨石丁"
"875","eiscue","コオリッポ","Korippo","빙큐보","冰砌鵝","Bekaglaçon","Kubuin","Eiscue","Eiscue","Eiscue","コオリッポ","冰砌鹅"
"876","indeedee","イエッサン","Yessan","에써르","愛管侍","Wimessir","Servol","Indeedee","Indeedee","Indeedee","イエッサン","爱管侍"
"877","morpeko","モルペコ","Morpeko","모르페코","莫魯貝可","Morpeko","Morpeko","Morpeko","Morpeko","Morpeko","モルペコ","莫鲁贝可"
"878","cufant","ゾウドウ","Zoudou","끼리동","銅象","Charibari","Kupfanti","Cufant","Cufant","Cufant","ゾウドウ","铜象"
"879","copperajah","ダイオウドウ","Daioudou","대왕끼리동","大王銅象","Pachyradjah","Patinaraja","Copperajah","Copperajah","Copperajah","ダイオウドウ","大王铜象"
"880","dracozolt","パッチラゴン","Patchiragon","파치래곤","雷鳥龍","Galvagon","Lectragon","Dracozolt","Dracozolt","Dracozolt","パッチラゴン","雷鸟龙"
"881","arctozolt","パッチルドン","Patchilldon","파치르돈","雷鳥海獸","Galvagla","Lecryodon","Arctozolt","Arctozolt","Arctozolt","パッチルドン","雷鸟海兽"
"882","dracovish","ウオノラゴン","Uonoragon","어래곤","鰓魚龍","Hydragon","Pescragon","Dracovish","Dracovish","Dracovish","ウオノラゴン","鳃鱼龙"
"883","arctovish","ウオチルドン","Uochilldon","어치르돈","鰓魚海獸","Hydragla","Pescryodon","Arctovish","Arctovish","Arctovish","ウオチルドン","鳃鱼海兽"
"884","duraludon","ジュラルドン","Duraludon","두랄루돈","鋁鋼龍","Duralugon","Duraludon","Duraludon","Duraludon","Duraludon","ジュラルドン","铝钢龙"
"885","dreepy","ドラメシヤ","Dorameshiya","드라꼰","多龍梅西亞","Fantyrm","Grolldra","Dreepy","Dreepy","Dreepy","ドラメシヤ","多龙梅西亚"
"886","drakloak","ドロンチ","Doronch","드래런치","多龍奇","Dispareptil","Phandra","Drakloak","Drakloak","Drakloak","ドロンチ","多龙奇"
"887","dragapult","ドラパルト","Dorapult","드래펄트","多龍巴魯托","Lanssorien","Katapuldra","Dragapult","Dragapult","Dragapult","ドラパルト","多龙巴鲁托"
"888","zacian","ザシアン","Zacian","자시안","蒼響","Zacian","Zacian","Zacian","Zacian","Zacian","ザシアン","苍响"
"889","zamazenta","ザマゼンタ","Zamazenta","자마젠타","藏瑪然特","Zamazenta","Zamazenta","Zamazenta","Zamazenta","Zamazenta","ザマゼンタ","藏玛然特"
"890","eternatus","ムゲンダイナ","Mugendina","무한다이노","無極汰那","Éthernatos","Endynalos","Eternatus","Eternatus","Eternatus","ムゲンダイナ","无极汰那"
"891","kubfu","ダクマ","Dakuma","치고마","熊徒弟","Wushours","Dakuma","Kubfu","Kubfu","Kubfu","ダクマ","熊徒弟"
"892","urshifu","ウーラオス","Wulaosu","우라오스","武道熊師","Shifours","Wulaosu","Urshifu","Urshifu","Urshifu","ウーラオス","武道熊师"
"893","zarude","ザルード","Zarude","자루도","薩戮德","Zarude","Zarude","Zarude","Zarude","Zarude","ザルード","萨戮德"
"894","regieleki","レジエレキ","Regieleki","레지에레키","雷吉艾勒奇","Regieleki","Regieleki","Regieleki","Regieleki","Regieleki","レジエレキ","雷吉艾勒奇"
"895","regidrago","レジドラゴ","Regidorago","레지드래고","雷吉鐸拉戈","Regidrago","Regidrago","Regidrago","Regidrago","Regidrago","レジドラゴ","雷吉铎拉戈"
"896","glastrier","ブリザポス","Blizzapos","블리자포스","雪暴馬","Blizzeval","Polaross","Glastrier","Glastrier","Glastrier","ブリザポス","雪暴马"
"897","spectrier","レイスポス","Wraithpos","레이스포스","靈幽馬","Spectreval","Phantoross","Spectrier","Spectrier","Spectrier","レイスポス","灵幽马"
"898","calyrex","バドレックス","Budrex","버드렉스","蕾冠王","Sylveroy","Coronospa","Calyrex","Calyrex","Calyrex","バドレックス","蕾冠王"
"899","wyrdeer","アヤシシ","Ayashishi","신비록","詭角鹿","Cerbyllin","Damythir","Wyrdeer","Wyrdeer","Wyrdeer","アヤシシ","诡角鹿"
"900","kleavor","バサギリ","Basagiri","사마자르","劈斧螳螂","Hachécateur","Axantor","Kleavor","Kleavor","Kleavor","バサギリ","劈斧螳螂"
"901","ursaluna","ガチグマ","Gachiguma","다투곰","月月熊","Ursaking","Ursaluna","Ursaluna","Ursaluna","Ursaluna","ガチグマ","月月熊"
"902","basculegion","イダイトウ","Idaitou","대쓰여너","幽尾玄魚","Paragruel","Salmagnis","Basculegion","Basculegion","Basculegion","イダイトウ","幽尾玄鱼"
"903","sneasler","オオニューラ","Oonyura","포푸니크","大狃拉","Farfurex","Snieboss","Sneasler","Sneasler","Sneasler","オオニューラ","大狃拉"
"904","overqwil","ハリーマン","Hariman","장침바루","萬針魚","Qwilpik","Myriador","Overqwil","Overqwil","Overqwil","ハリーマン","万针鱼"
"905","enamorus","ラブトロス","Lovetolos","러브로스","眷戀雲","Amovénus","Cupidos","Enamorus","Enamorus","Enamorus","ラブトロス","眷恋云"
"906","sprigatito","ニャオハ","Nyahoja","나오하","新葉喵","Poussacha","Felori","Sprigatito","Sprigatito","Sprigatito","ニャオハ","新叶喵"
"907","floragato","ニャローテ","Nyarote","나로테","蒂蕾喵","Matourgeon","Feliospa","Floragato","Floragato","Floragato","ニャローテ","蒂蕾喵"
"908","meowscarada","マスカーニャ","Masquernya","마스카나","魔幻假面喵","Miascarade","Maskagato","Meowscarada","Meowscarada","Meowscarada","マスカーニャ","魔幻假面喵"
"909","fuecoco","ホゲータ","Hogator","뜨아거","呆火鱷","Chochodile","Krokel","Fuecoco","Fuecoco","Fuecoco","ホゲータ","呆火鳄"
"910","crocalor","アチゲータ","Achigator","악뜨거","炙燙鱷","Crocogril","Lokroko","Crocalor","Crocalor","Crocalor","アチゲータ","炙烫鳄"
"911","skeledirge","ラウドボーン","Laudbon","라우드본","骨紋巨聲鱷","Flâmigator","Skelokrok","Skeledirge","Skeledirge","Skeledirge","ラウドボーン","骨纹巨声鳄"
"912","quaxly","クワッス","Kuwassu","꾸왁스","潤水鴨","Coiffeton","Kwaks","Quaxly","Quaxly","Quaxly","クワッス","润水鸭"
"913","quaxwell","ウェルカモ","Welkamo","아꾸왁","湧躍鴨","Canarbello","Fuentente","Quaxwell","Quaxwell","Quaxwell","ウェルカモ","涌跃鸭"
"914","quaquaval","ウェーニバル","Wanival","웨이니발","狂歡浪舞鴨","Palmaval","Bailonda","Quaquaval","Quaquaval","Quaquaval","ウェーニバル","狂欢浪舞鸭"
"915","lechonk","グルトン","Gourton","맛보돈","愛吃豚","Gourmelet","Ferkuli","Lechonk","Lechonk","Lechonk","グルトン","爱吃豚"
"916","oinkologne","パフュートン","Perfuton","퍼퓨돈","飄香豚","Fragroin","Fragrunz","Oinkologne","Oinkologne","Oinkologne","パフュートン","飘香豚"
"917","tarountula","タマンチュラ","Tamantula","타랜툴라","團珠蛛","Tissenboule","Tarundel","Tarountula","Tarountula","Tarountula","タマンチュラ","团珠蛛"
"918","spidops","ワナイダー","Wanaider","트래피더","操陷蛛","Filentrappe","Spinsidias","Spidops","Spidops","Spidops","ワナイダー","操陷蛛"
"919","nymble","マメバッタ","Mamebatta","콩알뚜기","豆蟋蟀","Lilliterelle","Micrick","Nymble","Nymble","Nymble","マメバッタ","豆蟋蟀"
"920","lokix","エクスレッグ","Exleg","엑스레그","烈腿蝗","Gambex","Lextremo","Lokix","Lokix","Lokix","エクスレッグ","烈腿蝗"
"921","pawmi","パモ","Pamo","빠모","布撥","Pohm","Pamo","Pawmi","Pawmi","Pawmi","パモ","布拨"
"922","pawmo","パモット","Pamot","빠모트","布土撥","Pohmotte","Pamamo","Pawmo","Pawmo","Pawmo","パモット","布土拨"
"923","pawmot","パーモット","Parmot","빠르모트","巴布土撥","Pohmarmotte","Pamomamo","Pawmot","Pawmot","Pawmot","パーモット","巴布土拨"
"924","tandemaus","ワッカネズミ","Wakkanezumi","두리쥐","一對鼠","Compagnol","Zwieps","Tandemaus","Tandemaus","Tandemaus","ワッカネズミ","一对鼠"
"925","maushold","イッカネズミ","Ikkanezumi","파밀리쥐","一家鼠","Famignol","Famieps","Maushold","Maushold","Maushold","イッカネズミ","一家鼠"
"926","fidough","パピモッチ","Pupimocchi","쫀도기","狗仔包","Pâtachiot","Hefel","Fidough","Fidough","Fidough","パピモッチ","狗仔包"
"927","dachsbun","バウッツェル","Bowtzel","바우첼","麻花犬","Briochien","Backel","Dachsbun","Dachsbun","Dachsbun","バウッツェル","麻花犬"
"928","smoliv","ミニーブ","Minive","미니브","迷你芙","Olivini","Olini","Smoliv","Smoliv","Smoliv","ミニーブ","迷你芙"
"929","dolliv","オリーニョ","Olinyo","올리뇨","奧利紐","Olivado","Olivinio","Dolliv","Dolliv","Dolliv","オリーニョ","奥利纽"
"930","arboliva","オリーヴァ","Oliva","올리르바","奧利瓦","Arboliva","Olithena","Arboliva","Arboliva","Arboliva","オリーヴァ","奥利瓦"
"931","squawkabilly","イキリンコ","Ikirinko","시비꼬","怒鸚哥","Tapatoès","Krawalloro","Squawkabilly","Squawkabilly","Squawkabilly","イキリンコ","怒鹦哥"
"932","nacli","コジオ","Kojio","베베솔트","鹽石寶","Selutin","Geosali","Nacli","Nacli","Nacli","コジオ","盐石宝"
"933","naclstack","ジオヅム","Jiodumu","스태솔트","鹽石壘","Amassel","Sedisal","Naclstack","Naclstack","Naclstack","ジオヅム","盐石垒"
"934","garganacl","キョジオーン","Kyojiohn","콜로솔트","鹽石巨靈","Gigansel","Saltigant","Garganacl","Garganacl","Garganacl","キョジオーン","盐石巨灵"
"935","charcadet","カルボウ","Carbou","카르본","炭小侍","Charbambin","Knarbon","Charcadet","Charcadet","Charcadet","カルボウ","炭小侍"
"936","armarouge","グレンアルマ","Gurenarma","카디나르마","紅蓮鎧騎","Carmadura","Crimanzo","Armarouge","Armarouge","Armarouge","グレンアルマ","红莲铠骑"
"937","ceruledge","ソウブレイズ","Soublades","파라블레이즈","蒼炎刃鬼","Malvalame","Azugladis","Ceruledge","Ceruledge","Ceruledge","ソウブレイズ","苍炎刃鬼"
"938","tadbulb","ズピカ","Zupika","빈나두","光蚪仔","Têtampoule","Blipp","Tadbulb","Tadbulb","Tadbulb","ズピカ","光蚪仔"
"939","bellibolt","ハラバリー","Harabarie","찌리배리","電肚蛙","Ampibidou","Wampitz","Bellibolt","Bellibolt","Bellibolt","ハラバリー","电肚蛙"
"940","wattrel","カイデン","Kaiden","찌리비","電海燕","Zapétrel","Voltrel","Wattrel","Wattrel","Wattrel","カイデン","电海燕"
"941","kilowattrel","タイカイデン","Taikaiden","찌리비크","大電海燕","Fulgulairo","Voltrean","Kilowattrel","Kilowattrel","Kilowattrel","タイカイデン","大电海燕"
"942","maschiff","オラチフ","Orachifu","오라티프","偶叫獒","Grondogue","Mobtiff","Maschiff","Maschiff","Maschiff","オラチフ","偶叫獒"
"943","mabosstiff","マフィティフ","Mafitiff","마피티프","獒教父","Dogrino","Mastifioso","Mabosstiff","Mabosstiff","Mabosstiff","マフィティフ","獒教父"
"944","shroodle","シルシュルー","Shirushrew","땃쭈르","滋汁鼴","Gribouraigne","Sproxi","Shroodle","Shroodle","Shroodle","シルシュルー","滋汁鼹"
"945","grafaiai","タギングル","Taggingru","태깅구르","塗標客","Tag-Tag","Affiti","Grafaiai","Grafaiai","Grafaiai","タギングル","涂标客"
"946","bramblin","アノクサ","Anokusa","그푸리","納噬草","Virovent","Weherba","Bramblin","Bramblin","Bramblin","アノクサ","纳噬草"
"947","brambleghast","アノホラグサ","Anohoragusa","공푸리","怖納噬草","Virevorreur","Horrerba","Brambleghast","Brambleghast","Brambleghast","アノホラグサ","怖纳噬草"
"948","toedscool","ノノクラゲ","Nonokurage","들눈해","原野水母","Terracool","Tentagra","Toedscool","Toedscool","Toedscool","ノノクラゲ","原野水母"
"949","toedscruel","リククラゲ","Rikukurage","육파리","陸地水母","Terracruel","Tenterra","Toedscruel","Toedscruel","Toedscruel","リククラゲ","陆地水母"
"950","klawf","ガケガニ","Gakegani","절벼게","毛崖蟹","Craparoi","Klibbe","Klawf","Klawf","Klawf","ガケガニ","毛崖蟹"
"951","capsakid","カプサイジ","Capsaiji","캡싸이","熱辣娃","Pimito","Chilingel","Capsakid","Capsakid","Capsakid","カプサイジ","热辣娃"
"952","scovillain","スコヴィラン","Scovillain","스코빌런","狠辣椒","Scovilain","Halupenjo","Scovillain","Scovillain","Scovillain","スコヴィラン","狠辣椒"
"953","rellor","シガロコ","Shigaroko","구르데","蟲滾泥","Léboulérou","Relluk","Rellor","Rellor","Rellor","シガロコ","虫滚泥"
"954","rabsca","ベラカス","Beracas","베라카스","蟲甲聖","Bérasca","Skarabaks","Rabsca","Rabsca","Rabsca","ベラカス","虫甲圣"
"955","flittle","ヒラヒナ","Hirahina","하느라기","飄飄雛","Flotillon","Flattutu","Flittle","Flittle","Flittle","ヒラヒナ","飘飘雏"
"956","espathra","クエスパトラ","Cuespatra","클레스퍼트라","超能艷鴕","Cléopsytra","Psiopatra","Espathra","Espathra","Espathra","クエスパトラ","超能艳鸵"
"957","tinkatink","カヌチャン","Kanuchan","어리짱","小鍛匠","Forgerette","Forgita","Tinkatink","Tinkatink","Tinkatink","カヌチャン","小锻匠"
"958","tinkatuff","ナカヌチャン","Nakanuchan","벼리짱","巧鍛匠","Forgella","Tafforgita","Tinkatuff","Tinkatuff","Tinkatuff","ナカヌチャン","巧锻匠"
"959","tinkaton","デカヌチャン","Dekanuchan","두드리짱","巨鍛匠","Forgelina","Granforgita","Tinkaton","Tinkaton","Tinkaton","デカヌチャン","巨锻匠"
"960","wiglett","ウミディグダ","Umidigda","바다그다","海地鼠","Taupikeau","Schligda","Wiglett","Wiglett","Wiglett","ウミディグダ","海地鼠"
"961","wugtrio","ウミトリオ","Umitrio","바닥트리오","三海地鼠","Triopikeau","Schligdri","Wugtrio","Wugtrio","Wugtrio","ウミトリオ","三海地鼠"
"962","bombirdier","オトシドリ","Otoshidori","떨구새","下石鳥","Lestombaile","Adebom","Bombirdier","Bombirdier","Bombirdier","オトシドリ","下石鸟"
"963","finizen","ナミイルカ","Namiiruka","맨돌핀","波普海豚","Dofin","Normifin","Finizen","Finizen","Finizen","ナミイルカ","波普海豚"
"964","palafin","イルカマン","Irukaman","돌핀맨","海豚俠","Superdofin","Delfinator","Palafin","Palafin","Palafin","イルカマン","海豚侠"
"965","varoom","ブロロン","Buroron","부르롱","噗隆隆","Vrombi","Knattox","Varoom","Varoom","Varoom","ブロロン","噗隆隆"
"966","revavroom","ブロロローム","Burororoom","부르르룸","普隆隆姆","Vrombotor","Knattatox","Revavroom","Revavroom","Revavroom","ブロロローム","普隆隆姆"
"967","cyclizar","モトトカゲ","Mototokage","모토마","摩托蜥","Motorizard","Mopex","Cyclizar","Cyclizar","Cyclizar","モトトカゲ","摩托蜥"
"968","orthworm","ミミズズ","Mimizuzu","꿈트렁","拖拖蚓","Ferdeter","Schlurm","Orthworm","Orthworm","Orthworm","ミミズズ","拖拖蚓"
"969","glimmet","キラーメ","Kirame","초롱순","晶光芽","Germéclat","Lumispross","Glimmet","Glimmet","Glimmet","キラーメ","晶光芽"
"970","glimmora","キラフロル","Kiraflor","킬라플로르","晶光花","Floréclat","Lumiflora","Glimmora","Glimmora","Glimmora","キラフロル","晶光花"
"971","greavard","ボチ","Bochi","망망이","墓仔狗","Toutombe","Gruff","Greavard","Greavard","Greavard","ボチ","墓仔狗"
"972","houndstone","ハカドッグ","Hakadog","묘두기","墓揚犬","Tomberro","Friedwuff","Houndstone","Houndstone","Houndstone","ハカドッグ","墓扬犬"
"973","flamigo","カラミンゴ","Karamingo","꼬이밍고","纏紅鶴","Flamenroule","Flaminkno","Flamigo","Flamigo","Flamigo","カラミンゴ","纏红鹤"
"974","cetoddle","アルクジラ","Arukujira","터벅고래","走鯨","Piétacé","Flaniwal","Cetoddle","Cetoddle","Cetoddle","アルクジラ","走鲸"
"975","cetitan","ハルクジラ","Hulkujira","우락고래","浩大鯨","Balbalèze","Kolowal","Cetitan","Cetitan","Cetitan","ハルクジラ","浩大鲸"
"976","veluza","ミガルーサ","Migalusa","가비루사","輕身鱈","Délestin","Agiluza","Veluza","Veluza","Veluza","ミガルーサ","轻身鳕"
"977","dondozo","ヘイラッシャ","Heyrusher","어써러셔","吃吼霸","Oyacata","Heerashai","Dondozo","Dondozo","Dondozo","ヘイラッシャ","吃吼霸"
"978","tatsugiri","シャリタツ","Syaritatsu","싸리용","米立龍","Nigirigon","Nigiragi","Tatsugiri","Tatsugiri","Tatsugiri","シャリタツ","米立龙"
"979","annihilape","コノヨザル","Konoyozaru","저승갓숭","棄世猴","Courrousinge","Epitaff","Annihilape","Annihilape","Annihilape","コノヨザル","弃世猴"
"980","clodsire","ドオー","Dooh","토오","土王","Terraiste","Suelord","Clodsire","Clodsire","Clodsire","ドオー","土王"
"981","farigiraf","リキキリン","Rikikirin","키키링","奇麒麟","Farigiraf","Farigiraf","Farigiraf","Farigiraf","Farigiraf","リキキリン","奇麒麟"
"982","dudunsparce","ノココッチ","Nokokocchi","노고고치","土龍節節","Deusolourdo","Dummimisel","Dudunsparce","Dudunsparce","Dudunsparce","ノココッチ","土龙节节"
"983","kingambit","ドドゲザン","Dodogezan","대도각참","仆刀將軍","Scalpereur","Gladimperio","Kingambit","Kingambit","Kingambit","ドドゲザン","仆刀将军"
"984","great-tusk","イダイナキバ","Idainakiba","위대한엄니","雄偉牙","Fort-Ivoire","Riesenzahn","Colmilargo","Grandizanne","Great Tusk","イダイナキバ","雄伟牙"
"985","scream-tail","サケブシッポ","Sakebushippo","우렁찬꼬리","吼叫尾","Hurle-Queue","Brüllschweif","Colagrito","Codaurlante","Scream Tail","サケブシッポ","吼叫尾"
"986","brute-bonnet","アラブルタケ","Araburutake","사나운버섯","猛惡菇","Fongus-Furie","Wutpilz","Furioseta","Fungofurioso","Brute Bonnet","アラブルタケ","猛恶菇"
"987","flutter-mane","ハバタクカミ","Habatakukami","날개치는머리","振翼髮","Flotte-Mèche","Flatterhaar","Melenaleteo","Crinealato","Flutter Mane","ハバタクカミ","振翼发"
"988","slither-wing","チヲハウハネ","Chiwohauhane","땅을기는날개","爬地翅","Rampe-Ailes","Kriechflügel","Reptalada","Alirasenti","Slither Wing","チヲハウハネ","爬地翅"
"989","sandy-shocks","スナノケガワ","Sunanokegawa","모래털가죽","沙鐵皮","Pelage-Sablé","Sandfell","Pelarena","Peldisabbia","Sandy Shocks","スナノケガワ","沙铁皮"
"990","iron-treads","テツノワダチ","Tetsunowadachi","무쇠바퀴","鐵轍跡","Roue-de-Fer","Eisenrad","Ferrodada","Solcoferreo","Iron Treads","テツノワダチ","铁轍迹"
"991","iron-bundle","テツノツツミ","Tetsunotsutsumi","무쇠보따리","鐵包袱","Hotte-de-Fer","Eisenbündel","Ferrosaco","Saccoferreo","Iron Bundle","テツノツツミ","铁包袱"
"992","iron-hands","テツノカイナ","Tetsunokaina","무쇠손","鐵臂膀","Paume-de-Fer","Eisenhand","Ferropalmas","Manoferrea","Iron Hands","テツノカイナ","铁臂膀"
"993","iron-jugulis","テツノコウベ","Tetsunokoube","무쇠머리","鐵脖頸","Têtes-de-Fer","Eisenhals","Ferrocuello","Colloferreo","Iron Jugulis","テツノコウベ","铁脖颈"
"994","iron-moth","テツノドクガ","Tetsunodokuga","무쇠독나방","鐵毒蛾","Mite-de-Fer","Eisenfalter","Ferropolilla","Falenaferrea","Iron Moth","テツノドクガ","铁毒蛾"
"995","iron-thorns","テツノイバラ","Tetsunoibara","무쇠가시","鐵荊棘","Épine-de-Fer","Eisendorn","Ferropúas","Spineferree","Iron Thorns","テツノイバラ","铁荆棘"
"996","frigibax","セビエ","Sebie","드니차","涼脊龍","Frigodo","Frospino","Frigibax","Frigibax","Frigibax","セビエ","凉脊龙"
"997","arctibax","セゴール","Segohru","드니꽁","凍脊龍","Cryodo","Cryospino","Arctibax","Arctibax","Arctibax","セゴール","冻脊龙"
"998","baxcalibur","セグレイブ","Seglaive","드닐레이브","戟脊龍","Glaivodo","Espinodon","Baxcalibur","Baxcalibur","Baxcalibur","セグレイブ","戟脊龙"
"999","gimmighoul","コレクレー","Collecurei","모으령","索財靈","Mordudor","Gierspenst","Gimmighoul","Gimmighoul","Gimmighoul","コレクレー","索财灵"
"1000","gholdengo","サーフゴー","Surfugo","타부자고","賽富豪","Gromago","Monetigo","Gholdengo","Gholdengo","Gholdengo","サーフゴー","赛富豪"
"1001","wo-chien","チオンジェン","Chionjen","총지엔","古簡蝸","Chongjian","Chongjian","Wo-Chien","Wo-Chien","Wo-Chien","チオンジェン","古简蜗"
"1002","chien-pao","パオジアン","Paojian","파오젠","古劍豹","Baojian","Baojian","Chien-Pao","Chien-Pao","Chien-Pao","パオジアン","古剑豹"
"1003","ting-lu","ディンルー","Dinlu","딩루","古鼎鹿","Dinglu","Dinglu","Ting-Lu","Ting-Lu","Ting-Lu","ディンルー","古鼎鹿"
"1004","chi-yu","イーユイ","Yiyui","위유이","古玉魚","Yuyu","Yuyu","Chi-Yu","Chi-Yu","Chi-Yu","イーユイ","古玉鱼"
"1005","roaring-moon","トドロクツキ","Todorokutsuki","고동치는달","轟鳴月","Rugit-Lune","Donnersichel","Bramaluna","Lunaruggente","Roaring Moon","トドロクツキ","轰鸣月"
"1006","iron-valiant","テツノブジン","Tetsunobujin","무쇠무인","鐵武者","Garde-de-Fer","Eisenkrieger","Ferropaladín","Eroeferreo","Iron Valiant","テツノブジン","铁武者"
"1007","koraidon","コライドン","Koraidon","코라이돈","故勒頓","Koraidon","Koraidon","Koraidon","Koraidon","Koraidon","コライドン","故勒顿"
"1008","miraidon","ミライドン","Miraidon","미라이돈","密勒頓","Miraidon","Miraidon","Miraidon","Miraidon","Miraidon","ミライドン","密勒顿"
"1009","walking-wake","ウネルミナモ","Uneruminamo","굽이치는물결","波盪水","Serpente-Eau","Windewoge","Ondulagua","Acquecrespe","Walking Wake","ウネルミナモ","波荡水"
"1010","iron-leaves","テツノイサハ","Tetsunoisaha","무쇠잎새","鐵斑葉","Vert-de-Fer","Eisenblatt","Ferroverdor","Fogliaferrea","Iron Leaves","テツノイサハ","铁斑叶"
"1011","dipplin","カミッチュ",,"과미르","裹蜜蟲","Pomdramour","Sirapfel","Dipplin","Dipplin","Dipplin","カミッチュ","裹蜜虫"
"1012","poltchageist","チャデス",,"차데스","斯魔茶","Poltchageist","Mortcha","Poltchageist","Poltchageist","Poltchageist","チャデス","斯魔茶"
"1013","sinistcha","ヤバソチャ",,"그우린차","來悲粗茶","Théffroyable","Fatalitcha","Sinistcha","Sinistcha","Sinistcha","ヤバソチャ","来悲粗茶"
"1014","okidogi","イイネイヌ",,"조타구","夠讚狗","Félicanis","Boninu","Okidogi","Okidogi","Okidogi","イイネイヌ","够赞狗"
"1015","munkidori","マシマシラ",,"이야후","願增猿","Fortusimia","Benesaru","Munkidori","Munkidori","Munkidori","マシマシラ","愿增猿"
"1016","fezandipiti","キチキギス",,"기로치","吉雉雞","Favianos","Beatori","Fezandipiti","Fezandipiti","Fezandipiti","キチキギス","吉雉鸡"
"1017","ogerpon","オーガポン",,"오거폰","厄鬼椪","Ogerpon","Ogerpon","Ogerpon","Ogerpon","Ogerpon","オーガポン","厄诡椪"
"1018","archaludon","ブリジュラス",,"브리두라스","鋁鋼橋龍","Pondralugon","Briduradon","Archaludon","Archaludon","Archaludon","ブリジュラス","铝钢桥龙"
"1019","hydrapple","カミツオロチ",,"과미드라","蜜集大蛇","Pomdorochi","Hydrapfel","Hydrapple","Hydrapple","Hydrapple","カミツオロチ","蜜集大蛇"
"1020","gouging-fire","ウガツホムラ",,"꿰뚫는화염","破空焰","Feu-Perçant","Keilflamme","Flamariete","Vampeaguzze","Gouging Fire","ウガツホムラ","破空焰"
"1021","raging-bolt","タケルライコ",,"날뛰는우레","猛雷鼓","Ire-Foudre","Furienblitz","Electrofuria","Furiatonante","Raging Bolt","タケルライコ","猛雷鼓"
"1022","iron-boulder","テツノイワオ",,"무쇠암석","铁磐岩","Roc-de-Fer","Eisenfels","Ferromole","Massoferreo","Iron Boulder","テツノイワオ","鐵磐岩"
"1023","iron-crown","テツノカシラ",,"무쇠감투","铁头壳","Chef-de-Fer","Eisenhaupt","Ferrotesta","Capoferreo","Iron Crown","テツノカシラ","鐵頭殼"
"1024","terapagos","テラパゴス",,"테라파고스","太樂巴戈斯","Terapagos","Terapagos","Terapagos","Terapagos","Terapagos","テラパゴス","太乐巴戈斯"
"1025","pecharunt","モモワロウ",,"복숭악동","桃歹郎","Pêchaminus","Infamomo","Pecharunt","Pecharunt","Pecharunt","モモワロウ","桃歹郎"
